{
  "ebizzy.throughput": [
    66812,
    66158,
    66965,
    66778,
    67143
  ],
  "ebizzy.throughput.per_thread.min": [
    4093,
    3919,
    4055,
    4006,
    4111
  ],
  "ebizzy.throughput.per_thread.max": [
    4272,
    4323,
    4501,
    4314,
    4364
  ],
  "ebizzy.throughput.per_thread.stddev_percent": [
    0.06055516789996303,
    0.18677295315570752,
    0.23240792235582353,
    0.14273833781977527,
    0.10161512876555136
  ],
  "ebizzy.time.real": [
    5.0,
    5.0,
    5.0,
    5.0,
    5.0
  ],
  "ebizzy.time.user": [
    9.28,
    9.38,
    9.48,
    9.34,
    9.55
  ],
  "ebizzy.time.sys": [
    30.62,
    30.52,
    30.42,
    30.54,
    30.34
  ]
}