{
  "interrupts.time": [
    1478274313.0534463,
    1478274338.9604511
  ],
  "interrupts.CPU0.0:IO-APIC.2-edge.timer": [
    37,
    37
  ],
  "interrupts.0:IO-APIC.2-edge.timer": [
    37,
    37
  ],
  "interrupts.CPU4.1:IO-APIC.1-edge.i8042": [
    1,
    1
  ],
  "interrupts.CPU5.1:IO-APIC.1-edge.i8042": [
    1,
    1
  ],
  "interrupts.1:IO-APIC.1-edge.i8042": [
    2,
    2
  ],
  "interrupts.CPU0.7:IO-APIC.7-edge": [
    26,
    26
  ],
  "interrupts.7:IO-APIC.7-edge": [
    26,
    26
  ],
  "interrupts.CPU0.8:IO-APIC.8-edge.rtc0": [
    1,
    1
  ],
  "interrupts.8:IO-APIC.8-edge.rtc0": [
    1,
    1
  ],
  "interrupts.CPU4.9:IO-APIC.9-fasteoi.acpi": [
    3,
    3
  ],
  "interrupts.9:IO-APIC.9-fasteoi.acpi": [
    3,
    3
  ],
  "interrupts.CPU0.12:IO-APIC.12-edge.i8042": [
    1,
    1
  ],
  "interrupts.CPU1.12:IO-APIC.12-edge.i8042": [
    1,
    1
  ],
  "interrupts.CPU5.12:IO-APIC.12-edge.i8042": [
    1,
    1
  ],
  "interrupts.CPU6.12:IO-APIC.12-edge.i8042": [
    1,
    1
  ],
  "interrupts.12:IO-APIC.12-edge.i8042": [
    4,
    4
  ],
  "interrupts.CPU0.120:PCI-MSI.376832-edge.0000:00:17.0": [
    10199,
    10334
  ],
  "interrupts.CPU1.120:PCI-MSI.376832-edge.0000:00:17.0": [
    1851,
    1851
  ],
  "interrupts.CPU2.120:PCI-MSI.376832-edge.0000:00:17.0": [
    812,
    812
  ],
  "interrupts.CPU3.120:PCI-MSI.376832-edge.0000:00:17.0": [
    723,
    723
  ],
  "interrupts.CPU4.120:PCI-MSI.376832-edge.0000:00:17.0": [
    3217,
    3218
  ],
  "interrupts.CPU5.120:PCI-MSI.376832-edge.0000:00:17.0": [
    937,
    938
  ],
  "interrupts.CPU6.120:PCI-MSI.376832-edge.0000:00:17.0": [
    552,
    552
  ],
  "interrupts.CPU7.120:PCI-MSI.376832-edge.0000:00:17.0": [
    528,
    529
  ],
  "interrupts.120:PCI-MSI.376832-edge.0000:00:17.0": [
    18819,
    18957
  ],
  "interrupts.CPU0.121:PCI-MSI.327680-edge.xhci_hcd": [
    99,
    99
  ],
  "interrupts.CPU1.121:PCI-MSI.327680-edge.xhci_hcd": [
    1,
    1
  ],
  "interrupts.CPU2.121:PCI-MSI.327680-edge.xhci_hcd": [
    1,
    1
  ],
  "interrupts.CPU4.121:PCI-MSI.327680-edge.xhci_hcd": [
    11,
    11
  ],
  "interrupts.CPU5.121:PCI-MSI.327680-edge.xhci_hcd": [
    17,
    17
  ],
  "interrupts.CPU6.121:PCI-MSI.327680-edge.xhci_hcd": [
    12,
    12
  ],
  "interrupts.CPU7.121:PCI-MSI.327680-edge.xhci_hcd": [
    20,
    20
  ],
  "interrupts.121:PCI-MSI.327680-edge.xhci_hcd": [
    161,
    161
  ],
  "interrupts.CPU0.122:PCI-MSI.32768-edge.i915": [
    1219,
    1219
  ],
  "interrupts.CPU1.122:PCI-MSI.32768-edge.i915": [
    430,
    430
  ],
  "interrupts.CPU2.122:PCI-MSI.32768-edge.i915": [
    297,
    297
  ],
  "interrupts.CPU3.122:PCI-MSI.32768-edge.i915": [
    147,
    147
  ],
  "interrupts.CPU4.122:PCI-MSI.32768-edge.i915": [
    656,
    656
  ],
  "interrupts.CPU5.122:PCI-MSI.32768-edge.i915": [
    220,
    220
  ],
  "interrupts.CPU6.122:PCI-MSI.32768-edge.i915": [
    167,
    167
  ],
  "interrupts.CPU7.122:PCI-MSI.32768-edge.i915": [
    130,
    130
  ],
  "interrupts.122:PCI-MSI.32768-edge.i915": [
    3266,
    3266
  ],
  "interrupts.CPU0.123:PCI-MSI.514048-edge.snd_hda_intel": [
    1,
    1
  ],
  "interrupts.CPU1.123:PCI-MSI.514048-edge.snd_hda_intel": [
    53,
    53
  ],
  "interrupts.CPU2.123:PCI-MSI.514048-edge.snd_hda_intel": [
    3,
    3
  ],
  "interrupts.CPU4.123:PCI-MSI.514048-edge.snd_hda_intel": [
    165,
    165
  ],
  "interrupts.CPU7.123:PCI-MSI.514048-edge.snd_hda_intel": [
    282,
    282
  ],
  "interrupts.123:PCI-MSI.514048-edge.snd_hda_intel": [
    504,
    504
  ],
  "interrupts.CPU0.124:PCI-MSI.2097152-edge.eth0": [
    3146,
    3161
  ],
  "interrupts.CPU1.124:PCI-MSI.2097152-edge.eth0": [
    1835,
    1845
  ],
  "interrupts.CPU2.124:PCI-MSI.2097152-edge.eth0": [
    501,
    505
  ],
  "interrupts.CPU3.124:PCI-MSI.2097152-edge.eth0": [
    366,
    367
  ],
  "interrupts.CPU4.124:PCI-MSI.2097152-edge.eth0": [
    3399,
    3401
  ],
  "interrupts.CPU5.124:PCI-MSI.2097152-edge.eth0": [
    472,
    474
  ],
  "interrupts.CPU6.124:PCI-MSI.2097152-edge.eth0": [
    819,
    824
  ],
  "interrupts.CPU7.124:PCI-MSI.2097152-edge.eth0": [
    326,
    331
  ],
  "interrupts.124:PCI-MSI.2097152-edge.eth0": [
    10864,
    10908
  ],
  "interrupts.CPU0.NMI:Non-maskable_interrupts": [
    0,
    2
  ],
  "interrupts.CPU1.NMI:Non-maskable_interrupts": [
    0,
    2
  ],
  "interrupts.CPU2.NMI:Non-maskable_interrupts": [
    0,
    2
  ],
  "interrupts.CPU3.NMI:Non-maskable_interrupts": [
    0,
    2
  ],
  "interrupts.CPU4.NMI:Non-maskable_interrupts": [
    0,
    2
  ],
  "interrupts.CPU5.NMI:Non-maskable_interrupts": [
    0,
    2
  ],
  "interrupts.CPU6.NMI:Non-maskable_interrupts": [
    0,
    2
  ],
  "interrupts.CPU7.NMI:Non-maskable_interrupts": [
    0,
    2
  ],
  "interrupts.NMI:Non-maskable_interrupts": [
    0,
    16
  ],
  "interrupts.CPU0.LOC:Local_timer_interrupts": [
    19465,
    44589
  ],
  "interrupts.CPU1.LOC:Local_timer_interrupts": [
    15149,
    40294
  ],
  "interrupts.CPU2.LOC:Local_timer_interrupts": [
    13210,
    38475
  ],
  "interrupts.CPU3.LOC:Local_timer_interrupts": [
    13124,
    38790
  ],
  "interrupts.CPU4.LOC:Local_timer_interrupts": [
    10423,
    35527
  ],
  "interrupts.CPU5.LOC:Local_timer_interrupts": [
    8766,
    33897
  ],
  "interrupts.CPU6.LOC:Local_timer_interrupts": [
    7072,
    32183
  ],
  "interrupts.CPU7.LOC:Local_timer_interrupts": [
    7349,
    32643
  ],
  "interrupts.LOC:Local_timer_interrupts": [
    94558,
    296398
  ],
  "interrupts.CPU0.PMI:Performance_monitoring_interrupts": [
    0,
    2
  ],
  "interrupts.CPU1.PMI:Performance_monitoring_interrupts": [
    0,
    2
  ],
  "interrupts.CPU2.PMI:Performance_monitoring_interrupts": [
    0,
    2
  ],
  "interrupts.CPU3.PMI:Performance_monitoring_interrupts": [
    0,
    2
  ],
  "interrupts.CPU4.PMI:Performance_monitoring_interrupts": [
    0,
    2
  ],
  "interrupts.CPU5.PMI:Performance_monitoring_interrupts": [
    0,
    2
  ],
  "interrupts.CPU6.PMI:Performance_monitoring_interrupts": [
    0,
    2
  ],
  "interrupts.CPU7.PMI:Performance_monitoring_interrupts": [
    0,
    2
  ],
  "interrupts.PMI:Performance_monitoring_interrupts": [
    0,
    16
  ],
  "interrupts.CPU0.RTR:APIC_ICR_read_retries": [
    7,
    7
  ],
  "interrupts.RTR:APIC_ICR_read_retries": [
    7,
    7
  ],
  "interrupts.CPU0.RES:Rescheduling_interrupts": [
    751,
    823
  ],
  "interrupts.CPU1.RES:Rescheduling_interrupts": [
    524,
    575
  ],
  "interrupts.CPU2.RES:Rescheduling_interrupts": [
    1099,
    1185
  ],
  "interrupts.CPU3.RES:Rescheduling_interrupts": [
    514,
    559
  ],
  "interrupts.CPU4.RES:Rescheduling_interrupts": [
    427,
    487
  ],
  "interrupts.CPU5.RES:Rescheduling_interrupts": [
    1376,
    1417
  ],
  "interrupts.CPU6.RES:Rescheduling_interrupts": [
    205,
    268
  ],
  "interrupts.CPU7.RES:Rescheduling_interrupts": [
    178,
    210
  ],
  "interrupts.RES:Rescheduling_interrupts": [
    5074,
    5524
  ],
  "interrupts.CPU0.CAL:Function_call_interrupts": [
    155,
    4294950843
  ],
  "interrupts.CPU1.CAL:Function_call_interrupts": [
    167,
    4294950440
  ],
  "interrupts.CPU2.CAL:Function_call_interrupts": [
    117,
    4294949802
  ],
  "interrupts.CPU3.CAL:Function_call_interrupts": [
    161,
    4294950163
  ],
  "interrupts.CPU4.CAL:Function_call_interrupts": [
    157,
    4294950657
  ],
  "interrupts.CPU5.CAL:Function_call_interrupts": [
    173,
    4294950185
  ],
  "interrupts.CPU6.CAL:Function_call_interrupts": [
    174,
    4294949795
  ],
  "interrupts.CPU7.CAL:Function_call_interrupts": [
    167,
    4294950060
  ],
  "interrupts.CAL:Function_call_interrupts": [
    1271,
    34359601945
  ],
  "interrupts.CPU0.TLB:TLB_shootdowns": [
    1155,
    1458485
  ],
  "interrupts.CPU1.TLB:TLB_shootdowns": [
    953,
    1459049
  ],
  "interrupts.CPU2.TLB:TLB_shootdowns": [
    1155,
    1459183
  ],