{
  "diskstats.time": [
    1481011798.9771411,
    1481011799.9795158,
    1481011800.9837039,
    1481011801.990737
  ],
  "diskstats.sda.read_ios": [
    18438,
    18438,
    18693,
    18917
  ],
  "diskstats.sda.read_merges": [
    581,
    581,
    581,
    581
  ],
  "diskstats.sda.read_sectors": [
    1398444,
    1398444,
    1424276,
    1429396
  ],
  "diskstats.sda.read_ticks": [
    288569,
    288569,
    290481,
    291629
  ],
  "diskstats.sda.write_ios": [
    11276,
    11277,
    11278,
    11314
  ],
  "diskstats.sda.write_merges": [
    14098,
    14098,
    14106,
    14119
  ],
  "diskstats.sda.write_sectors": [
    4561080,
    4561088,
    4561168,
    4561696
  ],
  "diskstats.sda.write_ticks": [
    1087818,
    1087819,
    1087819,
    1088113
  ],
  "diskstats.sda.in_flight": [
    0,
    32,
    3,
    4
  ],
  "diskstats.sda.io_ticks": [
    131510,
    131535,
    132409,
    133199
  ],
  "diskstats.sda.time_in_queue": [
    1376549,
    1377314,
    1378568,
    1379963
  ],
  "diskstats.sda1.read_ios": [
    21,
    21,
    21,
    21
  ],
  "diskstats.sda1.read_sectors": [
    1128,
    1128,
    1128,
    1128
  ],
  "diskstats.sda1.read_ticks": [
    110,
    110,
    110,
    110
  ],
  "diskstats.sda1.io_ticks": [
    110,
    110,
    110,
    110
  ],
  "diskstats.sda1.time_in_queue": [
    110,
    110,
    110,
    110
  ],
  "diskstats.sda2.read_ios": [
    6584,
    6584,
    6839,
    7063
  ],
  "diskstats.sda2.read_merges": [
    162,
    162,
    162,
    162
  ],
  "diskstats.sda2.read_sectors": [
    245594,
    245594,
    271426,
    276546
  ],
  "diskstats.sda2.read_ticks": [
    42259,
    42259,
    44171,
    45319
  ],
  "diskstats.sda2.write_ios": [
    3948,
    3948,
    3948,
    3979
  ],
  "diskstats.sda2.write_merges": [
    8343,
    8343,
    8343,
    8356
  ],
  "diskstats.sda2.write_sectors": [
    4140120,
    4140120,
    4140120,
    4140616
  ],
  "diskstats.sda2.write_ticks": [
    662522,
    662522,
    662522,
    662583
  ],
  "diskstats.sda2.in_flight": [
    0,
    32,
    1,
    3
  ],
  "diskstats.sda2.io_ticks": [
    43114,
    43138,
    44008,
    44777
  ],
  "diskstats.sda2.time_in_queue": [
    704954,
    705718,
    706898,
    708091
  ],
  "diskstats.sda3.read_ios": [
    32,
    32,
    32,
    32
  ],
  "diskstats.sda3.read_sectors": [
    3840,
    3840,
    3840,
    3840
  ],
  "diskstats.sda3.read_ticks": [
    113,
    113,
    113,
    113
  ],
  "diskstats.sda3.io_ticks": [
    108,
    108,
    108,
    108
  ],
  "diskstats.sda3.time_in_queue": [
    113,
    113,
    113,
    113
  ],
  "diskstats.sda4.read_ios": [
    48,
    48,
    48,
    48
  ],
  "diskstats.sda4.read_sectors": [
    2596,
    2596,
    2596,
    2596
  ],
  "diskstats.sda4.read_ticks": [
    308,
    308,
    308,
    308
  ],
  "diskstats.sda4.io_ticks": [
    120,
    120,
    120,
    120
  ],
  "diskstats.sda4.time_in_queue": [
    308,
    308,
    308,
    308
  ],
  "diskstats.sda5.read_ios": [
    5381,
    5381,
    5381,
    5381
  ],
  "diskstats.sda5.read_merges": [
    31,
    31,
    31,
    31
  ],
  "diskstats.sda5.read_sectors": [
    458738,
    458738,
    458738,
    458738
  ],
  "diskstats.sda5.read_ticks": [
    99471,
    99471,
    99471,
    99471
  ],
  "diskstats.sda5.write_ios": [
    35,
    35,
    35,
    35
  ],
  "diskstats.sda5.write_merges": [
    21,
    21,
    21,
    21
  ],
  "diskstats.sda5.write_sectors": [
    11992,
    11992,
    11992,
    11992
  ],
  "diskstats.sda5.write_ticks": [
    8274,
    8274,
    8274,
    8274
  ],
  "diskstats.sda5.io_ticks": [
    34504,
    34504,
    34504,
    34504
  ],
  "diskstats.sda5.time_in_queue": [
    107743,
    107743,
    107743,
    107743
  ],
  "diskstats.sda6.read_ios": [
    6342,
    6342,
    6342,
    6342
  ],
  "diskstats.sda6.read_merges": [
    388,
    388,
    388,
    388
  ],
  "diskstats.sda6.read_sectors": [
    684068,
    684068,
    684068,
    684068
  ],
  "diskstats.sda6.read_ticks": [
    146171,
    146171,
    146171,
    146171
  ],
  "diskstats.sda6.write_ios": [
    6448,
    6449,
    6450,
    6455
  ],
  "diskstats.sda6.write_merges": [
    5734,
    5734,
    5742,
    5742
  ],
  "diskstats.sda6.write_sectors": [
    408968,
    408976,
    409056,
    409088
  ],
  "diskstats.sda6.write_ticks": [
    398226,
    398227,
    398227,
    398460
  ],
  "diskstats.sda6.in_flight": [
    0,
    0,
    2,
    1
  ],
  "diskstats.sda6.io_ticks": [
    85071,
    85072,
    85109,
    85264
  ],
  "diskstats.sda6.time_in_queue": [
    544365,
    544366,
    544440,
    544642
  ],
  "diskstats.sdb.read_ios": [
    50,
    50,
    50,
    50
  ],
  "diskstats.sdb.read_sectors": [
    4496,
    4496,
    4496,
    4496
  ],
  "diskstats.sdb.read_ticks": [
    28,
    28,
    28,
    28
  ],
  "diskstats.sdb.io_ticks": [
    25,
    25,
    25,
    25
  ],
  "diskstats.sdb.time_in_queue": [
    28,
    28,
    28,
    28
  ]
}