{
  "meminfo.time": [
    1481011798.9551015,
    1481011799.960994,
    1481011800.96785,
    1481011801.974659
  ],
  "meminfo.MemTotal": [
    8091280,
    8091280,
    8091280,
    8091280
  ],
  "meminfo.MemFree": [
    5865512,
    5861180,
    5842444,
    5836568
  ],
  "meminfo.MemAvailable": [
    7476696,
    7472788,
    7466368,
    7462968
  ],
  "meminfo.Buffers": [
    31616,
    31748,
    31796,
    31936
  ],
  "meminfo.Cached": [
    1716312,
    1716408,
    1729032,
    1731376
  ],
  "meminfo.Active": [
    1355692,
    1359320,
    1365196,
    1369076
  ],
  "meminfo.Inactive": [
    704356,
    704100,
    716096,
    717948
  ],
  "meminfo.Active(anon)": [
    320004,
    322960,
    328548,
    331820
  ],
  "meminfo.Inactive(anon)": [
    93768,
    93768,
    93768,
    93768
  ],
  "meminfo.Active(file)": [
    1035688,
    1036360,
    1036648,
    1037256
  ],
  "meminfo.Inactive(file)": [
    610588,
    610332,
    622328,
    624180
  ],
  "meminfo.Dirty": [
    120,
    304,
    320,
    96
  ],
  "meminfo.AnonPages": [
    311628,
    315224,
    320500,
    323976
  ],
  "meminfo.Mapped": [
    347192,
    347244,
    358300,
    359156
  ],
  "meminfo.Shmem": [
    101652,
    101652,
    101652,
    101652
  ],
  "meminfo.Slab": [
    113044,
    113368,
    113404,
    113436
  ],
  "meminfo.SReclaimable": [
    79556,
    79564,
    79596,
    79612
  ],
  "meminfo.SUnreclaim": [
    33488,
    33804,
    33808,
    33824
  ],
  "meminfo.KernelStack": [
    11760,
    12368,
    12464,
    12560
  ],
  "meminfo.PageTables": [
    15496,
    15816,
    16088,
    16228
  ],
  "meminfo.CommitLimit": [
    4045640,
    4045640,
    4045640,
    4045640
  ],
  "meminfo.Committed_AS": [
    38045884,
    38073556,
    38311276,
    38311192
  ],
  "meminfo.VmallocTotal": [
    34359738367,
    34359738367,
    34359738367,
    34359738367
  ],
  "meminfo.DirectMap4k": [
    34988,
    34988,
    34988,
    34988
  ],
  "meminfo.DirectMap2M": [
    1972224,
    1972224,
    1972224,
    1972224
  ],
  "meminfo.DirectMap1G": [
    7340032,
    7340032,
    7340032,
    7340032
  ]
}