{
  "proc-vmstat.time": [
    1481011798.9476013,
    1481011799.9523091,
    1481011800.9612124,
    1481011801.9685965
  ],
  "proc-vmstat.nr_free_pages": [
    1466479,
    1465365,
    1460611,
    1459142
  ],
  "proc-vmstat.nr_alloc_batch": [
    6,
    390,
    452,
    155
  ],
  "proc-vmstat.nr_inactive_anon": [
    23442,
    23442,
    23442,
    23442
  ],
  "proc-vmstat.nr_active_anon": [
    79841,
    80691,
    82137,
    82918
  ],
  "proc-vmstat.nr_inactive_file": [
    152647,
    152583,
    155582,
    156008
  ],
  "proc-vmstat.nr_active_file": [
    258922,
    259047,
    259162,
    259314
  ],
  "proc-vmstat.nr_anon_pages": [
    77827,
    78757,
    80168,
    80994
  ],
  "proc-vmstat.nr_mapped": [
    86798,
    86811,
    89575,
    89725
  ],
  "proc-vmstat.nr_file_pages": [
    436982,
    437039,
    440207,
    440828
  ],
  "proc-vmstat.nr_dirty": [
    30,
    76,
    80,
    24
  ],
  "proc-vmstat.nr_slab_reclaimable": [
    19889,
    19891,
    19899,
    19903
  ],
  "proc-vmstat.nr_slab_unreclaimable": [
    8372,
    8451,
    8452,
    8456
  ],
  "proc-vmstat.nr_page_table_pages": [
    3810,
    3954,
    4022,
    4057
  ],
  "proc-vmstat.nr_kernel_stack": [
    735,
    773,
    779,
    785
  ],
  "proc-vmstat.nr_shmem": [
    25413,
    25413,
    25413,
    25413
  ],
  "proc-vmstat.nr_dirtied": [
    571936,
    571981,
    571986,
    571995
  ],
  "proc-vmstat.nr_written": [
    561486,
    561480,
    561481,
    561482
  ],
  "proc-vmstat.nr_dirty_threshold": [
    371703,
    371492,
    371164,
    370986
  ],
  "proc-vmstat.nr_dirty_background_threshold": [
    92925,
    92873,
    92791,
    92746
  ],
  "proc-vmstat.pgpgin": [
    701534,
    701534,
    714454,
    716906
  ],
  "proc-vmstat.pgpgout": [
    2280540,
    2280544,
    2280588,
    2280852
  ],
  "proc-vmstat.pgalloc_dma32": [
    1079457,
    1083380,
    1085422,
    1086271
  ],
  "proc-vmstat.pgalloc_normal": [
    2161668,
    2169624,
    2173611,
    2175374
  ],
  "proc-vmstat.pgfree": [
    4708553,
    4719122,
    4720324,
    4721472
  ],
  "proc-vmstat.pgactivate": [
    317472,
    317521,
    317552,
    317613
  ],
  "proc-vmstat.pgfault": [
    3479329,
    3493868,
    3497179,
    3499380
  ],
  "proc-vmstat.pgmajfault": [
    4960,
    4960,
    5028,
    5041
  ],
  "proc-vmstat.pageoutrun": [
    1,
    1,
    1,
    1
  ]
}