{
  "ebizzy.throughput": [
    66674,
    66725,
    66458,
    66356,
    66874
  ],
  "ebizzy.throughput.per_thread.min": [
    4087,
    4051,
    4012,
    4030,
    3997
  ],
  "ebizzy.throughput.per_thread.max": [
    4328,
    4492,
    4533,
    4345,
    4501
  ],
  "ebizzy.throughput.per_thread.stddev_percent": [
    0.08888321944148757,
    0.1984471672707883,
    0.1847297184666528,
    0.1505179911455822,
    0.21249324957851784
  ],
  "ebizzy.time.real": [
    5.0,
    5.0,
    5.0,
    5.0,
    5.0
  ],
  "ebizzy.time.user": [
    9.44,
    9.58,
    9.57,
    9.56,
    9.48
  ],
  "ebizzy.time.sys": [
    30.48,
    30.32,
    30.34,
    30.36,
    30.43
  ]
}