{
  "interrupts.time": [
    1478267237.5377073,
    1478267263.5402107
  ],
  "interrupts.CPU0.0:IO-APIC.2-edge.timer": [
    37,
    37
  ],
  "interrupts.0:IO-APIC.2-edge.timer": [
    37,
    37
  ],
  "interrupts.CPU1.1:IO-APIC.1-edge.i8042": [
    1,
    1
  ],
  "interrupts.CPU6.1:IO-APIC.1-edge.i8042": [
    1,
    1
  ],
  "interrupts.1:IO-APIC.1-edge.i8042": [
    2,
    2
  ],
  "interrupts.CPU0.7:IO-APIC.7-edge": [
    26,
    26
  ],
  "interrupts.7:IO-APIC.7-edge": [
    26,
    26
  ],
  "interrupts.CPU0.8:IO-APIC.8-edge.rtc0": [
    1,
    1
  ],
  "interrupts.8:IO-APIC.8-edge.rtc0": [
    1,
    1
  ],
  "interrupts.CPU4.9:IO-APIC.9-fasteoi.acpi": [
    3,
    3
  ],
  "interrupts.9:IO-APIC.9-fasteoi.acpi": [
    3,
    3
  ],
  "interrupts.CPU0.12:IO-APIC.12-edge.i8042": [
    1,
    1
  ],
  "interrupts.CPU1.12:IO-APIC.12-edge.i8042": [
    1,
    1
  ],
  "interrupts.CPU2.12:IO-APIC.12-edge.i8042": [
    1,
    1
  ],
  "interrupts.CPU6.12:IO-APIC.12-edge.i8042": [
    1,
    1
  ],
  "interrupts.12:IO-APIC.12-edge.i8042": [
    4,
    4
  ],
  "interrupts.CPU0.120:PCI-MSI.376832-edge.0000:00:17.0": [
    22258,
    22423
  ],
  "interrupts.CPU1.120:PCI-MSI.376832-edge.0000:00:17.0": [
    2962,
    2962
  ],
  "interrupts.CPU2.120:PCI-MSI.376832-edge.0000:00:17.0": [
    1083,
    1083
  ],
  "interrupts.CPU3.120:PCI-MSI.376832-edge.0000:00:17.0": [
    1204,
    1204
  ],
  "interrupts.CPU4.120:PCI-MSI.376832-edge.0000:00:17.0": [
    4778,
    4778
  ],
  "interrupts.CPU5.120:PCI-MSI.376832-edge.0000:00:17.0": [
    3792,
    3794
  ],
  "interrupts.CPU6.120:PCI-MSI.376832-edge.0000:00:17.0": [
    2257,
    2258
  ],
  "interrupts.CPU7.120:PCI-MSI.376832-edge.0000:00:17.0": [
    1179,
    1179
  ],
  "interrupts.120:PCI-MSI.376832-edge.0000:00:17.0": [
    39513,
    39681
  ],
  "interrupts.CPU0.121:PCI-MSI.327680-edge.xhci_hcd": [
    1462,
    1462
  ],
  "interrupts.CPU1.121:PCI-MSI.327680-edge.xhci_hcd": [
    18,
    18
  ],
  "interrupts.CPU2.121:PCI-MSI.327680-edge.xhci_hcd": [
    24,
    24
  ],
  "interrupts.CPU3.121:PCI-MSI.327680-edge.xhci_hcd": [
    18,
    18
  ],
  "interrupts.CPU4.121:PCI-MSI.327680-edge.xhci_hcd": [
    31,
    31
  ],
  "interrupts.CPU5.121:PCI-MSI.327680-edge.xhci_hcd": [
    18,
    18
  ],
  "interrupts.CPU6.121:PCI-MSI.327680-edge.xhci_hcd": [
    11,
    11
  ],
  "interrupts.CPU7.121:PCI-MSI.327680-edge.xhci_hcd": [
    7,
    7
  ],
  "interrupts.121:PCI-MSI.327680-edge.xhci_hcd": [
    1589,
    1589
  ],
  "interrupts.CPU0.122:PCI-MSI.32768-edge.i915": [
    825,
    825
  ],
  "interrupts.CPU1.122:PCI-MSI.32768-edge.i915": [
    103,
    103
  ],
  "interrupts.CPU2.122:PCI-MSI.32768-edge.i915": [
    86,
    86
  ],
  "interrupts.CPU3.122:PCI-MSI.32768-edge.i915": [
    73,
    73
  ],
  "interrupts.CPU4.122:PCI-MSI.32768-edge.i915": [
    247,
    247
  ],
  "interrupts.CPU5.122:PCI-MSI.32768-edge.i915": [
    127,
    127
  ],
  "interrupts.CPU6.122:PCI-MSI.32768-edge.i915": [
    109,
    109
  ],
  "interrupts.CPU7.122:PCI-MSI.32768-edge.i915": [
    113,
    113
  ],
  "interrupts.122:PCI-MSI.32768-edge.i915": [
    1683,
    1683
  ],
  "interrupts.CPU0.123:PCI-MSI.514048-edge.snd_hda_intel": [
    2,
    2
  ],
  "interrupts.CPU1.123:PCI-MSI.514048-edge.snd_hda_intel": [
    52,
    52
  ],
  "interrupts.CPU3.123:PCI-MSI.514048-edge.snd_hda_intel": [
    284,
    284
  ],
  "interrupts.CPU4.123:PCI-MSI.514048-edge.snd_hda_intel": [
    165,
    165
  ],
  "interrupts.CPU7.123:PCI-MSI.514048-edge.snd_hda_intel": [
    1,
    1
  ],
  "interrupts.123:PCI-MSI.514048-edge.snd_hda_intel": [
    504,
    504
  ],
  "interrupts.CPU0.124:PCI-MSI.2097152-edge.eth0": [
    64612,
    64624
  ],
  "interrupts.CPU1.124:PCI-MSI.2097152-edge.eth0": [
    4940,
    4948
  ],
  "interrupts.CPU2.124:PCI-MSI.2097152-edge.eth0": [
    4406,
    4409
  ],
  "interrupts.CPU3.124:PCI-MSI.2097152-edge.eth0": [
    2194,
    2202
  ],
  "interrupts.CPU4.124:PCI-MSI.2097152-edge.eth0": [
    22978,
    22983
  ],
  "interrupts.CPU5.124:PCI-MSI.2097152-edge.eth0": [
    4144,
    4149
  ],
  "interrupts.CPU6.124:PCI-MSI.2097152-edge.eth0": [
    5063,
    5066
  ],
  "interrupts.CPU7.124:PCI-MSI.2097152-edge.eth0": [
    4194,
    4195
  ],
  "interrupts.124:PCI-MSI.2097152-edge.eth0": [
    112531,
    112576
  ],
  "interrupts.CPU0.NMI:Non-maskable_interrupts": [
    14,
    16
  ],
  "interrupts.CPU1.NMI:Non-maskable_interrupts": [
    14,
    16
  ],
  "interrupts.CPU2.NMI:Non-maskable_interrupts": [
    13,
    16
  ],
  "interrupts.CPU3.NMI:Non-maskable_interrupts": [
    13,
    15
  ],
  "interrupts.CPU4.NMI:Non-maskable_interrupts": [
    12,
    15
  ],
  "interrupts.CPU5.NMI:Non-maskable_interrupts": [
    13,
    15
  ],
  "interrupts.CPU6.NMI:Non-maskable_interrupts": [
    12,
    15
  ],
  "interrupts.CPU7.NMI:Non-maskable_interrupts": [
    13,
    15
  ],
  "interrupts.NMI:Non-maskable_interrupts": [
    104,
    123
  ],
  "interrupts.CPU0.LOC:Local_timer_interrupts": [
    284716,
    309811
  ],
  "interrupts.CPU1.LOC:Local_timer_interrupts": [
    269367,
    294623
  ],
  "interrupts.CPU2.LOC:Local_timer_interrupts": [
    292644,
    317996
  ],
  "interrupts.CPU3.LOC:Local_timer_interrupts": [
    287548,
    312675
  ],
  "interrupts.CPU4.LOC:Local_timer_interrupts": [
    230131,
    255243
  ],
  "interrupts.CPU5.LOC:Local_timer_interrupts": [
    213860,
    238990
  ],
  "interrupts.CPU6.LOC:Local_timer_interrupts": [
    194560,
    219682
  ],
  "interrupts.CPU7.LOC:Local_timer_interrupts": [
    193693,
    218824
  ],
  "interrupts.LOC:Local_timer_interrupts": [
    1966519,
    2167844
  ],
  "interrupts.CPU0.PMI:Performance_monitoring_interrupts": [
    14,
    16
  ],
  "interrupts.CPU1.PMI:Performance_monitoring_interrupts": [
    14,
    16
  ],
  "interrupts.CPU2.PMI:Performance_monitoring_interrupts": [
    13,
    16
  ],
  "interrupts.CPU3.PMI:Performance_monitoring_interrupts": [
    13,
    15
  ],
  "interrupts.CPU4.PMI:Performance_monitoring_interrupts": [
    12,
    15
  ],
  "interrupts.CPU5.PMI:Performance_monitoring_interrupts": [
    13,
    15
  ],
  "interrupts.CPU6.PMI:Performance_monitoring_interrupts": [
    12,
    15
  ],
  "interrupts.CPU7.PMI:Performance_monitoring_interrupts": [
    13,
    15
  ],
  "interrupts.PMI:Performance_monitoring_interrupts": [
    104,
    123
  ],
  "interrupts.CPU0.RTR:APIC_ICR_read_retries": [
    7,
    7
  ],
  "interrupts.RTR:APIC_ICR_read_retries": [
    7,
    7
  ],
  "interrupts.CPU0.RES:Rescheduling_interrupts": [
    2441,
    2515
  ],
  "interrupts.CPU1.RES:Rescheduling_interrupts": [
    2938,
    2990
  ],
  "interrupts.CPU2.RES:Rescheduling_interrupts": [
    3085,
    3134
  ],
  "interrupts.CPU3.RES:Rescheduling_interrupts": [
    2804,
    2887
  ],
  "interrupts.CPU4.RES:Rescheduling_interrupts": [
    2550,
    2603
  ],
  "interrupts.CPU5.RES:Rescheduling_interrupts": [
    1149,
    1192
  ],
  "interrupts.CPU6.RES:Rescheduling_interrupts": [
    1477,
    1518
  ],
  "interrupts.CPU7.RES:Rescheduling_interrupts": [
    787,
    839
  ],
  "interrupts.RES:Rescheduling_interrupts": [
    17231,
    17678
  ],
  "interrupts.CPU0.CAL:Function_call_interrupts": [
    4294882981,
    4294866739
  ],
  "interrupts.CPU1.CAL:Function_call_interrupts": [
    4294880543,
    4294863168
  ],
  "interrupts.CPU2.CAL:Function_call_interrupts": [
    4294878857,
    4294861036
  ],
  "interrupts.CPU3.CAL:Function_call_interrupts": [
    4294883543,
    4294866977
  ],
  "interrupts.CPU4.CAL:Function_call_interrupts": [
    4294882302,
    4294866061
  ],
  "interrupts.CPU5.CAL:Function_call_interrupts": [
    4294879992,
    4294862403
  ],
  "interrupts.CPU6.CAL:Function_call_interrupts": [
    4294878773,
    4294861017
  ],
  "interrupts.CPU7.CAL:Function_call_interrupts": [
    4294883533,
    4294866942
  ],
  "interrupts.CAL:Function_call_interrupts": [
    34359050524,
    34358914343
  ],