{
  "proc-vmstat.time": [
    1478267237.5196738,
    1478267238.526548,
    1478267239.548413,
    1478267240.5804453,
    1478267241.6143937,
    1478267242.655421,
    1478267243.68744,
    1478267244.7144074,
    1478267245.7444534,
    1478267246.772418,
    1478267247.803414,
    1478267248.8225613,
    1478267249.8433878,
    1478267250.8696609,
    1478267251.8976355,
    1478267252.9314573,
    1478267253.9584298,
    1478267254.9826798,
    1478267256.0116446,
    1478267257.0356092,
    1478267258.059669,
    1478267259.0904746,
    1478267260.1254106,
    1478267261.1533911,
    1478267262.1874247,
    1478267263.2164135
  ],
  "proc-vmstat.nr_free_pages": [
    3691853,
    3687478,
    3687170,
    3687246,
    3687324,
    3687329,
    3687367,
    3687223,
    3687347,
    3687285,
    3687195,
    3687344,
    3687294,
    3687381,
    3687224,
    3687324,
    3687352,
    3687321,
    3687445,
    3687379,
    3687290,
    3687315,
    3687437,
    3687375,
    3687250,
    3687374
  ],
  "proc-vmstat.nr_alloc_batch": [
    100,
    0,
    908,
    210,
    589,
    668,
    0,
    165,
    898,
    866,
    112,
    1048,
    426,
    29,
    667,
    92,
    35,
    708,
    1480,
    1817,
    374,
    243,
    817,
    223,
    659,
    333
  ],
  "proc-vmstat.nr_inactive_anon": [
    23496,
    23496,
    23496,
    23496,
    23496,
    23496,
    23496,
    23496,
    23496,
    23496,
    23496,
    23496,
    23496,
    23496,
    23496,
    23496,
    23496,
    23496,
    23496,
    23496,
    23496,
    23496,
    23496,
    23496,
    23496,
    23496
  ],
  "proc-vmstat.nr_active_anon": [
    42844,
    46409,
    46248,
    46639,
    46786,
    46456,
    46581,
    46654,
    46432,
    46728,
    46673,
    46680,
    46587,
    46483,
    46619,
    46475,
    46384,
    46488,
    46656,
    46653,
    46820,
    46662,
    46648,
    46649,
    46666,
    46408
  ],
  "proc-vmstat.nr_inactive_file": [
    89814,
    89855,
    89855,
    89855,
    89855,
    89855,
    89855,
    89852,
    89852,
    89852,
    89852,
    89852,
    89852,
    89852,
    89852,
    89852,
    89852,
    89852,
    89852,
    89852,
    89852,
    89852,
    89852,
    89852,
    89852,
    89852
  ],
  "proc-vmstat.nr_active_file": [
    108685,
    108768,
    108772,
    108774,
    108774,
    108775,
    108778,
    108781,
    108783,
    108783,
    108783,
    108786,
    108786,
    108788,
    108788,
    108788,
    108790,
    108792,
    108792,
    108792,
    108792,
    108794,
    108796,
    108796,
    108796,
    108796
  ],
  "proc-vmstat.nr_anon_pages": [
    42038,
    45626,
    45525,
    45816,
    45909,
    45766,
    45960,
    46007,
    45822,
    45640,
    45870,
    45798,
    45941,
    45598,
    45856,
    45815,
    45699,
    45816,
    46022,
    46010,
    45902,
    45881,
    45944,
    45909,
    45931,
    45815
  ],
  "proc-vmstat.nr_mapped": [
    63003,
    62897,
    62906,
    62906,
    62906,
    62906,
    62906,
    62906,
    62906,
    62906,
    62906,
    62906,
    62906,
    62906,
    62906,
    62906,
    62906,
    62906,
    62906,
    62906,
    62906,
    62906,
    62906,
    62906,
    62906,
    62906
  ],
  "proc-vmstat.nr_file_pages": [
    222645,
    222792,
    222796,
    222798,
    222798,
    222799,
    222802,
    222802,
    222804,
    222804,
    222804,
    222807,
    222807,
    222809,
    222809,
    222809,
    222811,
    222813,
    222813,
    222813,
    222813,
    222815,
    222817,
    222817,
    222817,
    222817
  ],
  "proc-vmstat.nr_dirty": [
    134,
    217,
    221,
    221,
    27,
    1,
    69,
    71,
    72,
    72,
    0,
    6,
    8,
    9,
    0,
    1,
    9,
    10,
    10,
    10,
    1,
    8,
    8,
    8,
    8,
    1
  ],
  "proc-vmstat.nr_writeback": [
    0,
    0,
    0,
    0,
    0,
    0,
    0,
    0,
    0,
    0,
    0,
    0,
    0,
    1,
    0,
    0,
    0,
    0,
    0,
    0,
    0,
    0,
    0,
    0,
    0,
    0
  ],
  "proc-vmstat.nr_slab_reclaimable": [
    12038,
    12056,
    12059,
    12060,
    12060,
    12059,
    12047,
    12047,
    12046,
    12046,
    12036,
    12036,
    12036,
    12030,
    12028,
    12028,
    12028,
    12023,
    12021,
    12021,
    12020,
    12013,
    12011,
    12011,
    12011,
    12005
  ],
  "proc-vmstat.nr_slab_unreclaimable": [
    87098,
    87179,
    87188,
    87188,
    87188,
    87188,
    87152,
    87160,
    87162,
    87162,
    87122,
    87121,
    87125,
    87100,
    87100,
    87100,
    87100,
    87077,
    87077,
    87076,
    87076,
    87059,
    87060,
    87060,
    87060,
    87040
  ],
  "proc-vmstat.nr_page_table_pages": [
    2411,
    2635,
    2701,
    2700,
    2701,
    2701,
    2701,
    2699,
    2700,
    2700,
    2701,
    2699,
    2708,
    2701,
    2702,
    2702,
    2701,
    2701,
    2700,
    2701,
    2700,
    2702,
    2702,
    2702,
    2701,
    2701
  ],
  "proc-vmstat.nr_kernel_stack": [
    617,
    655,
    674,
    674,
    674,
    674,
    674,
    674,
    674,
    674,
    674,
    674,
    676,
    675,
    675,
    674,
    674,
    674,
    674,
    674,
    674,
    674,
    674,
    674,
    674,
    674
  ],
  "proc-vmstat.nr_shmem": [
    24172,
    24172,
    24172,
    24172,
    24172,
    24172,
    24172,
    24172,
    24172,
    24172,
    24172,
    24172,
    24172,
    24172,
    24172,
    24172,
    24172,
    24172,
    24172,
    24172,
    24172,
    24172,
    24172,
    24172,
    24172,
    24172
  ],
  "proc-vmstat.nr_dirtied": [
    872143,
    872323,
    872328,
    872329,
    872330,
    872332,
    872401,
    872404,
    872406,
    872407,
    872408,
    872415,
    872418,
    872421,
    872422,
    872424,
    872433,
    872435,
    872436,
    872437,
    872439,
    872447,
    872448,
    872449,
    872450,
    872452
  ],
  "proc-vmstat.nr_written": [
    858190,
    858273,
    858274,
    858275,
    858470,
    858498,
    858499,
    858500,
    858501,
    858502,
    858575,
    858576,
    858577,
    858578,
    858589,
    858590,
    858591,
    858592,
    858593,
    858594,
    858605,
    858606,
    858607,
    858608,
    858609,
    858618
  ],
  "proc-vmstat.nr_dirty_threshold": [
    772100,
    771250,
    771189,
    771205,
    771221,
    771222,
    771230,
    771201,
    771226,
    771214,
    771196,
    771226,
    771216,
    771234,
    771203,
    771223,
    771229,
    771223,
    771248,
    771235,
    771217,
    771222,
    771247,
    771235,
    771210,
    771234
  ],
  "proc-vmstat.nr_dirty_background_threshold": [
    193025,
    192812,
    192797,
    192801,
    192805,
    192805,
    192807,
    192800,
    192806,
    192803,
    192799,
    192806,
    192804,
    192808,
    192800,
    192805,
    192807,
    192805,
    192812,
    192808,
    192804,
    192805,
    192811,
    192808,
    192802,
    192808
  ],
  "proc-vmstat.pgpgin": [
    649223,
    649223,
    649223,
    649223,
    649223,
    649223,
    649223,
    649223,
    649223,
    649223,
    649227,
    649227,
    649227,
    649227,
    649227,
    649227,
    649227,
    649227,
    649227,
    649227,
    649227,
    649227,
    649227,
    649227,
    649227,
    649227
  ],
  "proc-vmstat.pgpgout": [
    3504224,
    3504228,
    3504260,
    3504264,
    3505056,
    3505344,
    3505348,
    3505380,
    3505384,
    3505648,
    3505684,
    3505688,
    3505720,
    3505724,
    3505740,
    3505776,
    3505780,
    3505812,
    3505816,
    3505836,
    3505872,
    3505876,
    3505908,
    3505912,
    3505928,
    3505964
  ],
  "proc-vmstat.pgalloc_dma": [
    1,
    1,
    1,
    1,
    1,
    1,
    1,
    1,
    1,
    1,
    1,
    1,
    1,
    1,
    1,
    1,
    1,
    1,
    1,
    1,
    1,
    1,
    1,
    1,
    1,
    1
  ],