{
  "meminfo.time": [
    1478532587.6394641,
    1478532588.6437712,
    1478532589.6676643,
    1478532590.6946573,
    1478532591.7327158,
    1478532592.7687826,
    1478532593.803868,
    1478532594.830653,
    1478532595.8577213,
    1478532596.8936281,
    1478532597.921703,
    1478532598.951662,
    1478532599.9766588,
    1478532601.0096297,
    1478532602.0417998,
    1478532603.06866,
    1478532604.1046667,
    1478532605.121822,
    1478532606.1548626,
    1478532607.1806638,
    1478532608.2137623,
    1478532609.2436588,
    1478532610.272687,
    1478532611.3136525,
    1478532612.3357575,
    1478532613.3606641
  ],
  "meminfo.MemTotal": [
    16317260,
    16317260,
    16317260,
    16317260,
    16317260,
    16317260,
    16317260,
    16317260,
    16317260,
    16317260,
    16317260,
    16317260,
    16317260,
    16317260,
    16317260,
    16317260,
    16317260,
    16317260,
    16317260,
    16317260,
    16317260,
    16317260,
    16317260,
    16317260,
    16317260,
    16317260
  ],
  "meminfo.MemFree": [
    15119136,
    15101868,
    15101336,
    15101388,
    15100688,
    15101264,
    15101944,
    15101812,
    15101340,
    15101816,
    15101520,
    15102176,
    15102208,
    15101816,
    15101556,
    15101956,
    15102060,
    15101904,
    15102152,
    15102144,
    15102136,
    15101628,
    15102120,
    15102124,
    15101724,
    15102252
  ],
  "meminfo.MemAvailable": [
    15852292,
    15835856,
    15835448,
    15835500,
    15834800,
    15835396,
    15836076,
    15835944,
    15835460,
    15835948,
    15835640,
    15836296,
    15836308,
    15835916,
    15835664,
    15836072,
    15836168,
    15836012,
    15836284,
    15836284,
    15836276,
    15835768,
    15836252,
    15836256,
    15835864,
    15836404
  ],
  "meminfo.Buffers": [
    50044,
    50044,
    50044,
    50044,
    50064,
    50064,
    50068,
    50068,
    50068,
    50084,
    50084,
    50084,
    50084,
    50084,
    50100,
    50100,
    50100,
    50100,
    50100,
    50116,
    50116,
    50116,
    50116,
    50116,
    50132,
    50132
  ],
  "meminfo.Cached": [
    845040,
    845832,
    845944,
    845944,
    845924,
    845944,
    845940,
    845944,
    845944,
    845944,
    845944,
    845944,
    845944,
    845944,
    845936,
    845944,
    845944,
    845944,
    845944,
    845936,
    845944,
    845944,
    845944,
    845944,
    845936,
    845944
  ],
  "meminfo.Active": [
    562720,
    578248,
    578084,
    578068,
    578316,
    578248,
    578600,
    577796,
    577560,
    576940,
    578196,
    578260,
    577704,
    577492,
    577948,
    578280,
    577768,
    577816,
    577896,
    578088,
    577856,
    578324,
    577772,
    577884,
    577616,
    578296
  ],
  "meminfo.Inactive": [
    511228,
    510616,
    510704,
    510704,
    510704,
    510704,
    510704,
    510684,
    510684,
    510684,
    510684,
    510684,
    510684,
    510684,
    510684,
    510684,
    510684,
    510684,
    510684,
    510684,
    510684,
    510684,
    510680,
    510680,
    510680,
    510680
  ],
  "meminfo.Active(anon)": [
    181372,
    195680,
    195492,
    195476,
    195724,
    195636,
    195988,
    195160,
    194924,
    194288,
    195544,
    195608,
    195052,
    194840,
    195288,
    195612,
    195100,
    195148,
    195228,
    195412,
    195172,
    195640,
    195084,
    195196,
    194920,
    195592
  ],
  "meminfo.Inactive(anon)": [
    94504,
    94504,
    94504,
    94504,
    94504,
    94504,
    94504,
    94504,
    94504,
    94504,
    94504,
    94504,
    94504,
    94504,
    94504,
    94504,
    94504,
    94504,
    94504,
    94504,
    94504,
    94504,
    94504,
    94504,
    94504,
    94504
  ],
  "meminfo.Active(file)": [
    381348,
    382568,
    382592,
    382592,
    382592,
    382612,
    382612,
    382636,
    382636,
    382652,
    382652,
    382652,
    382652,
    382652,
    382660,
    382668,
    382668,
    382668,
    382668,
    382676,
    382684,
    382684,
    382688,
    382688,
    382696,
    382704
  ],
  "meminfo.Inactive(file)": [
    416724,
    416112,
    416200,
    416200,
    416200,
    416200,
    416200,
    416180,
    416180,
    416180,
    416180,
    416180,
    416180,
    416180,
    416180,
    416180,
    416180,
    416180,
    416180,
    416180,
    416180,
    416180,
    416176,
    416176,
    416176,
    416176
  ],
  "meminfo.Dirty": [
    4840,
    5028,
    204,
    204,
    592,
    680,
    292,
    0,
    4,
    80,
    80,
    80,
    84,
    84,
    88,
    88,
    0,
    4,
    4,
    8,
    24,
    32,
    28,
    28,
    32,
    32
  ],
  "meminfo.Writeback": [
    0,
    0,
    24,
    0,
    0,
    0,
    0,
    0,
    4,
    0,
    0,
    0,
    0,
    0,
    0,
    0,
    0,
    0,
    0,
    0,
    0,
    0,
    0,
    0,
    0,
    0
  ],
  "meminfo.AnonPages": [
    178220,
    191744,
    192432,
    191904,
    192528,
    192912,
    192556,
    192216,
    191440,
    191812,
    192120,
    192948,
    192220,
    191684,
    192892,
    192548,
    191772,
    191908,
    192260,
    192964,
    192320,
    193004,
    192348,
    192372,
    191900,
    191904
  ],
  "meminfo.Mapped": [
    259508,
    259540,
    259568,
    259568,
    259568,
    259568,
    259568,
    259568,
    259568,
    259568,
    259568,
    259568,
    259568,
    259568,
    259568,
    259568,
    259568,
    259568,
    259568,
    259568,
    259568,
    259568,
    259568,
    259568,
    259568,
    259568
  ],
  "meminfo.Shmem": [
    97208,
    97208,
    97208,
    97208,
    97208,
    97208,
    97208,
    97208,
    97208,
    97208,
    97208,
    97208,
    97208,
    97208,
    97208,
    97208,
    97208,
    97208,
    97208,
    97208,
    97208,
    97208,
    97208,
    97208,
    97208,
    97208
  ],
  "meminfo.Slab": [
    78380,
    79460,
    79520,
    79436,
    79436,
    79420,
    79404,
    79188,
    79168,
    79140,
    79040,
    79040,
    78988,
    78992,
    78904,
    78904,
    78888,
    78896,
    78832,
    78840,
    78824,
    78848,
    78724,
    78724,
    78700,
    78704
  ],
  "meminfo.SReclaimable": [
    47432,
    47880,
    47900,
    47904,
    47904,
    47904,
    47904,
    47896,
    47868,
    47864,
    47840,
    47840,
    47796,
    47800,
    47796,
    47796,
    47780,
    47780,
    47828,
    47832,
    47812,
    47812,
    47800,
    47800,
    47800,
    47804
  ],
  "meminfo.SUnreclaim": [
    30948,
    31580,
    31620,
    31532,
    31532,
    31516,
    31500,
    31292,
    31300,
    31276,
    31200,
    31200,
    31192,
    31192,
    31108,
    31108,
    31108,
    31116,
    31004,
    31008,
    31012,
    31036,
    30924,
    30924,
    30900,
    30900
  ],
  "meminfo.KernelStack": [
    11328,
    11936,
    12240,
    12240,
    12240,
    12240,
    12240,
    12240,
    12208,
    12256,
    12224,
    12224,
    12224,
    12224,
    12224,
    12224,
    12224,
    12224,
    12224,
    12224,
    12224,
    12224,
    12224,
    12224,
    12224,
    12224
  ],
  "meminfo.PageTables": [
    11904,
    12352,
    12608,
    12608,
    12600,
    12608,
    12608,
    12608,
    12616,
    12620,
    12604,
    12608,
    12604,
    12604,
    12604,
    12604,
    12600,
    12604,
    12604,
    12604,
    12596,
    12600,
    12600,
    12600,
    12596,
    12596
  ],
  "meminfo.CommitLimit": [
    8158628,
    8158628,
    8158628,
    8158628,
    8158628,
    8158628,
    8158628,
    8158628,
    8158628,
    8158628,
    8158628,
    8158628,
    8158628,
    8158628,
    8158628,
    8158628,
    8158628,
    8158628,
    8158628,
    8158628,
    8158628,
    8158628,
    8158628,
    8158628,
    8158628,
    8158628
  ],