{
  "ebizzy.throughput": [
    67032,
    67110,
    67178,
    66850,
    67320
  ],
  "ebizzy.throughput.per_thread.min": [
    4094,
    4030,
    4040,
    3940,
    4082
  ],
  "ebizzy.throughput.per_thread.max": [
    4467,
    4672,
    4427,
    4369,
    4463
  ],
  "ebizzy.throughput.per_thread.stddev_percent": [
    0.15392612213463458,
    0.27821980029069865,
    0.1360644068262884,
    0.16810862189425774,
    0.12939614632532334
  ],
  "ebizzy.time.real": [
    5.0,
    5.0,
    5.0,
    5.0,
    5.0
  ],
  "ebizzy.time.user": [
    9.47,
    9.39,
    9.39,
    9.55,
    9.47
  ],
  "ebizzy.time.sys": [
    30.4,
    30.5,
    30.48,
    30.34,
    30.43
  ]
}