{
  "meminfo.time": [
    1478267237.5276957,
    1478267238.5314028,
    1478267239.550379,
    1478267240.5843995,
    1478267241.6055748,
    1478267242.6434102,
    1478267243.6664066,
    1478267244.688633,
    1478267245.7124248,
    1478267246.7404463,
    1478267247.7815177,
    1478267248.8233583,
    1478267249.840584,
    1478267250.8724103,
    1478267251.9073713,
    1478267252.9426472,
    1478267253.9754348,
    1478267255.0005093,
    1478267256.0294397,
    1478267257.0654607,
    1478267258.083664,
    1478267259.116481,
    1478267260.1474228,
    1478267261.1794224,
    1478267262.2114723,
    1478267263.2393835
  ],
  "meminfo.MemTotal": [
    16317260,
    16317260,
    16317260,
    16317260,
    16317260,
    16317260,
    16317260,
    16317260,
    16317260,
    16317260,
    16317260,
    16317260,
    16317260,
    16317260,
    16317260,
    16317260,
    16317260,
    16317260,
    16317260,
    16317260,
    16317260,
    16317260,
    16317260,
    16317260,
    16317260,
    16317260
  ],
  "meminfo.MemFree": [
    14766932,
    14750172,
    14748680,
    14748984,
    14749296,
    14749316,
    14749208,
    14748892,
    14749128,
    14748880,
    14748784,
    14749376,
    14749176,
    14749480,
    14748896,
    14749296,
    14749408,
    14749284,
    14749780,
    14749516,
    14749160,
    14748628,
    14749484,
    14749500,
    14749260,
    14749432
  ],
  "meminfo.MemAvailable": [
    15496372,
    15480144,
    15478676,
    15478988,
    15479300,
    15479324,
    15479204,
    15478888,
    15479128,
    15478880,
    15478764,
    15479368,
    15479168,
    15479468,
    15478880,
    15479280,
    15479400,
    15479276,
    15479768,
    15479504,
    15479144,
    15478608,
    15479468,
    15479484,
    15479244,
    15479404
  ],
  "meminfo.Buffers": [
    44596,
    44596,
    44604,
    44604,
    44608,
    44620,
    44620,
    44628,
    44628,
    44628,
    44636,
    44640,
    44648,
    44648,
    44648,
    44656,
    44656,
    44664,
    44664,
    44664,
    44672,
    44680,
    44680,
    44680,
    44680,
    44688
  ],
  "meminfo.Cached": [
    845984,
    846572,
    846580,
    846588,
    846584,
    846576,
    846588,
    846580,
    846588,
    846588,
    846580,
    846588,
    846580,
    846588,
    846588,
    846580,
    846588,
    846588,
    846588,
    846588,
    846580,
    846580,
    846588,
    846588,
    846588,
    846580
  ],
  "meminfo.Active": [
    606832,
    621100,
    621380,
    621456,
    621396,
    621052,
    622020,
    621480,
    621640,
    622824,
    621500,
    621604,
    622208,
    621104,
    621368,
    621312,
    621220,
    621772,
    620748,
    622756,
    621796,
    622280,
    621580,
    621716,
    622108,
    621532
  ],
  "meminfo.Inactive": [
    453240,
    453404,
    453404,
    453404,
    453404,
    453404,
    453404,
    453392,
    453392,
    453392,
    453392,
    453392,
    453392,
    453392,
    453392,
    453392,
    453392,
    453392,
    453392,
    453392,
    453392,
    453392,
    453392,
    453392,
    453392,
    453392
  ],
  "meminfo.Active(anon)": [
    172092,
    186028,
    186292,
    186360,
    186300,
    185952,
    186908,
    186356,
    186508,
    187692,
    186368,
    186460,
    187064,
    185952,
    186216,
    186160,
    186060,
    186604,
    185580,
    187588,
    186628,
    187104,
    186396,
    186532,
    186924,
    186348
  ],
  "meminfo.Inactive(anon)": [
    93984,
    93984,
    93984,
    93984,
    93984,
    93984,
    93984,
    93984,
    93984,
    93984,
    93984,
    93984,
    93984,
    93984,
    93984,
    93984,
    93984,
    93984,
    93984,
    93984,
    93984,
    93984,
    93984,
    93984,
    93984,
    93984
  ],
  "meminfo.Active(file)": [
    434740,
    435072,
    435088,
    435096,
    435096,
    435100,
    435112,
    435124,
    435132,
    435132,
    435132,
    435144,
    435144,
    435152,
    435152,
    435152,
    435160,
    435168,
    435168,
    435168,
    435168,
    435176,
    435184,
    435184,
    435184,
    435184
  ],
  "meminfo.Inactive(file)": [
    359256,
    359420,
    359420,
    359420,
    359420,
    359420,
    359420,
    359408,
    359408,
    359408,
    359408,
    359408,
    359408,
    359408,
    359408,
    359408,
    359408,
    359408,
    359408,
    359408,
    359408,
    359408,
    359408,
    359408,
    359408,
    359408
  ],
  "meminfo.Dirty": [
    536,
    868,
    884,
    884,
    108,
    4,
    276,
    284,
    288,
    288,
    0,
    24,
    32,
    36,
    0,
    4,
    36,
    40,
    40,
    40,
    4,
    32,
    32,
    32,
    32,
    4
  ],
  "meminfo.Writeback": [
    0,
    0,
    0,
    0,
    0,
    0,
    0,
    0,
    0,
    0,
    0,
    0,
    0,
    4,
    0,
    0,
    0,
    0,
    0,
    0,
    0,
    0,
    0,
    0,
    0,
    0
  ],
  "meminfo.AnonPages": [
    169388,
    182896,
    183272,
    183328,
    183572,
    183192,
    183904,
    183508,
    183548,
    183992,
    183612,
    183972,
    184024,
    182868,
    182772,
    183716,
    182864,
    184176,
    183044,
    185016,
    184192,
    184760,
    182408,
    183768,
    184244,
    184300
  ],
  "meminfo.Mapped": [
    252400,
    251588,
    251624,
    251624,
    251624,
    251624,
    251624,
    251624,
    251624,
    251624,
    251624,
    251624,
    251624,
    251624,
    251624,
    251624,
    251624,
    251624,
    251624,
    251624,
    251624,
    251624,
    251624,
    251624,
    251624,
    251624
  ],
  "meminfo.Shmem": [
    96688,
    96688,
    96688,
    96688,
    96688,
    96688,
    96688,
    96688,
    96688,
    96688,
    96688,
    96688,
    96688,
    96688,
    96688,
    96688,
    96688,
    96688,
    96688,
    96688,
    96688,
    96688,
    96688,
    96688,
    96688,
    96688
  ],
  "meminfo.Slab": [
    396544,
    396940,
    396988,
    396992,
    396992,
    396988,
    396796,
    396828,
    396832,
    396832,
    396632,
    396628,
    396644,
    396520,
    396512,
    396512,
    396512,
    396400,
    396392,
    396388,
    396384,
    396288,
    396284,
    396284,
    396284,
    396180
  ],
  "meminfo.SReclaimable": [
    48152,
    48224,
    48236,
    48240,
    48240,
    48236,
    48188,
    48188,
    48184,
    48184,
    48144,
    48144,
    48144,
    48120,
    48112,
    48112,
    48112,
    48092,
    48084,
    48084,
    48080,
    48052,
    48044,
    48044,
    48044,
    48020
  ],
  "meminfo.SUnreclaim": [
    348392,
    348716,
    348752,
    348752,
    348752,
    348752,
    348608,
    348640,
    348648,
    348648,
    348488,
    348484,
    348500,
    348400,
    348400,
    348400,
    348400,
    348308,
    348308,
    348304,
    348304,
    348236,
    348240,
    348240,
    348240,
    348160
  ],
  "meminfo.KernelStack": [
    9872,
    10480,
    10784,
    10784,
    10784,
    10784,
    10784,
    10784,
    10784,
    10784,
    10784,
    10784,
    10816,
    10848,
    10800,
    10784,
    10784,
    10784,
    10784,
    10784,
    10784,
    10784,
    10784,
    10784,
    10784,
    10784
  ],
  "meminfo.PageTables": [
    9644,
    10540,
    10804,
    10800,
    10804,
    10804,
    10804,
    10796,
    10800,
    10800,
    10804,
    10796,
    10832,
    10836,
    10808,
    10808,
    10804,
    10804,
    10800,
    10804,
    10800,
    10808,
    10808,
    10808,
    10804,
    10804
  ],
  "meminfo.CommitLimit": [
    8158628,
    8158628,
    8158628,
    8158628,
    8158628,
    8158628,
    8158628,
    8158628,
    8158628,
    8158628,
    8158628,
    8158628,
    8158628,
    8158628,
    8158628,
    8158628,
    8158628,
    8158628,
    8158628,
    8158628,
    8158628,
    8158628,
    8158628,
    8158628,
    8158628,
    8158628
  ],