{
  "meminfo.time": [
    1479401782.3703325,
    1479401783.3746605,
    1479401784.3791826,
    1479401785.3836834,
    1479401786.3882654,
    1479401787.3927238,
    1479401788.3973005,
    1479401789.4016151,
    1479401790.4059749,
    1479401791.41051,
    1479401792.4150643,
    1479401793.419671
  ],
  "meminfo.MemTotal": [
    16317260,
    16317260,
    16317260,
    16317260,
    16317260,
    16317260,
    16317260,
    16317260,
    16317260,
    16317260,
    16317260,
    16317260
  ],
  "meminfo.MemFree": [
    15002912,
    14996968,
    14990372,
    14989220,
    14990020,
    14989712,
    14989252,
    14989124,
    14989160,
    14989060,
    14988540,
    14989064
  ],
  "meminfo.MemAvailable": [
    15774400,
    15770940,
    15768564,
    15767548,
    15768356,
    15768060,
    15767596,
    15767476,
    15767492,
    15767396,
    15766872,
    15767396
  ],
  "meminfo.Buffers": [
    34712,
    34724,
    34864,
    34872,
    34884,
    34884,
    34884,
    34888,
    34896,
    34904,
    34904,
    34904
  ],
  "meminfo.Cached": [
    912628,
    915124,
    918668,
    919064,
    919052,
    919064,
    919064,
    919064,
    919064,
    919056,
    919064,
    919064
  ],
  "meminfo.Active": [
    680400,
    686216,
    696064,
    695864,
    695652,
    696752,
    696224,
    696184,
    696488,
    696548,
    696608,
    696324
  ],
  "meminfo.Inactive": [
    484800,
    485624,
    481640,
    481636,
    481640,
    481640,
    481640,
    481636,
    481640,
    481640,
    481640,
    481640
  ],
  "meminfo.Active(anon)": [
    220628,
    224936,
    226608,
    226268,
    226048,
    227136,
    226608,
    226560,
    226868,
    226920,
    226972,
    226688
  ],
  "meminfo.Inactive(anon)": [
    116868,
    116868,
    116868,
    116868,
    116868,
    116868,
    116868,
    116868,
    116868,
    116868,
    116868,
    116868
  ],
  "meminfo.Active(file)": [
    459772,
    461280,
    469456,
    469596,
    469604,
    469616,
    469616,
    469624,
    469620,
    469628,
    469636,
    469636
  ],
  "meminfo.Inactive(file)": [
    367932,
    368756,
    364772,
    364768,
    364772,
    364772,
    364772,
    364768,
    364772,
    364772,
    364772,
    364772
  ],
  "meminfo.Dirty": [
    3448,
    3620,
    188,
    212,
    212,
    716,
    716,
    0,
    16,
    16,
    76,
    76
  ],
  "meminfo.Writeback": [
    4,
    0,
    0,
    0,
    0,
    0,
    0,
    4,
    0,
    0,
    0,
    0
  ],
  "meminfo.AnonPages": [
    217916,
    222032,
    223716,
    223616,
    223388,
    224208,
    223704,
    223708,
    224252,
    224268,
    224280,
    223784
  ],
  "meminfo.Mapped": [
    275808,
    276432,
    277544,
    277540,
    277548,
    277540,
    277540,
    277540,
    277540,
    277540,
    277540,
    277548
  ],
  "meminfo.Shmem": [
    119572,
    119572,
    119572,
    119572,
    119572,
    119572,
    119572,
    119572,
    119572,
    119572,
    119572,
    119572
  ],
  "meminfo.Slab": [
    97236,
    98112,
    98304,
    98336,
    98232,
    98256,
    98256,
    98268,
    98096,
    98100,
    98056,
    98060
  ],
  "meminfo.SReclaimable": [
    64832,
    65136,
    65188,
    65192,
    65180,
    65184,
    65176,
    65180,
    65144,
    65136,
    65112,
    65112
  ],
  "meminfo.SUnreclaim": [
    32404,
    32976,
    33116,
    33144,
    33052,
    33072,
    33080,
    33088,
    32952,
    32964,
    32944,
    32948
  ],
  "meminfo.KernelStack": [
    12624,
    13232,
    13456,
    13376,
    13376,
    13376,
    13376,
    13376,
    13376,
    13376,
    13376,
    13376
  ],
  "meminfo.PageTables": [
    12664,
    14152,
    14664,
    14520,
    14516,
    14516,
    14520,
    14516,
    14520,
    14520,
    14516,
    14512
  ],
  "meminfo.CommitLimit": [
    8158628,
    8158628,
    8158628,
    8158628,
    8158628,
    8158628,
    8158628,
    8158628,
    8158628,
    8158628,
    8158628,
    8158628
  ],
  "meminfo.Committed_AS": [
    35634792,
    35644804,
    35686764,
    35690516,
    35695148,
    35686640,
    35701092,
    35695724,
    35690872,
    35698132,
    35701268,
    35697908
  ],
  "meminfo.VmallocTotal": [
    34359738367,
    34359738367,
    34359738367,
    34359738367,
    34359738367,
    34359738367,
    34359738367,
    34359738367,
    34359738367,
    34359738367,
    34359738367,
    34359738367
  ],
  "meminfo.DirectMap4k": [
    18012,
    18012,
    18012,
    18012,
    18012,
    18012,
    18012,
    18012,
    18012,
    18012,
    18012,
    18012
  ],
  "meminfo.DirectMap2M": [
    1953792,
    1953792,
    1953792,
    1953792,
    1953792,
    1953792,
    1953792,
    1953792,
    1953792,
    1953792,
    1953792,
    1953792
  ],
  "meminfo.DirectMap1G": [
    14680064,
    14680064,
    14680064,
    14680064,
    14680064,
    14680064,
    14680064,
    14680064,
    14680064,
    14680064,
    14680064,
    14680064
  ]
}