{
  "proc-vmstat.time": [
    1479401782.3550544,
    1479401783.3603315,
    1479401784.364618,
    1479401785.3691015,
    1479401786.373508,
    1479401787.3781657,
    1479401788.382824,
    1479401789.387379,
    1479401790.391559,
    1479401791.3961718,
    1479401792.4007647,
    1479401793.405377
  ],
  "proc-vmstat.nr_free_pages": [
    3751049,
    3749335,
    3747593,
    3747371,
    3747505,
    3747498,
    3747313,
    3747282,
    3747290,
    3747265,
    3747135,
    3747336
  ],
  "proc-vmstat.nr_alloc_batch": [
    333,
    847,
    851,
    312,
    879,
    401,
    958,
    404,
    59,
    746,
    46,
    880
  ],
  "proc-vmstat.nr_inactive_anon": [
    29217,
    29217,
    29217,
    29217,
    29217,
    29217,
    29217,
    29217,
    29217,
    29217,
    29217,
    29217
  ],
  "proc-vmstat.nr_active_anon": [
    55141,
    55974,
    56652,
    56567,
    56642,
    56719,
    56652,
    56705,
    56717,
    56730,
    56743,
    56607
  ],
  "proc-vmstat.nr_inactive_file": [
    91983,
    92124,
    91193,
    91192,
    91193,
    91193,
    91193,
    91192,
    91193,
    91193,
    91193,
    91193
  ],
  "proc-vmstat.nr_active_file": [
    114943,
    115320,
    117364,
    117399,
    117401,
    117404,
    117404,
    117406,
    117405,
    117407,
    117409,
    117409
  ],
  "proc-vmstat.nr_anon_pages": [
    54414,
    55378,
    55929,
    55904,
    55912,
    55987,
    55926,
    55992,
    55998,
    56002,
    56070,
    55946
  ],
  "proc-vmstat.nr_mapped": [
    68758,
    69011,
    69386,
    69385,
    69387,
    69385,
    69385,
    69385,
    69385,
    69385,
    69385,
    69387
  ],
  "proc-vmstat.nr_file_pages": [
    236835,
    237365,
    238383,
    238484,
    238484,
    238487,
    238487,
    238488,
    238490,
    238490,
    238492,
    238492
  ],
  "proc-vmstat.nr_dirty": [
    862,
    905,
    47,
    53,
    53,
    179,
    179,
    0,
    4,
    4,
    19,
    19
  ],
  "proc-vmstat.nr_writeback": [
    1,
    0,
    0,
    0,
    0,
    0,
    0,
    1,
    0,
    0,
    0,
    0
  ],
  "proc-vmstat.nr_slab_reclaimable": [
    16208,
    16284,
    16297,
    16298,
    16295,
    16296,
    16294,
    16295,
    16286,
    16284,
    16278,
    16278
  ],
  "proc-vmstat.nr_slab_unreclaimable": [
    8101,
    8244,
    8279,
    8286,
    8263,
    8268,
    8270,
    8272,
    8238,
    8241,
    8236,
    8237
  ],
  "proc-vmstat.nr_page_table_pages": [
    3263,
    3538,
    3666,
    3630,
    3629,
    3629,
    3630,
    3629,
    3630,
    3630,
    3629,
    3628
  ],
  "proc-vmstat.nr_kernel_stack": [
    789,
    827,
    841,
    836,
    836,
    836,
    836,
    836,
    836,
    836,
    836,
    836
  ],
  "proc-vmstat.nr_shmem": [
    29893,
    29893,
    29893,
    29893,
    29893,
    29893,
    29893,
    29893,
    29893,
    29893,
    29893,
    29893
  ],
  "proc-vmstat.nr_dirtied": [
    107602,
    107648,
    107653,
    107660,
    107661,
    107788,
    107789,
    107790,
    107795,
    107796,
    107812,
    107813
  ],
  "proc-vmstat.nr_written": [
    104724,
    104727,
    105590,
    105591,
    105592,
    105593,
    105594,
    105773,
    105775,
    105776,
    105777,
    105778
  ],
  "proc-vmstat.nr_dirty_threshold": [
    785625,
    785386,
    785260,
    785222,
    785250,
    785249,
    785212,
    785206,
    785208,
    785203,
    785177,
    785218
  ],
  "proc-vmstat.nr_dirty_background_threshold": [
    196406,
    196346,
    196315,
    196305,
    196312,
    196312,
    196303,
    196301,
    196302,
    196300,
    196294,
    196304
  ],
  "proc-vmstat.pgpgin": [
    650723,
    652399,
    656443,
    656443,
    656443,
    656443,
    656443,
    656443,
    656443,
    656443,
    656443,
    656443
  ],
  "proc-vmstat.pgpgout": [
    439492,
    439496,
    442892,
    442940,
    443472,
    443476,
    443480,
    444148,
    444180,
    444256,
    444260,
    444264
  ],
  "proc-vmstat.pgalloc_dma": [
    1,
    1,
    1,
    1,
    1,
    1,
    1,
    1,
    1,
    1,
    1,
    1
  ],
  "proc-vmstat.pgalloc_dma32": [
    157874,
    160280,
    160995,
    161115,
    161416,
    161611,
    161879,
    162060,
    162293,
    162489,
    162721,
    162998
  ],
  "proc-vmstat.pgalloc_normal": [
    962304,
    976078,
    980657,
    982059,
    983278,
    984599,
    985839,
    987322,
    988594,
    989897,
    991453,
    992669
  ],
  "proc-vmstat.pgfree": [
    4873262,
    4887186,
    4891000,
    4892532,
    4894032,
    4895535,
    4897046,
    4898753,
    4900248,
    4901758,
    4903510,
    4905049
  ],
  "proc-vmstat.pgactivate": [
    114115,
    114146,
    116175,
    116175,
    116176,
    116177,
    116178,
    116179,
    116180,
    116181,
    116181,
    116182
  ],
  "proc-vmstat.pgfault": [
    1194929,
    1217480,
    1230749,
    1232878,
    1235013,
    1237145,
    1239268,
    1241688,
    1243816,
    1245944,
    1248487,
    1250593
  ],
  "proc-vmstat.pgmajfault": [
    3802,
    3817,
    3841,
    3841,
    3841,
    3841,
    3841,
    3841,
    3841,
    3841,
    3841,
    3841
  ],
  "proc-vmstat.pageoutrun": [
    1,
    1,
    1,
    1,
    1,
    1,
    1,
    1,
    1,
    1,
    1,
    1
  ]
}