{
  "diskstats.time": [
    1468895239.084629,
    1468895240.0900264,
    1468895241.1335738,
    1468895242.187198,
    1468895243.236769,
    1468895244.2817001,
    1468895245.317433,
    1468895246.3476198,
    1468895247.3880515,
    1468895248.4576528,
    1468895249.492301
  ],
  "diskstats.sda.read_ios": [
    31498,
    31498,
    31498,
    31498,
    31498,
    31498,
    31498,
    31498,
    31498,
    31498,
    31498
  ],
  "diskstats.sda.read_merges": [
    693,
    693,
    693,
    693,
    693,
    693,
    693,
    693,
    693,
    693,
    693
  ],
  "diskstats.sda.read_sectors": [
    741238,
    741238,
    741238,
    741238,
    741238,
    741238,
    741238,
    741238,
    741238,
    741238,
    741238
  ],
  "diskstats.sda.read_ticks": [
    326864,
    326864,
    326864,
    326864,
    326864,
    326864,
    326864,
    326864,
    326864,
    326864,
    326864
  ],
  "diskstats.sda.write_ios": [
    1210,
    1210,
    1212,
    1212,
    1212,
    1212,
    1212,
    1215,
    1215,
    1215,
    1215
  ],
  "diskstats.sda.write_merges": [
    6032,
    6032,
    6071,
    6071,
    6071,
    6071,
    6071,
    6075,
    6075,
    6075,
    6075
  ],
  "diskstats.sda.write_sectors": [
    86376,
    86376,
    86704,
    86704,
    86704,
    86704,
    86704,
    86760,
    86760,
    86760,
    86760
  ],
  "diskstats.sda.write_ticks": [
    20612,
    20612,
    20612,
    20612,
    20612,
    20612,
    20612,
    20632,
    20632,
    20632,
    20632
  ],
  "diskstats.sda.io_ticks": [
    49708,
    49708,
    49708,
    49708,
    49708,
    49708,
    49708,
    49728,
    49728,
    49728,
    49728
  ],
  "diskstats.sda.time_in_queue": [
    347460,
    347460,
    347460,
    347460,
    347460,
    347460,
    347460,
    347480,
    347480,
    347480,
    347480
  ],
  "diskstats.sda1.read_ios": [
    31359,
    31359,
    31359,
    31359,
    31359,
    31359,
    31359,
    31359,
    31359,
    31359,
    31359
  ],
  "diskstats.sda1.read_merges": [
    693,
    693,
    693,
    693,
    693,
    693,
    693,
    693,
    693,
    693,
    693
  ],
  "diskstats.sda1.read_sectors": [
    732674,
    732674,
    732674,
    732674,
    732674,
    732674,
    732674,
    732674,
    732674,
    732674,
    732674
  ],
  "diskstats.sda1.read_ticks": [
    325332,
    325332,
    325332,
    325332,
    325332,
    325332,
    325332,
    325332,
    325332,
    325332,
    325332
  ],
  "diskstats.sda1.write_ios": [
    1210,
    1210,
    1212,
    1212,
    1212,
    1212,
    1212,
    1215,
    1215,
    1215,
    1215
  ],
  "diskstats.sda1.write_merges": [
    6032,
    6032,
    6071,
    6071,
    6071,
    6071,
    6071,
    6075,
    6075,
    6075,
    6075
  ],
  "diskstats.sda1.write_sectors": [
    86376,
    86376,
    86704,
    86704,
    86704,
    86704,
    86704,
    86760,
    86760,
    86760,
    86760
  ],
  "diskstats.sda1.write_ticks": [
    20612,
    20612,
    20612,
    20612,
    20612,
    20612,
    20612,
    20632,
    20632,
    20632,
    20632
  ],
  "diskstats.sda1.io_ticks": [
    49372,
    49372,
    49372,
    49372,
    49372,
    49372,
    49372,
    49392,
    49392,
    49392,
    49392
  ],
  "diskstats.sda1.time_in_queue": [
    345868,
    345868,
    345868,
    345868,
    345868,
    345868,
    345868,
    345888,
    345888,
    345888,
    345888
  ],
  "diskstats.sda2.read_ios": [
    2,
    2,
    2,
    2,
    2,
    2,
    2,
    2,
    2,
    2,
    2
  ],
  "diskstats.sda2.read_sectors": [
    4,
    4,
    4,
    4,
    4,
    4,
    4,
    4,
    4,
    4,
    4
  ],
  "diskstats.sda2.read_ticks": [
    28,
    28,
    28,
    28,
    28,
    28,
    28,
    28,
    28,
    28,
    28
  ],
  "diskstats.sda2.io_ticks": [
    28,
    28,
    28,
    28,
    28,
    28,
    28,
    28,
    28,
    28,
    28
  ],
  "diskstats.sda2.time_in_queue": [
    28,
    28,
    28,
    28,
    28,
    28,
    28,
    28,
    28,
    28,
    28
  ],
  "diskstats.sda5.read_ios": [
    50,
    50,
    50,
    50,
    50,
    50,
    50,
    50,
    50,
    50,
    50
  ],
  "diskstats.sda5.read_sectors": [
    4408,
    4408,
    4408,
    4408,
    4408,
    4408,
    4408,
    4408,
    4408,
    4408,
    4408
  ],
  "diskstats.sda5.read_ticks": [
    920,
    920,
    920,
    920,
    920,
    920,
    920,
    920,
    920,
    920,
    920
  ],
  "diskstats.sda5.io_ticks": [
    888,
    888,
    888,
    888,
    888,
    888,
    888,
    888,
    888,
    888,
    888
  ],
  "diskstats.sda5.time_in_queue": [
    920,
    920,
    920,
    920,
    920,
    920,
    920,
    920,
    920,
    920,
    920
  ]
}