{
  "ebizzy.throughput": [
    51049,
    50758
  ],
  "ebizzy.throughput.per_thread.min": [
    4520,
    4832
  ],
  "ebizzy.throughput.per_thread.max": [
    7524,
    7684
  ],
  "ebizzy.throughput.per_thread.stddev_percent": [
    1.7828636330973675,
    1.9731010032995584
  ],
  "ebizzy.time.real": [
    5.0,
    5.0
  ],
  "ebizzy.time.user": [
    19.85,
    19.81
  ],
  "ebizzy.time.sys": [
    0.03,
    0.04
  ]
}