{
  "meminfo.time": [
    1468895239.0512266,
    1468895240.0637672,
    1468895241.1002526,
    1468895242.1636949,
    1468895243.2197034,
    1468895244.2728667,
    1468895245.3024106,
    1468895246.3520887,
    1468895247.3920286,
    1468895248.440048,
    1468895249.4802485
  ],
  "meminfo.MemTotal": [
    2030684,
    2030684,
    2030684,
    2030684,
    2030684,
    2030684,
    2030684,
    2030684,
    2030684,
    2030684,
    2030684
  ],
  "meminfo.MemFree": [
    1399604,
    1387656,
    1387204,
    1386956,
    1386940,
    1386620,
    1387412,
    1387180,
    1387032,
    1386924,
    1386792
  ],
  "meminfo.MemAvailable": [
    1827724,
    1816044,
    1815628,
    1815396,
    1815380,
    1815060,
    1815852,
    1815620,
    1815480,
    1815372,
    1815240
  ],
  "meminfo.Buffers": [
    101704,
    101704,
    101716,
    101716,
    101716,
    101716,
    101716,
    101724,
    101724,
    101724,
    101724
  ],
  "meminfo.Cached": [
    303580,
    303792,
    303796,
    303808,
    303808,
    303808,
    303808,
    303808,
    303808,
    303808,
    303808
  ],
  "meminfo.Active": [
    312744,
    324120,
    324412,
    324572,
    324472,
    324432,
    324788,
    324704,
    324552,
    324648,
    324632
  ],
  "meminfo.Inactive": [
    165548,
    165552,
    165576,
    165576,
    165576,
    165576,
    165564,
    165564,
    165564,
    165564,
    165564
  ],
  "meminfo.Active(anon)": [
    74524,
    85708,
    85992,
    86140,
    86040,
    86000,
    86344,
    86260,
    86100,
    86196,
    86180
  ],
  "meminfo.Inactive(anon)": [
    22708,
    22708,
    22708,
    22708,
    22708,
    22708,
    22708,
    22708,
    22708,
    22708,
    22708
  ],
  "meminfo.Active(file)": [
    238220,
    238412,
    238420,
    238432,
    238432,
    238432,
    238444,
    238444,
    238452,
    238452,
    238452
  ],
  "meminfo.Inactive(file)": [
    142840,
    142844,
    142868,
    142868,
    142868,
    142868,
    142856,
    142856,
    142856,
    142856,
    142856
  ],
  "meminfo.SwapTotal": [
    2094076,
    2094076,
    2094076,
    2094076,
    2094076,
    2094076,
    2094076,
    2094076,
    2094076,
    2094076,
    2094076
  ],
  "meminfo.SwapFree": [
    2094076,
    2094076,
    2094076,
    2094076,
    2094076,
    2094076,
    2094076,
    2094076,
    2094076,
    2094076,
    2094076
  ],
  "meminfo.Dirty": [
    2520,
    2716,
    2732,
    2824,
    2824,
    2824,
    2824,
    2820,
    2820,
    2820,
    2820
  ],
  "meminfo.AnonPages": [
    73004,
    84220,
    84488,
    84420,
    84564,
    84572,
    84716,
    84740,
    84632,
    84648,
    84676
  ],
  "meminfo.Mapped": [
    80476,
    80444,
    80292,
    80292,
    80476,
    80356,
    80292,
    80292,
    80292,
    80292,
    80292
  ],
  "meminfo.Shmem": [
    24228,
    24228,
    24228,
    24228,
    24228,
    24228,
    24228,
    24228,
    24228,
    24228,
    24228
  ],
  "meminfo.Slab": [
    100244,
    100392,
    100404,
    100408,
    100424,
    100436,
    100436,
    100436,
    100436,
    100444,
    100452
  ],
  "meminfo.SReclaimable": [
    68024,
    68096,
    68100,
    68104,
    68104,
    68104,
    68104,
    68104,
    68104,
    68104,
    68104
  ],
  "meminfo.SUnreclaim": [
    32220,
    32296,
    32304,
    32304,
    32320,
    32332,
    32332,
    32332,
    32332,
    32340,
    32348
  ],
  "meminfo.KernelStack": [
    5552,
    6080,
    6256,
    6256,
    6256,
    6304,
    6272,
    6256,
    6256,
    6256,
    6256
  ],
  "meminfo.PageTables": [
    7880,
    8420,
    8408,
    8412,
    8408,
    8432,
    8432,
    8408,
    8404,
    8408,
    8412
  ],
  "meminfo.CommitLimit": [
    3109416,
    3109416,
    3109416,
    3109416,
    3109416,
    3109416,
    3109416,
    3109416,
    3109416,
    3109416,
    3109416
  ],
  "meminfo.Committed_AS": [
    471724,
    551792,
    549640,
    551696,
    551696,
    551696,
    548324,
    548324,
    548324,
    550396,
    550396
  ],
  "meminfo.VmallocTotal": [
    34359738367,
    34359738367,
    34359738367,
    34359738367,
    34359738367,
    34359738367,
    34359738367,
    34359738367,
    34359738367,
    34359738367,
    34359738367
  ],
  "meminfo.AnonHugePages": [
    18432,
    18432,
    18432,
    18432,
    18432,
    18432,
    18432,
    18432,
    18432,
    18432,
    18432
  ],
  "meminfo.Hugepagesize": [
    2048,
    2048,
    2048,
    2048,
    2048,
    2048,
    2048,
    2048,
    2048,
    2048,
    2048
  ],
  "meminfo.DirectMap4k": [
    63360,
    63360,
    63360,
    63360,
    63360,
    63360,
    63360,
    63360,
    63360,
    63360,
    63360
  ],
  "meminfo.DirectMap2M": [
    2033664,
    2033664,
    2033664,
    2033664,
    2033664,
    2033664,
    2033664,
    2033664,
    2033664,
    2033664,
    2033664
  ]
}