{
  "proc-vmstat.time": [
    1468895239.0403194,
    1468895240.0758898,
    1468895241.1002371,
    1468895242.164626,
    1468895243.197028,
    1468895244.235938,
    1468895245.2718735,
    1468895246.296134,
    1468895247.336149,
    1468895248.384076,
    1468895249.432565
  ],
  "proc-vmstat.nr_free_pages": [
    350169,
    346840,
    346801,
    346770,
    346735,
    346698,
    346853,
    346826,
    346795,
    346731,
    346698
  ],
  "proc-vmstat.nr_alloc_batch": [
    102,
    34,
    229,
    96,
    36,
    282,
    24,
    229,
    4,
    141,
    43
  ],
  "proc-vmstat.nr_inactive_anon": [
    5677,
    5677,
    5677,
    5677,
    5677,
    5677,
    5677,
    5677,
    5677,
    5677,
    5677
  ],
  "proc-vmstat.nr_active_anon": [
    18445,
    21458,
    21498,
    21504,
    21510,
    21545,
    21524,
    21565,
    21556,
    21549,
    21576
  ],
  "proc-vmstat.nr_inactive_file": [
    35710,
    35711,
    35717,
    35717,
    35717,
    35717,
    35714,
    35714,
    35714,
    35714,
    35714
  ],
  "proc-vmstat.nr_active_file": [
    59555,
    59603,
    59605,
    59608,
    59608,
    59608,
    59611,
    59611,
    59613,
    59613,
    59613
  ],
  "proc-vmstat.nr_anon_pages": [
    18065,
    21086,
    21122,
    21074,
    21141,
    21183,
    21179,
    21185,
    21189,
    21193,
    21200
  ],
  "proc-vmstat.nr_mapped": [
    20119,
    20111,
    20073,
    20073,
    20073,
    20089,
    20073,
    20073,
    20073,
    20073,
    20073
  ],
  "proc-vmstat.nr_file_pages": [
    101321,
    101374,
    101378,
    101381,
    101381,
    101381,
    101381,
    101383,
    101383,
    101383,
    101383
  ],
  "proc-vmstat.nr_dirty": [
    630,
    679,
    683,
    706,
    706,
    706,
    706,
    705,
    705,
    705,
    705
  ],
  "proc-vmstat.nr_slab_reclaimable": [
    17006,
    17024,
    17025,
    17026,
    17026,
    17026,
    17026,
    17026,
    17026,
    17026,
    17026
  ],
  "proc-vmstat.nr_slab_unreclaimable": [
    8055,
    8074,
    8076,
    8076,
    8080,
    8083,
    8083,
    8083,
    8083,
    8085,
    8087
  ],
  "proc-vmstat.nr_page_table_pages": [
    1878,
    2105,
    2102,
    2103,
    2102,
    2107,
    2108,
    2102,
    2101,
    2102,
    2103
  ],
  "proc-vmstat.nr_kernel_stack": [
    347,
    380,
    391,
    391,
    391,
    392,
    392,
    391,
    391,
    391,
    391
  ],
  "proc-vmstat.nr_shmem": [
    6057,
    6057,
    6057,
    6057,
    6057,
    6057,
    6057,
    6057,
    6057,
    6057,
    6057
  ],
  "proc-vmstat.nr_dirtied": [
    9694,
    9743,
    9747,
    9770,
    9770,
    9770,
    9770,
    9770,
    9770,
    9770,
    9770
  ],
  "proc-vmstat.nr_written": [
    7506,
    7506,
    7506,
    7506,
    7506,
    7506,
    7506,
    7507,
    7507,
    7507,
    7507
  ],
  "proc-vmstat.numa_hit": [
    631658,
    646440,
    647327,
    648130,
    648921,
    649748,
    654713,
    655640,
    656563,
    657494,
    658656
  ],
  "proc-vmstat.numa_interleave": [
    27212,
    27212,
    27212,
    27212,
    27212,
    27212,
    27212,
    27212,
    27212,
    27212,
    27212
  ],
  "proc-vmstat.numa_local": [
    631658,
    646440,
    647327,
    648130,
    648921,
    649748,
    654713,
    655640,
    656563,
    657494,
    658656
  ],
  "proc-vmstat.nr_anon_transparent_hugepages": [
    9,
    9,
    9,
    9,
    9,
    9,
    9,
    9,
    9,
    9,
    9
  ],
  "proc-vmstat.nr_dirty_threshold": [
    88274,
    87618,
    87612,
    87607,
    87600,
    87592,
    87623,
    87618,
    87612,
    87599,
    87593
  ],
  "proc-vmstat.nr_dirty_background_threshold": [
    44137,
    43809,
    43806,
    43803,
    43800,
    43796,
    43811,
    43809,
    43806,
    43799,
    43796
  ],
  "proc-vmstat.pgpgin": [
    370811,
    370811,
    370811,
    370811,
    370811,
    370811,
    370811,
    370811,
    370811,
    370811,
    370811
  ],
  "proc-vmstat.pgpgout": [
    43188,
    43188,
    43352,
    43352,
    43352,
    43352,
    43352,
    43380,
    43380,
    43380,
    43380
  ],
  "proc-vmstat.pgalloc_dma": [
    10527,
    10573,
    10573,
    10573,
    10573,
    10573,
    10584,
    10584,
    10584,
    10584,
    10584
  ],
  "proc-vmstat.pgalloc_dma32": [
    688430,
    703683,
    704609,
    705470,
    706260,
    707154,
    712131,
    713097,
    714056,
    715022,
    716232
  ],
  "proc-vmstat.pgfree": [
    1049489,
    1061355,
    1062272,
    1063124,
    1063917,
    1064801,
    1069783,
    1070737,
    1071699,
    1072651,
    1073858
  ],
  "proc-vmstat.pgactivate": [
    37404,
    37406,
    37406,
    37406,
    37406,
    37406,
    37409,
    37409,
    37409,
    37409,
    37409
  ],
  "proc-vmstat.pgfault": [
    665146,
    682578,
    683647,
    684679,
    685601,
    686661,
    691804,
    692941,
    694077,
    695208,
    696622
  ],
  "proc-vmstat.pgmajfault": [
    1427,
    1427,
    1427,
    1427,
    1427,
    1427,
    1427,
    1427,
    1427,
    1427,
    1427
  ],
  "proc-vmstat.pageoutrun": [
    1,
    1,
    1,
    1,
    1,
    1,
    1,
    1,
    1,
    1,
    1
  ],
  "proc-vmstat.thp_fault_alloc": [
    58,
    58,
    58,
    58,
    58,
    58,
    58,
    58,
    58,
    58,
    58
  ],
  "proc-vmstat.thp_collapse_alloc": [
    4,
    4,
    4,
    4,
    4,
    4,
    4,
    4,
    4,
    4,
    4
  ],
  "proc-vmstat.thp_split": [
    3,
    3,
    3,
    3,
    3,
    3,
    3,
    3,
    3,
    3,
    3
  ]
}