{
  "meminfo.time": [
    1478265701.4424667,
    1478265702.44755,
    1478265703.4854212,
    1478265704.5044007,
    1478265705.537497,
    1478265706.5703833,
    1478265707.598391,
    1478265708.6234574,
    1478265709.6534092,
    1478265710.6824176,
    1478265711.7244813,
    1478265712.7514307,
    1478265713.7786157,
    1478265714.8064346,
    1478265715.8394365,
    1478265716.874451,
    1478265717.896611,
    1478265718.9164443,
    1478265719.9455862,
    1478265720.9635556,
    1478265721.9964223,
    1478265723.0274405,
    1478265724.0584092,
    1478265725.0834138,
    1478265726.1104639,
    1478265727.1334312
  ],
  "meminfo.MemTotal": [
    16317260,
    16317260,
    16317260,
    16317260,
    16317260,
    16317260,
    16317260,
    16317260,
    16317260,
    16317260,
    16317260,
    16317260,
    16317260,
    16317260,
    16317260,
    16317260,
    16317260,
    16317260,
    16317260,
    16317260,
    16317260,
    16317260,
    16317260,
    16317260,
    16317260,
    16317260
  ],
  "meminfo.MemFree": [
    15136624,
    15120264,
    15120512,
    15120316,
    15121016,
    15120768,
    15120696,
    15121120,
    15121108,
    15121108,
    15120736,
    15120180,
    15121048,
    15121072,
    15120676,
    15121064,
    15121296,
    15120536,
    15120560,
    15121428,
    15121180,
    15121180,
    15121176,
    15120916,
    15120808,
    15120152
  ],
  "meminfo.MemAvailable": [
    15854960,
    15839992,
    15840376,
    15840184,
    15840876,
    15840636,
    15840564,
    15841000,
    15840980,
    15840980,
    15840616,
    15840060,
    15840932,
    15840956,
    15840560,
    15840956,
    15841180,
    15840420,
    15840444,
    15841304,
    15841064,
    15841072,
    15841068,
    15840804,
    15840700,
    15840052
  ],
  "meminfo.Buffers": [
    37204,
    37212,
    37212,
    37216,
    37224,
    37224,
    37232,
    37232,
    37232,
    37240,
    37240,
    37248,
    37248,
    37248,
    37256,
    37256,
    37264,
    37264,
    37264,
    37272,
    37272,
    37280,
    37280,
    37280,
    37288,
    37296
  ],
  "meminfo.Cached": [
    843592,
    844412,
    844532,
    844532,
    844524,
    844532,
    844524,
    844532,
    844532,
    844524,
    844532,
    844524,
    844532,
    844532,
    844524,
    844532,
    844532,
    844532,
    844532,
    844524,
    844532,
    844532,
    844532,
    844532,
    844524,
    844524
  ],
  "meminfo.Active": [
    563444,
    579244,
    579340,
    579624,
    578608,
    578692,
    579092,
    579248,
    579024,
    579796,
    580216,
    579504,
    579244,
    580248,
    579136,
    579248,
    580084,
    579908,
    579544,
    578896,
    579948,
    580244,
    579316,
    579056,
    579896,
    579580
  ],
  "meminfo.Inactive": [
    485076,
    484752,
    484844,
    484840,
    484840,
    484840,
    484840,
    484828,
    484828,
    484828,
    484828,
    484828,
    484828,
    484828,
    484828,
    484828,
    484828,
    484828,
    484828,
    484828,
    484828,
    484828,
    484828,
    484828,
    484828,
    484828
  ],
  "meminfo.Active(anon)": [
    170812,
    185064,
    185132,
    185408,
    184392,
    184468,
    184868,
    185004,
    184780,
    185552,
    185964,
    185252,
    184984,
    185988,
    184876,
    184980,
    185808,
    185632,
    185268,
    184620,
    185664,
    185952,
    185024,
    184764,
    185604,
    185280
  ],
  "meminfo.Inactive(anon)": [
    93984,
    93984,
    93984,
    93984,
    93984,
    93984,
    93984,
    93984,
    93984,
    93984,
    93984,
    93984,
    93984,
    93984,
    93984,
    93984,
    93984,
    93984,
    93984,
    93984,
    93984,
    93984,
    93984,
    93984,
    93984,
    93984
  ],
  "meminfo.Active(file)": [
    392632,
    394180,
    394208,
    394216,
    394216,
    394224,
    394224,
    394244,
    394244,
    394244,
    394252,
    394252,
    394260,
    394260,
    394260,
    394268,
    394276,
    394276,
    394276,
    394276,
    394284,
    394292,
    394292,
    394292,
    394292,
    394300
  ],
  "meminfo.Inactive(file)": [
    391092,
    390768,
    390860,
    390856,
    390856,
    390856,
    390856,
    390844,
    390844,
    390844,
    390844,
    390844,
    390844,
    390844,
    390844,
    390844,
    390844,
    390844,
    390844,
    390844,
    390844,
    390844,
    390844,
    390844,
    390844,
    390844
  ],
  "meminfo.Dirty": [
    164,
    352,
    368,
    16,
    20,
    300,
    300,
    304,
    4,
    8,
    44,
    44,
    52,
    8,
    12,
    28,
    28,
    0,
    4,
    4,
    24,
    32,
    0,
    4,
    4,
    20
  ],
  "meminfo.Writeback": [
    0,
    0,
    0,
    0,
    0,
    0,
    0,
    0,
    0,
    0,
    0,
    0,
    0,
    0,
    0,
    4,
    0,
    0,
    0,
    0,
    0,
    0,
    0,
    0,
    0,
    0
  ],
  "meminfo.AnonPages": [
    167984,
    182168,
    182144,
    182376,
    182052,
    181472,
    181552,
    182352,
    181748,
    182612,
    183216,
    182336,
    182204,
    182976,
    182132,
    182268,
    182980,
    182968,
    182520,
    182456,
    182516,
    182780,
    182348,
    181868,
    182084,
    182048
  ],
  "meminfo.Mapped": [
    252436,
    252024,
    251672,
    251672,
    251672,
    251672,
    251672,
    251672,
    251672,
    251672,
    251672,
    251672,
    251672,
    251672,
    251672,
    251672,
    251672,
    251672,
    251672,
    251672,
    251672,
    251672,
    251672,
    251672,
    251672,
    251672
  ],
  "meminfo.Shmem": [
    96688,
    96688,
    96688,
    96688,
    96688,
    96688,
    96688,
    96688,
    96688,
    96688,
    96688,
    96688,
    96688,
    96688,
    96688,
    96688,
    96688,
    96688,
    96688,
    96688,
    96688,
    96688,
    96688,
    96688,
    96688,
    96688
  ],
  "meminfo.Slab": [
    85688,
    86412,
    86488,
    86496,
    86344,
    86348,
    86348,
    86400,
    86252,
    86252,
    86252,
    86248,
    86164,
    86164,
    86164,
    86160,
    86012,
    86012,
    86020,
    85888,
    85892,
    85892,
    85892,
    85788,
    85796,
    85796
  ],
  "meminfo.SReclaimable": [
    46488,
    46824,
    46852,
    46852,
    46836,
    46840,
    46840,
    46844,
    46832,
    46832,
    46832,
    46832,
    46820,
    46820,
    46820,
    46820,
    46792,
    46792,
    46792,
    46776,
    46776,
    46776,
    46776,
    46768,
    46776,
    46776
  ],
  "meminfo.SUnreclaim": [
    39200,
    39588,
    39636,
    39644,
    39508,
    39508,
    39508,
    39556,
    39420,
    39420,
    39420,
    39416,
    39344,
    39344,
    39344,
    39340,
    39220,
    39220,
    39228,
    39112,
    39116,
    39116,
    39116,
    39020,
    39020,
    39020
  ],
  "meminfo.KernelStack": [
    9856,
    10464,
    10768,
    10768,
    10768,
    10768,
    10768,
    10768,
    10768,
    10768,
    10768,
    10768,
    10768,
    10768,
    10784,
    10768,
    10784,
    10816,
    10768,
    10768,
    10768,
    10768,
    10768,
    10768,
    10768,
    10768
  ],
  "meminfo.PageTables": [
    9828,
    10536,
    10792,
    10788,
    10792,
    10792,
    10788,
    10792,
    10784,
    10788,
    10788,
    10792,
    10792,
    10792,
    10788,
    10760,
    10792,
    10772,
    10792,
    10796,
    10792,
    10792,
    10788,
    10796,
    10792,
    10792
  ],
  "meminfo.CommitLimit": [
    8158628,
    8158628,
    8158628,
    8158628,
    8158628,
    8158628,
    8158628,
    8158628,
    8158628,
    8158628,
    8158628,
    8158628,
    8158628,
    8158628,
    8158628,
    8158628,
    8158628,
    8158628,
    8158628,
    8158628,
    8158628,
    8158628,
    8158628,
    8158628,
    8158628,
    8158628
  ],