{
  "interrupts.time": [
    1478266420.5901432,
    1478266446.5934007
  ],
  "interrupts.CPU0.0:IO-APIC.2-edge.timer": [
    37,
    37
  ],
  "interrupts.0:IO-APIC.2-edge.timer": [
    37,
    37
  ],
  "interrupts.CPU1.1:IO-APIC.1-edge.i8042": [
    1,
    1
  ],
  "interrupts.CPU6.1:IO-APIC.1-edge.i8042": [
    1,
    1
  ],
  "interrupts.1:IO-APIC.1-edge.i8042": [
    2,
    2
  ],
  "interrupts.CPU0.7:IO-APIC.7-edge": [
    26,
    26
  ],
  "interrupts.7:IO-APIC.7-edge": [
    26,
    26
  ],
  "interrupts.CPU0.8:IO-APIC.8-edge.rtc0": [
    1,
    1
  ],
  "interrupts.8:IO-APIC.8-edge.rtc0": [
    1,
    1
  ],
  "interrupts.CPU4.9:IO-APIC.9-fasteoi.acpi": [
    3,
    3
  ],
  "interrupts.9:IO-APIC.9-fasteoi.acpi": [
    3,
    3
  ],
  "interrupts.CPU0.12:IO-APIC.12-edge.i8042": [
    1,
    1
  ],
  "interrupts.CPU1.12:IO-APIC.12-edge.i8042": [
    1,
    1
  ],
  "interrupts.CPU2.12:IO-APIC.12-edge.i8042": [
    1,
    1
  ],
  "interrupts.CPU6.12:IO-APIC.12-edge.i8042": [
    1,
    1
  ],
  "interrupts.12:IO-APIC.12-edge.i8042": [
    4,
    4
  ],
  "interrupts.CPU0.120:PCI-MSI.376832-edge.0000:00:17.0": [
    19269,
    19444
  ],
  "interrupts.CPU1.120:PCI-MSI.376832-edge.0000:00:17.0": [
    2836,
    2836
  ],
  "interrupts.CPU2.120:PCI-MSI.376832-edge.0000:00:17.0": [
    888,
    888
  ],
  "interrupts.CPU3.120:PCI-MSI.376832-edge.0000:00:17.0": [
    1113,
    1113
  ],
  "interrupts.CPU4.120:PCI-MSI.376832-edge.0000:00:17.0": [
    4494,
    4495
  ],
  "interrupts.CPU5.120:PCI-MSI.376832-edge.0000:00:17.0": [
    3663,
    3663
  ],
  "interrupts.CPU6.120:PCI-MSI.376832-edge.0000:00:17.0": [
    1963,
    1963
  ],
  "interrupts.CPU7.120:PCI-MSI.376832-edge.0000:00:17.0": [
    963,
    963
  ],
  "interrupts.120:PCI-MSI.376832-edge.0000:00:17.0": [
    35189,
    35365
  ],
  "interrupts.CPU0.121:PCI-MSI.327680-edge.xhci_hcd": [
    1462,
    1462
  ],
  "interrupts.CPU1.121:PCI-MSI.327680-edge.xhci_hcd": [
    18,
    18
  ],
  "interrupts.CPU2.121:PCI-MSI.327680-edge.xhci_hcd": [
    24,
    24
  ],
  "interrupts.CPU3.121:PCI-MSI.327680-edge.xhci_hcd": [
    18,
    18
  ],
  "interrupts.CPU4.121:PCI-MSI.327680-edge.xhci_hcd": [
    31,
    31
  ],
  "interrupts.CPU5.121:PCI-MSI.327680-edge.xhci_hcd": [
    18,
    18
  ],
  "interrupts.CPU6.121:PCI-MSI.327680-edge.xhci_hcd": [
    11,
    11
  ],
  "interrupts.CPU7.121:PCI-MSI.327680-edge.xhci_hcd": [
    7,
    7
  ],
  "interrupts.121:PCI-MSI.327680-edge.xhci_hcd": [
    1589,
    1589
  ],
  "interrupts.CPU0.122:PCI-MSI.32768-edge.i915": [
    780,
    784
  ],
  "interrupts.CPU1.122:PCI-MSI.32768-edge.i915": [
    100,
    100
  ],
  "interrupts.CPU2.122:PCI-MSI.32768-edge.i915": [
    86,
    86
  ],
  "interrupts.CPU3.122:PCI-MSI.32768-edge.i915": [
    73,
    73
  ],
  "interrupts.CPU4.122:PCI-MSI.32768-edge.i915": [
    244,
    244
  ],
  "interrupts.CPU5.122:PCI-MSI.32768-edge.i915": [
    122,
    122
  ],
  "interrupts.CPU6.122:PCI-MSI.32768-edge.i915": [
    108,
    108
  ],
  "interrupts.CPU7.122:PCI-MSI.32768-edge.i915": [
    110,
    110
  ],
  "interrupts.122:PCI-MSI.32768-edge.i915": [
    1623,
    1627
  ],
  "interrupts.CPU0.123:PCI-MSI.514048-edge.snd_hda_intel": [
    2,
    2
  ],
  "interrupts.CPU1.123:PCI-MSI.514048-edge.snd_hda_intel": [
    52,
    52
  ],
  "interrupts.CPU3.123:PCI-MSI.514048-edge.snd_hda_intel": [
    284,
    284
  ],
  "interrupts.CPU4.123:PCI-MSI.514048-edge.snd_hda_intel": [
    165,
    165
  ],
  "interrupts.CPU7.123:PCI-MSI.514048-edge.snd_hda_intel": [
    1,
    1
  ],
  "interrupts.123:PCI-MSI.514048-edge.snd_hda_intel": [
    504,
    504
  ],
  "interrupts.CPU0.124:PCI-MSI.2097152-edge.eth0": [
    33911,
    33926
  ],
  "interrupts.CPU1.124:PCI-MSI.2097152-edge.eth0": [
    2110,
    2115
  ],
  "interrupts.CPU2.124:PCI-MSI.2097152-edge.eth0": [
    1695,
    1698
  ],
  "interrupts.CPU3.124:PCI-MSI.2097152-edge.eth0": [
    1100,
    1106
  ],
  "interrupts.CPU4.124:PCI-MSI.2097152-edge.eth0": [
    13549,
    13551
  ],
  "interrupts.CPU5.124:PCI-MSI.2097152-edge.eth0": [
    2730,
    2736
  ],
  "interrupts.CPU6.124:PCI-MSI.2097152-edge.eth0": [
    2812,
    2817
  ],
  "interrupts.CPU7.124:PCI-MSI.2097152-edge.eth0": [
    2097,
    2103
  ],
  "interrupts.124:PCI-MSI.2097152-edge.eth0": [
    60004,
    60052
  ],
  "interrupts.CPU0.NMI:Non-maskable_interrupts": [
    6,
    8
  ],
  "interrupts.CPU1.NMI:Non-maskable_interrupts": [
    6,
    8
  ],
  "interrupts.CPU2.NMI:Non-maskable_interrupts": [
    5,
    8
  ],
  "interrupts.CPU3.NMI:Non-maskable_interrupts": [
    5,
    8
  ],
  "interrupts.CPU4.NMI:Non-maskable_interrupts": [
    5,
    7
  ],
  "interrupts.CPU5.NMI:Non-maskable_interrupts": [
    5,
    8
  ],
  "interrupts.CPU6.NMI:Non-maskable_interrupts": [
    5,
    7
  ],
  "interrupts.CPU7.NMI:Non-maskable_interrupts": [
    5,
    8
  ],
  "interrupts.NMI:Non-maskable_interrupts": [
    42,
    62
  ],
  "interrupts.CPU0.LOC:Local_timer_interrupts": [
    183967,
    209209
  ],
  "interrupts.CPU1.LOC:Local_timer_interrupts": [
    175890,
    201003
  ],
  "interrupts.CPU2.LOC:Local_timer_interrupts": [
    195527,
    220910
  ],
  "interrupts.CPU3.LOC:Local_timer_interrupts": [
    192768,
    217892
  ],
  "interrupts.CPU4.LOC:Local_timer_interrupts": [
    135617,
    160750
  ],
  "interrupts.CPU5.LOC:Local_timer_interrupts": [
    127093,
    152188
  ],
  "interrupts.CPU6.LOC:Local_timer_interrupts": [
    103354,
    128452
  ],
  "interrupts.CPU7.LOC:Local_timer_interrupts": [
    108271,
    133386
  ],
  "interrupts.LOC:Local_timer_interrupts": [
    1222487,
    1423790
  ],
  "interrupts.CPU0.PMI:Performance_monitoring_interrupts": [
    6,
    8
  ],
  "interrupts.CPU1.PMI:Performance_monitoring_interrupts": [
    6,
    8
  ],
  "interrupts.CPU2.PMI:Performance_monitoring_interrupts": [
    5,
    8
  ],
  "interrupts.CPU3.PMI:Performance_monitoring_interrupts": [
    5,
    8
  ],
  "interrupts.CPU4.PMI:Performance_monitoring_interrupts": [
    5,
    7
  ],
  "interrupts.CPU5.PMI:Performance_monitoring_interrupts": [
    5,
    8
  ],
  "interrupts.CPU6.PMI:Performance_monitoring_interrupts": [
    5,
    7
  ],
  "interrupts.CPU7.PMI:Performance_monitoring_interrupts": [
    5,
    8
  ],
  "interrupts.PMI:Performance_monitoring_interrupts": [
    42,
    62
  ],
  "interrupts.CPU0.RTR:APIC_ICR_read_retries": [
    7,
    7
  ],
  "interrupts.RTR:APIC_ICR_read_retries": [
    7,
    7
  ],
  "interrupts.CPU0.RES:Rescheduling_interrupts": [
    1567,
    1648
  ],
  "interrupts.CPU1.RES:Rescheduling_interrupts": [
    1634,
    1685
  ],
  "interrupts.CPU2.RES:Rescheduling_interrupts": [
    1706,
    1752
  ],
  "interrupts.CPU3.RES:Rescheduling_interrupts": [
    2020,
    2067
  ],
  "interrupts.CPU4.RES:Rescheduling_interrupts": [
    1897,
    1949
  ],
  "interrupts.CPU5.RES:Rescheduling_interrupts": [
    430,
    500
  ],
  "interrupts.CPU6.RES:Rescheduling_interrupts": [
    625,
    670
  ],
  "interrupts.CPU7.RES:Rescheduling_interrupts": [
    549,
    597
  ],
  "interrupts.RES:Rescheduling_interrupts": [
    10428,
    10868
  ],
  "interrupts.CPU0.CAL:Function_call_interrupts": [
    4294931559,
    4294915140
  ],
  "interrupts.CPU1.CAL:Function_call_interrupts": [
    4294930491,
    4294913620
  ],
  "interrupts.CPU2.CAL:Function_call_interrupts": [
    4294929931,
    4294912268
  ],
  "interrupts.CPU3.CAL:Function_call_interrupts": [
    4294932512,
    4294915574
  ],
  "interrupts.CPU4.CAL:Function_call_interrupts": [
    4294931284,
    4294914691
  ],
  "interrupts.CPU5.CAL:Function_call_interrupts": [
    4294930315,
    4294913332
  ],
  "interrupts.CPU6.CAL:Function_call_interrupts": [
    4294929967,
    4294912187
  ],
  "interrupts.CPU7.CAL:Function_call_interrupts": [
    4294932479,
    4294915503
  ],
  "interrupts.CAL:Function_call_interrupts": [
    34359448538,
    34359312315
  ],