{
  "meminfo.time": [
    1478266420.5812857,
    1478266421.5903902,
    1478266422.611402,
    1478266423.6463888,
    1478266424.673637,
    1478266425.7053928,
    1478266426.7357187,
    1478266427.7514465,
    1478266428.798374,
    1478266429.829387,
    1478266430.8734088,
    1478266431.896526,
    1478266432.912412,
    1478266433.9413846,
    1478266434.9864345,
    1478266436.0224571,
    1478266437.0473664,
    1478266438.0794003,
    1478266439.1093957,
    1478266440.1495407,
    1478266441.1725686,
    1478266442.1985557,
    1478266443.2405248,
    1478266444.2704089,
    1478266445.3033972,
    1478266446.3293734
  ],
  "meminfo.MemTotal": [
    16317260,
    16317260,
    16317260,
    16317260,
    16317260,
    16317260,
    16317260,
    16317260,
    16317260,
    16317260,
    16317260,
    16317260,
    16317260,
    16317260,
    16317260,
    16317260,
    16317260,
    16317260,
    16317260,
    16317260,
    16317260,
    16317260,
    16317260,
    16317260,
    16317260,
    16317260
  ],
  "meminfo.MemFree": [
    15097364,
    15081204,
    15080212,
    15079908,
    15079516,
    15079516,
    15079388,
    15080244,
    15079204,
    15080632,
    15080704,
    15080260,
    15079984,
    15080136,
    15080260,
    15080356,
    15079860,
    15080232,
    15080248,
    15080356,
    15080748,
    15080500,
    15080488,
    15080644,
    15080864,
    15080120
  ],
  "meminfo.MemAvailable": [
    15821712,
    15805564,
    15804596,
    15804300,
    15803904,
    15803900,
    15803764,
    15804616,
    15803580,
    15805008,
    15805064,
    15804624,
    15804356,
    15804496,
    15804624,
    15804720,
    15804232,
    15804604,
    15804620,
    15804728,
    15805120,
    15804860,
    15804856,
    15805012,
    15805232,
    15804476
  ],
  "meminfo.Buffers": [
    40248,
    40248,
    40256,
    40256,
    40256,
    40268,
    40268,
    40276,
    40276,
    40276,
    40284,
    40284,
    40292,
    40292,
    40292,
    40300,
    40300,
    40308,
    40308,
    40308,
    40316,
    40324,
    40324,
    40324,
    40324,
    40332
  ],
  "meminfo.Cached": [
    845412,
    845528,
    845536,
    845544,
    845544,
    845532,
    845544,
    845536,
    845544,
    845544,
    845536,
    845544,
    845544,
    845544,
    845544,
    845536,
    845544,
    845544,
    845544,
    845544,
    845536,
    845536,
    845544,
    845544,
    845544,
    845536
  ],
  "meminfo.Active": [
    599876,
    615184,
    614772,
    614276,
    614168,
    615208,
    614980,
    614864,
    615744,
    615188,
    614280,
    614880,
    614832,
    614716,
    614332,
    615420,
    615288,
    615108,
    615288,
    615524,
    615888,
    615852,
    614492,
    614724,
    615320,
    615960
  ],
  "meminfo.Inactive": [
    453928,
    453676,
    453676,
    453676,
    453676,
    453676,
    453676,
    453664,
    453664,
    453664,
    453664,
    453664,
    453664,
    453664,
    453664,
    453664,
    453664,
    453664,
    453664,
    453664,
    453664,
    453664,
    453664,
    453664,
    453664,
    453664
  ],
  "meminfo.Active(anon)": [
    170704,
    185776,
    185348,
    184844,
    184736,
    185776,
    185536,
    185408,
    186280,
    185724,
    184816,
    185408,
    185352,
    185236,
    184852,
    185940,
    185800,
    185612,
    185792,
    186028,
    186392,
    186348,
    184980,
    185212,
    185808,
    186448
  ],
  "meminfo.Inactive(anon)": [
    93984,
    93984,
    93984,
    93984,
    93984,
    93984,
    93984,
    93984,
    93984,
    93984,
    93984,
    93984,
    93984,
    93984,
    93984,
    93984,
    93984,
    93984,
    93984,
    93984,
    93984,
    93984,
    93984,
    93984,
    93984,
    93984
  ],
  "meminfo.Active(file)": [
    429172,
    429408,
    429424,
    429432,
    429432,
    429432,
    429444,
    429456,
    429464,
    429464,
    429464,
    429472,
    429480,
    429480,
    429480,
    429480,
    429488,
    429496,
    429496,
    429496,
    429496,
    429504,
    429512,
    429512,
    429512,
    429512
  ],
  "meminfo.Inactive(file)": [
    359944,
    359692,
    359692,
    359692,
    359692,
    359692,
    359692,
    359680,
    359680,
    359680,
    359680,
    359680,
    359680,
    359680,
    359680,
    359680,
    359680,
    359680,
    359680,
    359680,
    359680,
    359680,
    359680,
    359680,
    359680,
    359680
  ],
  "meminfo.Dirty": [
    936,
    1092,
    1108,
    1108,
    332,
    4,
    268,
    276,
    276,
    276,
    4,
    28,
    28,
    28,
    4,
    4,
    32,
    36,
    36,
    8,
    8,
    32,
    32,
    32,
    4,
    4
  ],
  "meminfo.AnonPages": [
    168272,
    183140,
    182972,
    182584,
    182200,
    182932,
    182664,
    182452,
    183552,
    182704,
    182132,
    181904,
    182528,
    182320,
    182164,
    183020,
    182968,
    183064,
    183088,
    183648,
    183552,
    183724,
    182268,
    182440,
    182928,
    183752
  ],
  "meminfo.Mapped": [
    252380,
    252052,
    251692,
    251692,
    251692,
    251692,
    251692,
    251692,
    251692,
    251692,
    251692,
    251756,
    251692,
    251692,
    251692,
    251692,
    251692,
    251692,
    251692,
    251692,
    251692,
    251692,
    251692,
    251692,
    251692,
    251692
  ],
  "meminfo.Shmem": [
    96688,
    96688,
    96688,
    96688,
    96688,
    96688,
    96688,
    96688,
    96688,
    96688,
    96688,
    96688,
    96688,
    96688,
    96688,
    96688,
    96688,
    96688,
    96688,
    96688,
    96688,
    96688,
    96688,
    96688,
    96688,
    96688
  ],
  "meminfo.Slab": [
    117264,
    117512,
    117548,
    117572,
    117568,
    117560,
    117384,
    117416,
    117412,
    117408,
    117224,
    117244,
    117244,
    117136,
    117140,
    117140,
    117140,
    117028,
    117028,
    117028,
    117028,
    116864,
    116868,
    116872,
    116880,
    116764
  ],
  "meminfo.SReclaimable": [
    47728,
    47784,
    47796,
    47796,
    47792,
    47784,
    47744,
    47736,
    47728,
    47724,
    47692,
    47688,
    47684,
    47664,
    47668,
    47668,
    47668,
    47652,
    47652,
    47652,
    47652,
    47616,
    47616,
    47616,
    47616,
    47588
  ],
  "meminfo.SUnreclaim": [
    69536,
    69728,
    69752,
    69776,
    69776,
    69776,
    69640,
    69680,
    69684,
    69684,
    69532,
    69556,
    69560,
    69472,
    69472,
    69472,
    69472,
    69376,
    69376,
    69376,
    69376,
    69248,
    69252,
    69256,
    69264,
    69176
  ],
  "meminfo.KernelStack": [
    9856,
    10464,
    10768,
    10800,
    10800,
    10800,
    10800,
    10800,
    10800,
    10800,
    10832,
    10832,
    10784,
    10784,
    10784,
    10784,
    10784,
    10784,
    10784,
    10784,
    10784,
    10784,
    10784,
    10784,
    10784,
    10784
  ],
  "meminfo.PageTables": [
    9456,
    10572,
    10820,
    10824,
    10820,
    10820,
    10824,
    10820,
    10820,
    10824,
    10812,
    10828,
    10812,
    10820,
    10820,
    10820,
    10824,
    10820,
    10824,
    10816,
    10824,
    10828,
    10824,
    10828,
    10820,
    10824
  ],
  "meminfo.CommitLimit": [
    8158628,
    8158628,
    8158628,
    8158628,
    8158628,
    8158628,
    8158628,
    8158628,
    8158628,
    8158628,
    8158628,
    8158628,
    8158628,
    8158628,
    8158628,
    8158628,
    8158628,
    8158628,
    8158628,
    8158628,
    8158628,
    8158628,
    8158628,
    8158628,
    8158628,
    8158628
  ],