{
  "proc-vmstat.time": [
    1478266420.5726182,
    1478266421.581581,
    1478266422.604401,
    1478266423.6444068,
    1478266424.6783798,
    1478266425.7134182,
    1478266426.731605,
    1478266427.7664542,
    1478266428.793383,
    1478266429.8234346,
    1478266430.8534462,
    1478266431.871606,
    1478266432.8904133,
    1478266433.92948,
    1478266434.951659,
    1478266435.9874537,
    1478266437.020451,
    1478266438.0504198,
    1478266439.0804615,
    1478266440.1223984,
    1478266441.1544645,
    1478266442.1934133,
    1478266443.2174525,
    1478266444.2484038,
    1478266445.2954352,
    1478266446.3215787
  ],
  "proc-vmstat.nr_free_pages": [
    3774567,
    3770483,
    3769988,
    3769911,
    3769879,
    3769879,
    3769847,
    3769995,
    3769964,
    3770093,
    3770035,
    3770096,
    3770062,
    3769969,
    3770158,
    3770155,
    3770031,
    3770124,
    3770062,
    3770155,
    3770061,
    3770125,
    3770226,
    3770227,
    3770217,
    3770096
  ],
  "proc-vmstat.nr_alloc_batch": [
    143,
    0,
    602,
    39,
    274,
    0,
    537,
    155,
    924,
    301,
    1944,
    791,
    1328,
    269,
    1823,
    786,
    639,
    742,
    985,
    294,
    611,
    391,
    948,
    877,
    74,
    437
  ],
  "proc-vmstat.nr_inactive_anon": [
    23496,
    23496,
    23496,
    23496,
    23496,
    23496,
    23496,
    23496,
    23496,
    23496,
    23496,
    23496,
    23496,
    23496,
    23496,
    23496,
    23496,
    23496,
    23496,
    23496,
    23496,
    23496,
    23496,
    23496,
    23496,
    23496
  ],
  "proc-vmstat.nr_active_anon": [
    42676,
    46184,
    46288,
    46194,
    46412,
    46460,
    46335,
    46450,
    46456,
    46268,
    46362,
    46498,
    46338,
    46162,
    46099,
    46046,
    46661,
    46339,
    46546,
    46329,
    46435,
    46375,
    46603,
    46189,
    46338,
    46547
  ],
  "proc-vmstat.nr_inactive_file": [
    89986,
    89923,
    89923,
    89923,
    89923,
    89923,
    89923,
    89920,
    89920,
    89920,
    89920,
    89920,
    89920,
    89920,
    89920,
    89920,
    89920,
    89920,
    89920,
    89920,
    89920,
    89920,
    89920,
    89920,
    89920,
    89920
  ],
  "proc-vmstat.nr_active_file": [
    107293,
    107352,
    107356,
    107358,
    107358,
    107358,
    107361,
    107364,
    107366,
    107366,
    107366,
    107368,
    107370,
    107370,
    107370,
    107370,
    107372,
    107374,
    107374,
    107374,
    107374,
    107376,
    107378,
    107378,
    107378,
    107378
  ],
  "proc-vmstat.nr_anon_pages": [
    41824,
    45590,
    45629,
    45434,
    45729,
    45700,
    45666,
    45597,
    45644,
    45562,
    45646,
    45731,
    45453,
    45498,
    45362,
    45430,
    45888,
    45523,
    45691,
    45669,
    45562,
    45654,
    45616,
    45561,
    45569,
    45873
  ],
  "proc-vmstat.nr_mapped": [
    63095,
    62916,
    62923,
    62923,
    62923,
    62923,
    62923,
    62923,
    62923,
    62923,
    62923,
    62939,
    62923,
    62923,
    62923,
    62923,
    62923,
    62923,
    62923,
    62923,
    62923,
    62923,
    62923,
    62923,
    62923,
    62923
  ],
  "proc-vmstat.nr_file_pages": [
    221415,
    221444,
    221448,
    221450,
    221450,
    221450,
    221453,
    221453,
    221455,
    221455,
    221455,
    221457,
    221459,
    221459,
    221459,
    221459,
    221461,
    221463,
    221463,
    221463,
    221463,
    221465,
    221467,
    221467,
    221467,
    221467
  ],
  "proc-vmstat.nr_dirty": [
    234,
    273,
    277,
    277,
    83,
    1,
    67,
    69,
    69,
    69,
    1,
    5,
    7,
    7,
    1,
    1,
    8,
    9,
    9,
    2,
    2,
    8,
    8,
    8,
    1,
    1
  ],
  "proc-vmstat.nr_writeback": [
    0,
    0,
    0,
    0,
    0,
    0,
    0,
    0,
    0,
    0,
    0,
    1,
    0,
    0,
    0,
    0,
    0,
    0,
    0,
    0,
    0,
    0,
    0,
    0,
    0,
    0
  ],
  "proc-vmstat.nr_slab_reclaimable": [
    11932,
    11946,
    11949,
    11949,
    11948,
    11946,
    11936,
    11934,
    11932,
    11931,
    11923,
    11922,
    11921,
    11916,
    11917,
    11917,
    11917,
    11913,
    11913,
    11913,
    11913,
    11904,
    11904,
    11904,
    11904,
    11897
  ],
  "proc-vmstat.nr_slab_unreclaimable": [
    17384,
    17432,
    17438,
    17444,
    17444,
    17444,
    17410,
    17420,
    17421,
    17421,
    17381,
    17389,
    17390,
    17368,
    17368,
    17368,
    17368,
    17344,
    17344,
    17344,
    17344,
    17312,
    17313,
    17314,
    17316,
    17294
  ],
  "proc-vmstat.nr_page_table_pages": [
    2461,
    2643,
    2705,
    2706,
    2705,
    2705,
    2706,
    2705,
    2705,
    2706,
    2705,
    2684,
    2703,
    2705,
    2705,
    2705,
    2706,
    2705,
    2706,
    2704,
    2706,
    2707,
    2706,
    2707,
    2705,
    2706
  ],
  "proc-vmstat.nr_kernel_stack": [
    616,
    654,
    673,
    675,
    675,
    675,
    675,
    675,
    675,
    675,
    675,
    685,
    674,
    674,
    674,
    674,
    674,
    674,
    674,
    674,
    674,
    674,
    674,
    674,
    674,
    674
  ],
  "proc-vmstat.nr_shmem": [
    24172,
    24172,
    24172,
    24172,
    24172,
    24172,
    24172,
    24172,
    24172,
    24172,
    24172,
    24172,
    24172,
    24172,
    24172,
    24172,
    24172,
    24172,
    24172,
    24172,
    24172,
    24172,
    24172,
    24172,
    24172,
    24172
  ],
  "proc-vmstat.nr_dirtied": [
    647405,
    647469,
    647474,
    647475,
    647476,
    647478,
    647545,
    647548,
    647549,
    647550,
    647552,
    647558,
    647561,
    647562,
    647564,
    647565,
    647573,
    647575,
    647576,
    647578,
    647579,
    647586,
    647587,
    647588,
    647590,
    647591
  ],
  "proc-vmstat.nr_written": [
    637312,
    637323,
    637324,
    637325,
    637520,
    637604,
    637605,
    637606,
    637607,
    637608,
    637678,
    637679,
    637681,
    637682,
    637690,
    637691,
    637692,
    637693,
    637694,
    637703,
    637704,
    637705,
    637706,
    637707,
    637716,
    637717
  ],
  "proc-vmstat.nr_dirty_threshold": [
    788399,
    787582,
    787483,
    787468,
    787462,
    787462,
    787456,
    787486,
    787480,
    787506,
    787494,
    787507,
    787500,
    787482,
    787520,
    787519,
    787495,
    787514,
    787501,
    787520,
    787501,
    787514,
    787535,
    787535,
    787533,
    787509
  ],
  "proc-vmstat.nr_dirty_background_threshold": [
    197099,
    196895,
    196870,
    196867,
    196865,
    196865,
    196864,
    196871,
    196870,
    196876,
    196873,
    196876,
    196875,
    196870,
    196880,
    196879,
    196873,
    196878,
    196875,
    196880,
    196875,
    196878,
    196883,
    196883,
    196883,
    196877
  ],
  "proc-vmstat.pgpgin": [
    649159,
    649159,
    649159,
    649159,
    649159,
    649159,
    649159,
    649159,
    649159,
    649159,
    649159,
    649159,
    649159,
    649159,
    649159,
    649159,
    649159,
    649159,
    649159,
    649159,
    649159,
    649159,
    649159,
    649159,
    649159,
    649159
  ],
  "proc-vmstat.pgpgout": [
    2601956,
    2601960,
    2601992,
    2601996,
    2602928,
    2603208,
    2603212,
    2603244,
    2603248,
    2603508,
    2603540,
    2603544,
    2603576,
    2603580,
    2603596,
    2603628,
    2603632,
    2603664,
    2603680,
    2603688,
    2603720,
    2603752,
    2603756,
    2603772,
    2603776,
    2603808
  ],
  "proc-vmstat.pgalloc_dma": [
    1,
    1,
    1,
    1,
    1,
    1,
    1,
    1,
    1,
    1,
    1,
    1,
    1,
    1,
    1,
    1,
    1,
    1,
    1,
    1,
    1,
    1,
    1,
    1,
    1,
    1
  ],