{
  "softirqs.time": [
    1478266420.6005354,
    1478266446.5935361
  ],
  "softirqs.CPU2.HI": [
    2,
    2
  ],
  "softirqs.HI": [
    2,
    2
  ],
  "softirqs.CPU0.TIMER": [
    160824,
    185922
  ],
  "softirqs.CPU1.TIMER": [
    152595,
    177688
  ],
  "softirqs.CPU2.TIMER": [
    164416,
    189516
  ],
  "softirqs.CPU3.TIMER": [
    166416,
    191510
  ],
  "softirqs.CPU4.TIMER": [
    133420,
    158523
  ],
  "softirqs.CPU5.TIMER": [
    124704,
    149769
  ],
  "softirqs.CPU6.TIMER": [
    101424,
    126499
  ],
  "softirqs.CPU7.TIMER": [
    97959,
    123028
  ],
  "softirqs.TIMER": [
    1101758,
    1302455
  ],
  "softirqs.CPU4.NET_TX": [
    1022,
    1026
  ],
  "softirqs.NET_TX": [
    1022,
    1026
  ],
  "softirqs.CPU0.NET_RX": [
    33911,
    33926
  ],
  "softirqs.CPU1.NET_RX": [
    2110,
    2115
  ],
  "softirqs.CPU2.NET_RX": [
    1695,
    1698
  ],
  "softirqs.CPU3.NET_RX": [
    1100,
    1106
  ],
  "softirqs.CPU4.NET_RX": [
    13549,
    13551
  ],
  "softirqs.CPU5.NET_RX": [
    2730,
    2736
  ],
  "softirqs.CPU6.NET_RX": [
    2812,
    2817
  ],
  "softirqs.CPU7.NET_RX": [
    2097,
    2103
  ],
  "softirqs.NET_RX": [
    60004,
    60052
  ],
  "softirqs.CPU0.BLOCK": [
    19275,
    19450
  ],
  "softirqs.CPU1.BLOCK": [
    2845,
    2845
  ],
  "softirqs.CPU2.BLOCK": [
    897,
    897
  ],
  "softirqs.CPU3.BLOCK": [
    1124,
    1124
  ],
  "softirqs.CPU4.BLOCK": [
    4437,
    4438
  ],
  "softirqs.CPU5.BLOCK": [
    3668,
    3668
  ],
  "softirqs.CPU6.BLOCK": [
    1964,
    1964
  ],
  "softirqs.CPU7.BLOCK": [
    973,
    973
  ],
  "softirqs.BLOCK": [
    35183,
    35359
  ],
  "softirqs.CPU0.TASKLET": [
    3637,
    3637
  ],
  "softirqs.CPU1.TASKLET": [
    86,
    86
  ],
  "softirqs.CPU2.TASKLET": [
    152,
    152
  ],
  "softirqs.CPU3.TASKLET": [
    37,
    37
  ],
  "softirqs.CPU4.TASKLET": [
    320,
    320
  ],
  "softirqs.CPU5.TASKLET": [
    21,
    21
  ],
  "softirqs.CPU6.TASKLET": [
    25,
    25
  ],
  "softirqs.CPU7.TASKLET": [
    33,
    33
  ],
  "softirqs.TASKLET": [
    4311,
    4311
  ],
  "softirqs.CPU0.SCHED": [
    42243,
    42544
  ],
  "softirqs.CPU1.SCHED": [
    36188,
    36486
  ],
  "softirqs.CPU2.SCHED": [
    42059,
    42358
  ],
  "softirqs.CPU3.SCHED": [
    42164,
    42448
  ],
  "softirqs.CPU4.SCHED": [
    50827,
    51128
  ],
  "softirqs.CPU5.SCHED": [
    26675,
    26966
  ],
  "softirqs.CPU6.SCHED": [
    18778,
    19065
  ],
  "softirqs.CPU7.SCHED": [
    17633,
    17916
  ],
  "softirqs.SCHED": [
    276567,
    278911
  ],
  "softirqs.CPU0.RCU": [
    87292,
    89890
  ],
  "softirqs.CPU1.RCU": [
    80421,
    83009
  ],
  "softirqs.CPU2.RCU": [
    87490,
    90029
  ],
  "softirqs.CPU3.RCU": [
    90256,
    92705
  ],
  "softirqs.CPU4.RCU": [
    55322,
    57859
  ],
  "softirqs.CPU5.RCU": [
    63957,
    66522
  ],
  "softirqs.CPU6.RCU": [
    45139,
    47714
  ],
  "softirqs.CPU7.RCU": [
    42388,
    44867
  ],
  "softirqs.RCU": [
    552265,
    572595
  ]
}