{
  "softirqs.time": [
    1478265701.4647162,
    1478265727.3592055
  ],
  "softirqs.CPU2.HI": [
    2,
    2
  ],
  "softirqs.HI": [
    2,
    2
  ],
  "softirqs.CPU0.TIMER": [
    95365,
    120452
  ],
  "softirqs.CPU1.TIMER": [
    87245,
    112336
  ],
  "softirqs.CPU2.TIMER": [
    100335,
    125437
  ],
  "softirqs.CPU3.TIMER": [
    99499,
    124599
  ],
  "softirqs.CPU4.TIMER": [
    73378,
    98437
  ],
  "softirqs.CPU5.TIMER": [
    63492,
    88599
  ],
  "softirqs.CPU6.TIMER": [
    43716,
    68782
  ],
  "softirqs.CPU7.TIMER": [
    40319,
    65422
  ],
  "softirqs.TIMER": [
    603349,
    804064
  ],
  "softirqs.CPU4.NET_TX": [
    902,
    906
  ],
  "softirqs.NET_TX": [
    902,
    906
  ],
  "softirqs.CPU0.NET_RX": [
    15337,
    15362
  ],
  "softirqs.CPU1.NET_RX": [
    440,
    447
  ],
  "softirqs.CPU2.NET_RX": [
    476,
    476
  ],
  "softirqs.CPU3.NET_RX": [
    404,
    405
  ],
  "softirqs.CPU4.NET_RX": [
    3615,
    3619
  ],
  "softirqs.CPU5.NET_RX": [
    1314,
    1319
  ],
  "softirqs.CPU6.NET_RX": [
    1391,
    1394
  ],
  "softirqs.CPU7.NET_RX": [
    854,
    859
  ],
  "softirqs.NET_RX": [
    23831,
    23881
  ],
  "softirqs.CPU0.BLOCK": [
    17071,
    17234
  ],
  "softirqs.CPU1.BLOCK": [
    2565,
    2565
  ],
  "softirqs.CPU2.BLOCK": [
    860,
    861
  ],
  "softirqs.CPU3.BLOCK": [
    1073,
    1073
  ],
  "softirqs.CPU4.BLOCK": [
    4244,
    4244
  ],
  "softirqs.CPU5.BLOCK": [
    3416,
    3418
  ],
  "softirqs.CPU6.BLOCK": [
    1817,
    1819
  ],
  "softirqs.CPU7.BLOCK": [
    918,
    920
  ],
  "softirqs.BLOCK": [
    31964,
    32134
  ],
  "softirqs.CPU0.TASKLET": [
    2215,
    2215
  ],
  "softirqs.CPU1.TASKLET": [
    20,
    20
  ],
  "softirqs.CPU2.TASKLET": [
    138,
    138
  ],
  "softirqs.CPU3.TASKLET": [
    13,
    13
  ],
  "softirqs.CPU4.TASKLET": [
    80,
    80
  ],
  "softirqs.CPU5.TASKLET": [
    18,
    18
  ],
  "softirqs.CPU6.TASKLET": [
    17,
    17
  ],
  "softirqs.CPU7.TASKLET": [
    14,
    14
  ],
  "softirqs.TASKLET": [
    2515,
    2515
  ],
  "softirqs.CPU0.SCHED": [
    36085,
    36373
  ],
  "softirqs.CPU1.SCHED": [
    30619,
    30914
  ],
  "softirqs.CPU2.SCHED": [
    36585,
    36882
  ],
  "softirqs.CPU3.SCHED": [
    36402,
    36698
  ],
  "softirqs.CPU4.SCHED": [
    44304,
    44592
  ],
  "softirqs.CPU5.SCHED": [
    22486,
    22779
  ],
  "softirqs.CPU6.SCHED": [
    15630,
    15901
  ],
  "softirqs.CPU7.SCHED": [
    14466,
    14758
  ],
  "softirqs.SCHED": [
    236577,
    238897
  ],
  "softirqs.CPU0.RCU": [
    69377,
    72373
  ],
  "softirqs.CPU1.RCU": [
    63092,
    65991
  ],
  "softirqs.CPU2.RCU": [
    71363,
    74229
  ],
  "softirqs.CPU3.RCU": [
    73026,
    76027
  ],
  "softirqs.CPU4.RCU": [
    42943,
    45819
  ],
  "softirqs.CPU5.RCU": [
    49395,
    52556
  ],
  "softirqs.CPU6.RCU": [
    33137,
    36035
  ],
  "softirqs.CPU7.RCU": [
    30324,
    33229
  ],
  "softirqs.RCU": [
    432657,
    456259
  ]
}