{
  "diskstats.time": [
    1479402399.0717483,
    1479402400.0736716,
    1479402401.0759838,
    1479402402.078315,
    1479402403.0814447,
    1479402404.0855203,
    1479402405.0906553,
    1479402406.0958664,
    1479402407.100054,
    1479402408.105354,
    1479402409.110496,
    1479402410.115691
  ],
  "diskstats.sda.read_ios": [
    22090,
    22090,
    22092,
    22092,
    22092,
    22093,
    22093,
    22093,
    22093,
    22093,
    22093,
    22093
  ],
  "diskstats.sda.read_merges": [
    347,
    347,
    347,
    347,
    347,
    347,
    347,
    347,
    347,
    347,
    347,
    347
  ],
  "diskstats.sda.read_sectors": [
    1346294,
    1346294,
    1346518,
    1346518,
    1346518,
    1346686,
    1346686,
    1346686,
    1346686,
    1346686,
    1346686,
    1346686
  ],
  "diskstats.sda.read_ticks": [
    153345,
    153345,
    153361,
    153361,
    153361,
    153374,
    153374,
    153374,
    153374,
    153374,
    153374,
    153374
  ],
  "diskstats.sda.write_ios": [
    5201,
    5204,
    5241,
    5242,
    5243,
    5326,
    5327,
    5328,
    5332,
    5336,
    5383,
    5384
  ],
  "diskstats.sda.write_merges": [
    18442,
    18448,
    18488,
    18488,
    18488,
    18634,
    18634,
    18634,
    18647,
    18657,
    18694,
    18694
  ],
  "diskstats.sda.write_sectors": [
    1652056,
    1652128,
    1652736,
    1652744,
    1652752,
    1660936,
    1660944,
    1660952,
    1661088,
    1661200,
    1661872,
    1661880
  ],
  "diskstats.sda.write_ticks": [
    588255,
    588303,
    588528,
    588528,
    588528,
    589816,
    589816,
    589817,
    589841,
    589866,
    590089,
    590089
  ],
  "diskstats.sda.io_ticks": [
    58230,
    58261,
    58475,
    58475,
    58475,
    58667,
    58667,
    58668,
    58692,
    58717,
    58748,
    58748
  ],
  "diskstats.sda.time_in_queue": [
    742259,
    742307,
    742548,
    742548,
    742548,
    743849,
    743849,
    743850,
    743874,
    743899,
    744122,
    744122
  ],
  "diskstats.sda1.read_ios": [
    15,
    15,
    15,
    15,
    15,
    15,
    15,
    15,
    15,
    15,
    15,
    15
  ],
  "diskstats.sda1.read_sectors": [
    19,
    19,
    19,
    19,
    19,
    19,
    19,
    19,
    19,
    19,
    19,
    19
  ],
  "diskstats.sda1.read_ticks": [
    64,
    64,
    64,
    64,
    64,
    64,
    64,
    64,
    64,
    64,
    64,
    64
  ],
  "diskstats.sda1.io_ticks": [
    37,
    37,
    37,
    37,
    37,
    37,
    37,
    37,
    37,
    37,
    37,
    37
  ],
  "diskstats.sda1.time_in_queue": [
    64,
    64,
    64,
    64,
    64,
    64,
    64,
    64,
    64,
    64,
    64,
    64
  ],
  "diskstats.sda2.read_ios": [
    13479,
    13479,
    13479,
    13479,
    13479,
    13479,
    13479,
    13479,
    13479,
    13479,
    13479,
    13479
  ],
  "diskstats.sda2.read_merges": [
    178,
    178,
    178,
    178,
    178,
    178,
    178,
    178,
    178,
    178,
    178,
    178
  ],
  "diskstats.sda2.read_sectors": [
    552348,
    552348,
    552348,
    552348,
    552348,
    552348,
    552348,
    552348,
    552348,
    552348,
    552348,
    552348
  ],
  "diskstats.sda2.read_ticks": [
    62933,
    62933,
    62933,
    62933,
    62933,
    62933,
    62933,
    62933,
    62933,
    62933,
    62933,
    62933
  ],
  "diskstats.sda2.write_ios": [
    2791,
    2791,
    2791,
    2791,
    2791,
    2847,
    2847,
    2847,
    2847,
    2847,
    2888,
    2888
  ],
  "diskstats.sda2.write_merges": [
    16401,
    16401,
    16401,
    16401,
    16401,
    16499,
    16499,
    16499,
    16499,
    16499,
    16535,
    16535
  ],
  "diskstats.sda2.write_sectors": [
    1573496,
    1573496,
    1573496,
    1573496,
    1573496,
    1581080,
    1581080,
    1581080,
    1581080,
    1581080,
    1581696,
    1581696
  ],
  "diskstats.sda2.write_ticks": [
    521751,
    521751,
    521751,
    521751,
    521751,
    522622,
    522622,
    522622,
    522622,
    522622,
    522824,
    522824
  ],
  "diskstats.sda2.io_ticks": [
    29176,
    29176,
    29176,
    29176,
    29176,
    29250,
    29250,
    29250,
    29250,
    29250,
    29280,
    29280
  ],
  "diskstats.sda2.time_in_queue": [
    585235,
    585235,
    585235,
    585235,
    585235,
    586106,
    586106,
    586106,
    586106,
    586106,
    586308,
    586308
  ],
  "diskstats.sda3.read_ios": [
    98,
    98,
    98,
    98,
    98,
    98,
    98,
    98,
    98,
    98,
    98,
    98
  ],
  "diskstats.sda3.read_sectors": [
    222,
    222,
    222,
    222,
    222,
    222,
    222,
    222,
    222,
    222,
    222,
    222
  ],
  "diskstats.sda3.read_ticks": [
    26,
    26,
    26,
    26,
    26,
    26,
    26,
    26,
    26,
    26,
    26,
    26
  ],
  "diskstats.sda3.io_ticks": [
    26,
    26,
    26,
    26,
    26,
    26,
    26,
    26,
    26,
    26,
    26,
    26
  ],
  "diskstats.sda3.time_in_queue": [
    26,
    26,
    26,
    26,
    26,
    26,
    26,
    26,
    26,
    26,
    26,
    26
  ],
  "diskstats.sda40.read_ios": [
    8391,
    8391,
    8393,
    8393,
    8393,
    8394,
    8394,
    8394,
    8394,
    8394,
    8394,
    8394
  ],
  "diskstats.sda40.read_merges": [
    169,
    169,
    169,
    169,
    169,
    169,
    169,
    169,
    169,
    169,
    169,
    169
  ],
  "diskstats.sda40.read_sectors": [
    793404,
    793404,
    793628,
    793628,
    793628,
    793796,
    793796,
    793796,
    793796,
    793796,
    793796,
    793796
  ],
  "diskstats.sda40.read_ticks": [
    90262,
    90262,
    90278,
    90278,
    90278,
    90291,
    90291,
    90291,
    90291,
    90291,
    90291,
    90291
  ],
  "diskstats.sda40.write_ios": [
    2341,
    2344,
    2372,
    2373,
    2374,
    2401,
    2402,
    2403,
    2407,
    2411,
    2417,
    2418
  ],
  "diskstats.sda40.write_merges": [
    2041,
    2047,
    2087,
    2087,
    2087,
    2135,
    2135,
    2135,
    2148,
    2158,
    2159,
    2159
  ],
  "diskstats.sda40.write_sectors": [
    78560,
    78632,
    79240,
    79248,
    79256,
    79856,
    79864,
    79872,
    80008,
    80120,
    80176,
    80184
  ],
  "diskstats.sda40.write_ticks": [
    66301,
    66349,
    66494,
    66494,
    66494,
    66911,
    66911,
    66912,
    66936,
    66961,
    66982,
    66982
  ],
  "diskstats.sda40.io_ticks": [
    34452,
    34483,
    34617,
    34617,
    34617,
    34808,
    34808,
    34809,
    34833,
    34858,
    34863,
    34863
  ],
  "diskstats.sda40.time_in_queue": [
    156559,
    156607,
    156768,
    156768,
    156768,
    157198,
    157198,
    157199,
    157223,
    157248,
    157269,
    157269
  ]
}