{
  "meminfo.time": [
    1479402399.0506063,
    1479402400.0520432,
    1479402401.054177,
    1479402402.0570931,
    1479402403.060203,
    1479402404.0638313,
    1479402405.0684786,
    1479402406.0731401,
    1479402407.0779011,
    1479402408.0826356,
    1479402409.0872862,
    1479402410.091662
  ],
  "meminfo.MemTotal": [
    16317260,
    16317260,
    16317260,
    16317260,
    16317260,
    16317260,
    16317260,
    16317260,
    16317260,
    16317260,
    16317260,
    16317260
  ],
  "meminfo.MemFree": [
    14936720,
    14930616,
    14900988,
    14901048,
    14902672,
    14911284,
    14904760,
    14904108,
    14904092,
    14904344,
    14905056,
    14905184
  ],
  "meminfo.MemAvailable": [
    15751292,
    15745308,
    15715920,
    15715988,
    15717616,
    15726244,
    15719832,
    15719180,
    15719164,
    15719424,
    15720172,
    15720304
  ],
  "meminfo.Buffers": [
    37968,
    37976,
    38028,
    38028,
    38028,
    38076,
    38076,
    38076,
    38084,
    38092,
    38100,
    38100
  ],
  "meminfo.Cached": [
    959384,
    959472,
    971324,
    971324,
    971324,
    963936,
    971228,
    971324,
    971324,
    971324,
    971316,
    971164
  ],
  "meminfo.Active": [
    710024,
    715384,
    730760,
    730916,
    727500,
    727240,
    727464,
    727396,
    727476,
    727468,
    726976,
    726692
  ],
  "meminfo.Inactive": [
    518760,
    518340,
    529324,
    529324,
    529324,
    522108,
    529092,
    529220,
    529220,
    529220,
    529224,
    529064
  ],
  "meminfo.Active(anon)": [
    234144,
    238976,
    253432,
    253580,
    250164,
    249884,
    249976,
    249908,
    249988,
    249964,
    249476,
    249184
  ],
  "meminfo.Inactive(anon)": [
    126228,
    126228,
    137916,
    137916,
    137916,
    130696,
    137700,
    137828,
    137828,
    137828,
    137828,
    137668
  ],
  "meminfo.Active(file)": [
    475880,
    476408,
    477328,
    477336,
    477336,
    477356,
    477488,
    477488,
    477488,
    477504,
    477500,
    477508
  ],
  "meminfo.Inactive(file)": [
    392532,
    392112,
    391408,
    391408,
    391408,
    391412,
    391392,
    391392,
    391392,
    391392,
    391396,
    391396
  ],
  "meminfo.Dirty": [
    3428,
    3560,
    3644,
    3644,
    3644,
    4,
    348,
    348,
    352,
    352,
    4,
    20
  ],
  "meminfo.AnonPages": [
    231160,
    235788,
    251108,
    250148,
    247516,
    246984,
    247360,
    247296,
    247336,
    247364,
    246864,
    246564
  ],
  "meminfo.Mapped": [
    271392,
    272964,
    286576,
    286592,
    286576,
    278424,
    286032,
    286136,
    286128,
    286128,
    286136,
    286040
  ],
  "meminfo.Shmem": [
    128932,
    128932,
    140620,
    140620,
    140620,
    133244,
    140436,
    140532,
    140532,
    140532,
    140532,
    140372
  ],
  "meminfo.Slab": [
    101960,
    102388,
    102880,
    102928,
    102980,
    102928,
    102928,
    102932,
    102944,
    102820,
    102900,
    102904
  ],
  "meminfo.SReclaimable": [
    69584,
    69608,
    69656,
    69656,
    69660,
    69644,
    69644,
    69644,
    69648,
    69632,
    69700,
    69696
  ],
  "meminfo.SUnreclaim": [
    32376,
    32780,
    33224,
    33272,
    33320,
    33284,
    33284,
    33288,
    33296,
    33188,
    33200,
    33208
  ],
  "meminfo.KernelStack": [
    12592,
    13200,
    13808,
    13808,
    13808,
    13824,
    13520,
    13520,
    13520,
    13520,
    13520,
    13520
  ],
  "meminfo.PageTables": [
    13352,
    14208,
    15048,
    15040,
    15048,
    14664,
    14652,
    14660,
    14664,
    14664,
    14660,
    14676
  ],
  "meminfo.CommitLimit": [
    8158628,
    8158628,
    8158628,
    8158628,
    8158628,
    8158628,
    8158628,
    8158628,
    8158628,
    8158628,
    8158628,
    8158628
  ],
  "meminfo.Committed_AS": [
    35666636,
    35691288,
    36994224,
    36990244,
    36990608,
    35736560,
    35736792,
    35736664,
    35733732,
    35740680,
    35743528,
    35737468
  ],
  "meminfo.VmallocTotal": [
    34359738367,
    34359738367,
    34359738367,
    34359738367,
    34359738367,
    34359738367,
    34359738367,
    34359738367,
    34359738367,
    34359738367,
    34359738367,
    34359738367
  ],
  "meminfo.DirectMap4k": [
    18012,
    18012,
    20060,
    20060,
    20060,
    20060,
    20060,
    20060,
    20060,
    20060,
    20060,
    20060
  ],
  "meminfo.DirectMap2M": [
    1953792,
    1953792,
    1951744,
    1951744,
    1951744,
    1951744,
    1951744,
    1951744,
    1951744,
    1951744,
    1951744,
    1951744
  ],
  "meminfo.DirectMap1G": [
    14680064,
    14680064,
    14680064,
    14680064,
    14680064,
    14680064,
    14680064,
    14680064,
    14680064,
    14680064,
    14680064,
    14680064
  ]
}