{
  "proc-vmstat.time": [
    1479402399.0440147,
    1479402400.0455031,
    1479402401.0475194,
    1479402402.0506654,
    1479402403.053836,
    1479402404.0576355,
    1479402405.062526,
    1479402406.0673885,
    1479402407.0721512,
    1479402408.0768185,
    1479402409.0813835,
    1479402410.0861886
  ],
  "proc-vmstat.nr_free_pages": [
    3734451,
    3732654,
    3725870,
    3725597,
    3725157,
    3727756,
    3726190,
    3726027,
    3726097,
    3726086,
    3726264,
    3726301
  ],
  "proc-vmstat.nr_alloc_batch": [
    934,
    488,
    750,
    51,
    620,
    490,
    99,
    1010,
    398,
    1010,
    554,
    34
  ],
  "proc-vmstat.nr_inactive_anon": [
    31557,
    31557,
    34479,
    34479,
    34479,
    32674,
    34425,
    34457,
    34457,
    34457,
    34457,
    34417
  ],
  "proc-vmstat.nr_active_anon": [
    58260,
    59679,
    62561,
    62842,
    63354,
    62471,
    62494,
    62477,
    62497,
    62491,
    62369,
    62361
  ],
  "proc-vmstat.nr_inactive_file": [
    98133,
    98028,
    97852,
    97852,
    97852,
    97853,
    97848,
    97848,
    97848,
    97848,
    97849,
    97849
  ],
  "proc-vmstat.nr_active_file": [
    118970,
    119102,
    119332,
    119334,
    119334,
    119339,
    119372,
    119372,
    119372,
    119376,
    119375,
    119377
  ],
  "proc-vmstat.nr_anon_pages": [
    57595,
    58947,
    61850,
    62179,
    62692,
    61811,
    61840,
    61824,
    61834,
    61841,
    61716,
    61706
  ],
  "proc-vmstat.nr_mapped": [
    67751,
    68168,
    71644,
    71648,
    71644,
    69606,
    71508,
    71534,
    71532,
    71532,
    71534,
    71510
  ],
  "proc-vmstat.nr_file_pages": [
    249338,
    249362,
    252338,
    252338,
    252338,
    250503,
    252326,
    252350,
    252352,
    252354,
    252354,
    252316
  ],
  "proc-vmstat.nr_dirty": [
    857,
    890,
    911,
    911,
    911,
    1,
    87,
    87,
    88,
    88,
    1,
    5
  ],
  "proc-vmstat.nr_slab_reclaimable": [
    17396,
    17402,
    17414,
    17414,
    17415,
    17411,
    17411,
    17411,
    17412,
    17408,
    17425,
    17424
  ],
  "proc-vmstat.nr_slab_unreclaimable": [
    8094,
    8195,
    8306,
    8318,
    8330,
    8321,
    8321,
    8322,
    8324,
    8297,
    8300,
    8302
  ],
  "proc-vmstat.nr_page_table_pages": [
    3435,
    3552,
    3762,
    3760,
    3762,
    3666,
    3663,
    3665,
    3666,
    3666,
    3665,
    3669
  ],
  "proc-vmstat.nr_kernel_stack": [
    787,
    825,
    863,
    863,
    863,
    864,
    845,
    845,
    845,
    845,
    845,
    845
  ],
  "proc-vmstat.nr_shmem": [
    32233,
    32233,
    35155,
    35155,
    35155,
    33311,
    35109,
    35133,
    35133,
    35133,
    35133,
    35093
  ],
  "proc-vmstat.nr_dirtied": [
    203077,
    203113,
    203158,
    203159,
    203160,
    203168,
    203257,
    203258,
    203261,
    203263,
    203265,
    203270
  ],
  "proc-vmstat.nr_written": [
    198384,
    198386,
    198410,
    198411,
    198412,
    199330,
    199333,
    199334,
    199336,
    199338,
    199427,
    199428
  ],
  "proc-vmstat.nr_dirty_threshold": [
    784341,
    783987,
    782641,
    782587,
    782499,
    783020,
    782712,
    782679,
    782693,
    782692,
    782728,
    782735
  ],
  "proc-vmstat.nr_dirty_background_threshold": [
    196085,
    195996,
    195660,
    195646,
    195624,
    195755,
    195678,
    195669,
    195673,
    195673,
    195682,
    195683
  ],
  "proc-vmstat.pgpgin": [
    673211,
    673211,
    673323,
    673323,
    673323,
    673407,
    673407,
    673407,
    673407,
    673407,
    673407,
    673407
  ],
  "proc-vmstat.pgpgout": [
    826028,
    826064,
    826368,
    826372,
    826376,
    830468,
    830472,
    830476,
    830544,
    830600,
    830936,
    830940
  ],
  "proc-vmstat.pgalloc_dma": [
    1,
    1,
    1,
    1,
    1,
    1,
    1,
    1,
    1,
    1,
    1,
    1
  ],
  "proc-vmstat.pgalloc_dma32": [
    289902,
    292060,
    298279,
    304842,
    311551,
    317145,
    317626,
    317885,
    318161,
    318383,
    318601,
    318826
  ],
  "proc-vmstat.pgalloc_normal": [
    1767173,
    1781109,
    1819030,
    1859798,
    1901306,
    1936048,
    1939028,
    1940254,
    1941649,
    1942923,
    1944761,
    1946022
  ],
  "proc-vmstat.pgfree": [
    5793432,
    5807494,
    5845466,
    5892415,
    5940106,
    5983489,
    5985001,
    5986486,
    5988172,
    5989661,
    5991866,
    5993351
  ],
  "proc-vmstat.pgactivate": [
    181670,
    181714,
    181912,
    181913,
    181914,
    181940,
    181941,
    181942,
    181943,
    181944,
    181945,
    181945
  ],
  "proc-vmstat.pgfault": [
    2934054,
    2957151,
    3019532,
    3067531,
    3116255,
    3157922,
    3162004,
    3164113,
    3166544,
    3168679,
    3171440,
    3173551
  ],
  "proc-vmstat.pgmajfault": [
    3932,
    3932,
    3934,
    3934,
    3934,
    3935,
    3935,
    3935,
    3935,
    3935,
    3935,
    3935
  ],
  "proc-vmstat.pageoutrun": [
    1,
    1,
    1,
    1,
    1,
    1,
    1,
    1,
    1,
    1,
    1,
    1
  ]
}