{
  "interrupts.time": [
    1478790804.0462732,
    1478790805.0408037
  ],
  "interrupts.CPU0.0:IO-APIC.2-edge.timer": [
    37,
    37
  ],
  "interrupts.0:IO-APIC.2-edge.timer": [
    37,
    37
  ],
  "interrupts.CPU2.1:IO-APIC.1-edge.i8042": [
    1,
    1
  ],
  "interrupts.CPU4.1:IO-APIC.1-edge.i8042": [
    1,
    1
  ],
  "interrupts.1:IO-APIC.1-edge.i8042": [
    2,
    2
  ],
  "interrupts.CPU0.8:IO-APIC.8-edge.rtc0": [
    1,
    1
  ],
  "interrupts.8:IO-APIC.8-edge.rtc0": [
    1,
    1
  ],
  "interrupts.CPU0.9:IO-APIC.9-fasteoi.acpi": [
    2,
    2
  ],
  "interrupts.CPU2.9:IO-APIC.9-fasteoi.acpi": [
    1,
    1
  ],
  "interrupts.9:IO-APIC.9-fasteoi.acpi": [
    3,
    3
  ],
  "interrupts.CPU0.12:IO-APIC.12-edge.i8042": [
    1,
    1
  ],
  "interrupts.CPU2.12:IO-APIC.12-edge.i8042": [
    2,
    2
  ],
  "interrupts.CPU3.12:IO-APIC.12-edge.i8042": [
    1,
    1
  ],
  "interrupts.12:IO-APIC.12-edge.i8042": [
    4,
    4
  ],
  "interrupts.CPU0.120:PCI-MSI.376832-edge.0000:00:17.0": [
    21149,
    21149
  ],
  "interrupts.CPU1.120:PCI-MSI.376832-edge.0000:00:17.0": [
    3006,
    3007
  ],
  "interrupts.CPU2.120:PCI-MSI.376832-edge.0000:00:17.0": [
    1670,
    1670
  ],
  "interrupts.CPU3.120:PCI-MSI.376832-edge.0000:00:17.0": [
    1095,
    1095
  ],
  "interrupts.CPU4.120:PCI-MSI.376832-edge.0000:00:17.0": [
    8140,
    8140
  ],
  "interrupts.CPU5.120:PCI-MSI.376832-edge.0000:00:17.0": [
    3753,
    3753
  ],
  "interrupts.CPU6.120:PCI-MSI.376832-edge.0000:00:17.0": [
    3153,
    3153
  ],
  "interrupts.CPU7.120:PCI-MSI.376832-edge.0000:00:17.0": [
    1100,
    1100
  ],
  "interrupts.120:PCI-MSI.376832-edge.0000:00:17.0": [
    43066,
    43067
  ],
  "interrupts.CPU0.121:PCI-MSI.327680-edge.xhci_hcd": [
    867,
    867
  ],
  "interrupts.CPU1.121:PCI-MSI.327680-edge.xhci_hcd": [
    83,
    83
  ],
  "interrupts.CPU2.121:PCI-MSI.327680-edge.xhci_hcd": [
    63,
    63
  ],
  "interrupts.CPU3.121:PCI-MSI.327680-edge.xhci_hcd": [
    21,
    21
  ],
  "interrupts.CPU4.121:PCI-MSI.327680-edge.xhci_hcd": [
    141,
    141
  ],
  "interrupts.CPU5.121:PCI-MSI.327680-edge.xhci_hcd": [
    78,
    78
  ],
  "interrupts.CPU6.121:PCI-MSI.327680-edge.xhci_hcd": [
    76,
    76
  ],
  "interrupts.CPU7.121:PCI-MSI.327680-edge.xhci_hcd": [
    33,
    33
  ],
  "interrupts.121:PCI-MSI.327680-edge.xhci_hcd": [
    1362,
    1362
  ],
  "interrupts.CPU0.122:PCI-MSI.32768-edge.i915": [
    2546,
    2546
  ],
  "interrupts.CPU1.122:PCI-MSI.32768-edge.i915": [
    647,
    647
  ],
  "interrupts.CPU2.122:PCI-MSI.32768-edge.i915": [
    744,
    744
  ],
  "interrupts.CPU3.122:PCI-MSI.32768-edge.i915": [
    395,
    395
  ],
  "interrupts.CPU4.122:PCI-MSI.32768-edge.i915": [
    1194,
    1194
  ],
  "interrupts.CPU5.122:PCI-MSI.32768-edge.i915": [
    626,
    626
  ],
  "interrupts.CPU6.122:PCI-MSI.32768-edge.i915": [
    537,
    537
  ],
  "interrupts.CPU7.122:PCI-MSI.32768-edge.i915": [
    348,
    348
  ],
  "interrupts.122:PCI-MSI.32768-edge.i915": [
    7037,
    7037
  ],
  "interrupts.CPU0.123:PCI-MSI.514048-edge.snd_hda_intel": [
    244,
    244
  ],
  "interrupts.CPU1.123:PCI-MSI.514048-edge.snd_hda_intel": [
    121,
    121
  ],
  "interrupts.CPU2.123:PCI-MSI.514048-edge.snd_hda_intel": [
    467,
    467
  ],
  "interrupts.CPU3.123:PCI-MSI.514048-edge.snd_hda_intel": [
    17,
    17
  ],
  "interrupts.CPU4.123:PCI-MSI.514048-edge.snd_hda_intel": [
    393,
    393
  ],
  "interrupts.CPU5.123:PCI-MSI.514048-edge.snd_hda_intel": [
    62,
    62
  ],
  "interrupts.CPU6.123:PCI-MSI.514048-edge.snd_hda_intel": [
    13,
    13
  ],
  "interrupts.CPU7.123:PCI-MSI.514048-edge.snd_hda_intel": [
    11,
    11
  ],
  "interrupts.123:PCI-MSI.514048-edge.snd_hda_intel": [
    1328,
    1328
  ],
  "interrupts.CPU0.124:PCI-MSI.2097152-edge.eth0": [
    61686,
    61688
  ],
  "interrupts.CPU1.124:PCI-MSI.2097152-edge.eth0": [
    4297,
    4298
  ],
  "interrupts.CPU2.124:PCI-MSI.2097152-edge.eth0": [
    3714,
    3714
  ],
  "interrupts.CPU3.124:PCI-MSI.2097152-edge.eth0": [
    3229,
    3230
  ],
  "interrupts.CPU4.124:PCI-MSI.2097152-edge.eth0": [
    22966,
    22968
  ],
  "interrupts.CPU5.124:PCI-MSI.2097152-edge.eth0": [
    4862,
    4865
  ],
  "interrupts.CPU6.124:PCI-MSI.2097152-edge.eth0": [
    5025,
    5026
  ],
  "interrupts.CPU7.124:PCI-MSI.2097152-edge.eth0": [
    4130,
    4131
  ],
  "interrupts.124:PCI-MSI.2097152-edge.eth0": [
    109909,
    109920
  ],
  "interrupts.CPU0.NMI:Non-maskable_interrupts": [
    1,
    1
  ],
  "interrupts.CPU1.NMI:Non-maskable_interrupts": [
    1,
    1
  ],
  "interrupts.CPU2.NMI:Non-maskable_interrupts": [
    1,
    1
  ],
  "interrupts.CPU3.NMI:Non-maskable_interrupts": [
    1,
    1
  ],
  "interrupts.CPU5.NMI:Non-maskable_interrupts": [
    1,
    1
  ],
  "interrupts.CPU6.NMI:Non-maskable_interrupts": [
    1,
    1
  ],
  "interrupts.CPU7.NMI:Non-maskable_interrupts": [
    1,
    1
  ],
  "interrupts.NMI:Non-maskable_interrupts": [
    7,
    7
  ],
  "interrupts.CPU0.LOC:Local_timer_interrupts": [
    258833,
    258924
  ],
  "interrupts.CPU1.LOC:Local_timer_interrupts": [
    214936,
    215033
  ],
  "interrupts.CPU2.LOC:Local_timer_interrupts": [
    211872,
    211977
  ],
  "interrupts.CPU3.LOC:Local_timer_interrupts": [
    274213,
    274323
  ],
  "interrupts.CPU4.LOC:Local_timer_interrupts": [
    122632,
    122701
  ],
  "interrupts.CPU5.LOC:Local_timer_interrupts": [
    149186,
    149263
  ],
  "interrupts.CPU6.LOC:Local_timer_interrupts": [
    109927,
    110003
  ],
  "interrupts.CPU7.LOC:Local_timer_interrupts": [
    146748,
    146836
  ],
  "interrupts.LOC:Local_timer_interrupts": [
    1488347,
    1489060
  ],
  "interrupts.CPU0.PMI:Performance_monitoring_interrupts": [
    1,
    1
  ],
  "interrupts.CPU1.PMI:Performance_monitoring_interrupts": [
    1,
    1
  ],
  "interrupts.CPU2.PMI:Performance_monitoring_interrupts": [
    1,
    1
  ],
  "interrupts.CPU3.PMI:Performance_monitoring_interrupts": [
    1,
    1
  ],
  "interrupts.CPU5.PMI:Performance_monitoring_interrupts": [
    1,
    1
  ],
  "interrupts.CPU6.PMI:Performance_monitoring_interrupts": [
    1,
    1
  ],
  "interrupts.CPU7.PMI:Performance_monitoring_interrupts": [
    1,
    1
  ],
  "interrupts.PMI:Performance_monitoring_interrupts": [
    7,
    7
  ],
  "interrupts.CPU0.RTR:APIC_ICR_read_retries": [
    7,
    7
  ],
  "interrupts.RTR:APIC_ICR_read_retries": [
    7,
    7
  ],
  "interrupts.CPU0.RES:Rescheduling_interrupts": [
    3875,
    3876
  ],
  "interrupts.CPU1.RES:Rescheduling_interrupts": [
    3894,
    3908
  ],
  "interrupts.CPU2.RES:Rescheduling_interrupts": [
    3730,
    3733
  ],
  "interrupts.CPU3.RES:Rescheduling_interrupts": [
    4585,
    4588
  ],
  "interrupts.CPU4.RES:Rescheduling_interrupts": [
    1369,
    1376
  ],
  "interrupts.CPU5.RES:Rescheduling_interrupts": [
    1485,
    1494
  ],
  "interrupts.CPU6.RES:Rescheduling_interrupts": [
    967,
    970
  ],
  "interrupts.CPU7.RES:Rescheduling_interrupts": [
    1615,
    1618
  ],
  "interrupts.RES:Rescheduling_interrupts": [
    21520,
    21563
  ],
  "interrupts.CPU0.CAL:Function_call_interrupts": [
    243,
    243
  ],
  "interrupts.CPU1.CAL:Function_call_interrupts": [
    224,
    224
  ],
  "interrupts.CPU2.CAL:Function_call_interrupts": [
    245,
    245
  ],
  "interrupts.CPU3.CAL:Function_call_interrupts": [
    223,
    223
  ],
  "interrupts.CPU4.CAL:Function_call_interrupts": [
    240,
    240
  ],
  "interrupts.CPU5.CAL:Function_call_interrupts": [
    261,
    261
  ],
  "interrupts.CPU6.CAL:Function_call_interrupts": [
    262,
    262
  ],
  "interrupts.CPU7.CAL:Function_call_interrupts": [
    262,
    262
  ],
  "interrupts.CAL:Function_call_interrupts": [
    1960,
    1960
  ],
  "interrupts.CPU0.TLB:TLB_shootdowns": [
    3856,
    3857
  ],
  "interrupts.CPU1.TLB:TLB_shootdowns": [
    2652,
    2652
  ],