{
  "softirqs.time": [
    1478790804.054449,
    1478790805.0407948
  ],
  "softirqs.CPU3.HI": [
    1,
    1
  ],
  "softirqs.CPU4.HI": [
    1,
    1
  ],
  "softirqs.HI": [
    2,
    2
  ],
  "softirqs.CPU0.TIMER": [
    208081,
    208154
  ],
  "softirqs.CPU1.TIMER": [
    174345,
    174434
  ],
  "softirqs.CPU2.TIMER": [
    155857,
    155948
  ],
  "softirqs.CPU3.TIMER": [
    211585,
    211687
  ],
  "softirqs.CPU4.TIMER": [
    112830,
    112891
  ],
  "softirqs.CPU5.TIMER": [
    130143,
    130210
  ],
  "softirqs.CPU6.TIMER": [
    100205,
    100272
  ],
  "softirqs.CPU7.TIMER": [
    105569,
    105629
  ],
  "softirqs.TIMER": [
    1198615,
    1199225
  ],
  "softirqs.CPU4.NET_TX": [
    1709,
    1709
  ],
  "softirqs.NET_TX": [
    1709,
    1709
  ],
  "softirqs.CPU0.NET_RX": [
    61690,
    61693
  ],
  "softirqs.CPU1.NET_RX": [
    4299,
    4302
  ],
  "softirqs.CPU2.NET_RX": [
    3714,
    3714
  ],
  "softirqs.CPU3.NET_RX": [
    3229,
    3230
  ],
  "softirqs.CPU4.NET_RX": [
    22970,
    22972
  ],
  "softirqs.CPU5.NET_RX": [
    4878,
    4885
  ],
  "softirqs.CPU6.NET_RX": [
    5029,
    5030
  ],
  "softirqs.CPU7.NET_RX": [
    4130,
    4131
  ],
  "softirqs.NET_RX": [
    109939,
    109957
  ],
  "softirqs.CPU0.BLOCK": [
    21151,
    21151
  ],
  "softirqs.CPU1.BLOCK": [
    3016,
    3017
  ],
  "softirqs.CPU2.BLOCK": [
    1675,
    1675
  ],
  "softirqs.CPU3.BLOCK": [
    1104,
    1104
  ],
  "softirqs.CPU4.BLOCK": [
    8129,
    8129
  ],
  "softirqs.CPU5.BLOCK": [
    3755,
    3755
  ],
  "softirqs.CPU6.BLOCK": [
    3153,
    3153
  ],
  "softirqs.CPU7.BLOCK": [
    1101,
    1101
  ],
  "softirqs.BLOCK": [
    43084,
    43085
  ],
  "softirqs.CPU0.TASKLET": [
    4431,
    4431
  ],
  "softirqs.CPU1.TASKLET": [
    49,
    49
  ],
  "softirqs.CPU2.TASKLET": [
    56,
    56
  ],
  "softirqs.CPU3.TASKLET": [
    151,
    151
  ],
  "softirqs.CPU4.TASKLET": [
    405,
    405
  ],
  "softirqs.CPU5.TASKLET": [
    32,
    32
  ],
  "softirqs.CPU6.TASKLET": [
    48,
    48
  ],
  "softirqs.CPU7.TASKLET": [
    16,
    16
  ],
  "softirqs.TASKLET": [
    5188,
    5188
  ],
  "softirqs.CPU0.SCHED": [
    99778,
    99809
  ],
  "softirqs.CPU1.SCHED": [
    68794,
    68826
  ],
  "softirqs.CPU2.SCHED": [
    64852,
    64880
  ],
  "softirqs.CPU3.SCHED": [
    77878,
    77909
  ],
  "softirqs.CPU4.SCHED": [
    45832,
    45855
  ],
  "softirqs.CPU5.SCHED": [
    48688,
    48713
  ],
  "softirqs.CPU6.SCHED": [
    38293,
    38312
  ],
  "softirqs.CPU7.SCHED": [
    42807,
    42834
  ],
  "softirqs.SCHED": [
    486922,
    487138
  ],
  "softirqs.CPU0.RCU": [
    140419,
    140465
  ],
  "softirqs.CPU1.RCU": [
    129546,
    129642
  ],
  "softirqs.CPU2.RCU": [
    116056,
    116138
  ],
  "softirqs.CPU3.RCU": [
    150238,
    150319
  ],
  "softirqs.CPU4.RCU": [
    82502,
    82545
  ],
  "softirqs.CPU5.RCU": [
    96199,
    96251
  ],
  "softirqs.CPU6.RCU": [
    74305,
    74357
  ],
  "softirqs.CPU7.RCU": [
    77062,
    77102
  ],
  "softirqs.RCU": [
    866327,
    866819
  ]
}