{
  "ebizzy.throughput": [
    71361,
    70885,
    69075,
    66196,
    63942,
    64924,
    60478,
    69459
  ],
  "ebizzy.throughput.per_thread.min": [
    8383,
    8268,
    7967,
    7660,
    7263,
    7191,
    7070,
    7907
  ],
  "ebizzy.throughput.per_thread.max": [
    9474,
    9735,
    9221,
    9162,
    8957,
    8670,
    7959,
    9397
  ],
  "ebizzy.throughput.per_thread.stddev_percent": [
    0.548880225811998,
    0.6836127198256423,
    0.5708866519888305,
    0.7071582831366204,
    0.760494386596438,
    0.6792943543315205,
    0.5158753358408505,
    0.6620230639937205
  ],
  "ebizzy.time.real": [
    5.0,
    5.0,
    5.0,
    5.0,
    5.0,
    5.0,
    5.0,
    5.0
  ],
  "ebizzy.time.user": [
    19.76,
    19.82,
    19.82,
    19.83,
    19.88,
    19.83,
    19.86,
    19.78
  ],
  "ebizzy.time.sys": [
    0.08,
    0.04,
    0.03,
    0.04,
    0.01,
    0.01,
    0.01,
    0.05
  ]
}