{
  "diskstats.time": [
    1480665592.667843,
    1480665593.6723597,
    1480665594.6788306,
    1480665595.6861632,
    1480665596.6951697,
    1480665597.7027948,
    1480665598.7114959,
    1480665599.7197638,
    1480665600.72733,
    1480665601.7351277,
    1480665602.745121
  ],
  "diskstats.sda.read_ios": [
    19760,
    19769,
    19772,
    19772,
    19772,
    19773,
    19773,
    19773,
    19773,
    19773,
    19773
  ],
  "diskstats.sda.read_merges": [
    674,
    674,
    674,
    674,
    674,
    674,
    674,
    674,
    674,
    674,
    674
  ],
  "diskstats.sda.read_sectors": [
    1494772,
    1495188,
    1495500,
    1495500,
    1495500,
    1495508,
    1495508,
    1495508,
    1495508,
    1495508,
    1495508
  ],
  "diskstats.sda.read_ticks": [
    274998,
    275095,
    275122,
    275122,
    275122,
    275136,
    275136,
    275136,
    275136,
    275136,
    275136
  ],
  "diskstats.sda.write_ios": [
    8657,
    8658,
    8662,
    8665,
    8668,
    8682,
    8683,
    8688,
    8691,
    8694,
    8737
  ],
  "diskstats.sda.write_merges": [
    8578,
    8578,
    8583,
    8583,
    8648,
    8656,
    8656,
    8664,
    8664,
    8683,
    8713
  ],
  "diskstats.sda.write_sectors": [
    1480337,
    1480345,
    1480409,
    1480433,
    1480977,
    1481417,
    1481425,
    1481529,
    1481553,
    1481729,
    1482313
  ],
  "diskstats.sda.write_ticks": [
    549993,
    549993,
    550038,
    550038,
    550116,
    550241,
    550241,
    550322,
    550322,
    550356,
    550469
  ],
  "diskstats.sda.in_flight": [
    1,
    0,
    0,
    0,
    0,
    0,
    0,
    0,
    0,
    0,
    0
  ],
  "diskstats.sda.io_ticks": [
    102573,
    102630,
    102690,
    102690,
    102768,
    102791,
    102791,
    102851,
    102851,
    102885,
    102889
  ],
  "diskstats.sda.time_in_queue": [
    825042,
    825113,
    825185,
    825185,
    825263,
    825402,
    825402,
    825483,
    825483,
    825517,
    825630
  ],
  "diskstats.sda1.read_ios": [
    21,
    21,
    21,
    21,
    21,
    21,
    21,
    21,
    21,
    21,
    21
  ],
  "diskstats.sda1.read_sectors": [
    1128,
    1128,
    1128,
    1128,
    1128,
    1128,
    1128,
    1128,
    1128,
    1128,
    1128
  ],
  "diskstats.sda1.read_ticks": [
    101,
    101,
    101,
    101,
    101,
    101,
    101,
    101,
    101,
    101,
    101
  ],
  "diskstats.sda1.io_ticks": [
    101,
    101,
    101,
    101,
    101,
    101,
    101,
    101,
    101,
    101,
    101
  ],
  "diskstats.sda1.time_in_queue": [
    101,
    101,
    101,
    101,
    101,
    101,
    101,
    101,
    101,
    101,
    101
  ],
  "diskstats.sda2.read_ios": [
    7306,
    7315,
    7315,
    7315,
    7315,
    7316,
    7316,
    7316,
    7316,
    7316,
    7316
  ],
  "diskstats.sda2.read_merges": [
    115,
    115,
    115,
    115,
    115,
    115,
    115,
    115,
    115,
    115,
    115
  ],
  "diskstats.sda2.read_sectors": [
    468818,
    469234,
    469234,
    469234,
    469234,
    469242,
    469242,
    469242,
    469242,
    469242,
    469242
  ],
  "diskstats.sda2.read_ticks": [
    36216,
    36313,
    36313,
    36313,
    36313,
    36327,
    36327,
    36327,
    36327,
    36327,
    36327
  ],
  "diskstats.sda2.write_ios": [
    1661,
    1661,
    1661,
    1661,
    1663,
    1676,
    1676,
    1676,
    1676,
    1678,
    1717
  ],
  "diskstats.sda2.write_merges": [
    3877,
    3877,
    3877,
    3877,
    3942,
    3950,
    3950,
    3950,
    3950,
    3969,
    3999
  ],
  "diskstats.sda2.write_sectors": [
    1366408,
    1366408,
    1366408,
    1366408,
    1366944,
    1367376,
    1367376,
    1367376,
    1367376,
    1367544,
    1368096
  ],
  "diskstats.sda2.write_ticks": [
    368145,
    368145,
    368145,
    368145,
    368223,
    368348,
    368348,
    368348,
    368348,
    368381,
    368482
  ],
  "diskstats.sda2.in_flight": [
    1,
    0,
    0,
    0,
    0,
    0,
    0,
    0,
    0,
    0,
    0
  ],
  "diskstats.sda2.io_ticks": [
    21238,
    21295,
    21295,
    21295,
    21373,
    21396,
    21396,
    21396,
    21396,
    21429,
    21433
  ],
  "diskstats.sda2.time_in_queue": [
    404421,
    404492,
    404492,
    404492,
    404570,
    404709,
    404709,
    404709,
    404709,
    404742,
    404843
  ],
  "diskstats.sda3.read_ios": [
    32,
    32,
    32,
    32,
    32,
    32,
    32,
    32,
    32,
    32,
    32
  ],
  "diskstats.sda3.read_sectors": [
    3840,
    3840,
    3840,
    3840,
    3840,
    3840,
    3840,
    3840,
    3840,
    3840,
    3840
  ],
  "diskstats.sda3.read_ticks": [
    92,
    92,
    92,
    92,
    92,
    92,
    92,
    92,
    92,
    92,
    92
  ],
  "diskstats.sda3.io_ticks": [
    89,
    89,
    89,
    89,
    89,
    89,
    89,
    89,
    89,
    89,
    89
  ],
  "diskstats.sda3.time_in_queue": [
    92,
    92,
    92,
    92,
    92,
    92,
    92,
    92,
    92,
    92,
    92
  ],
  "diskstats.sda4.read_ios": [
    48,
    48,
    48,
    48,
    48,
    48,
    48,
    48,
    48,
    48,
    48
  ],
  "diskstats.sda4.read_sectors": [
    2596,
    2596,
    2596,
    2596,
    2596,
    2596,
    2596,
    2596,
    2596,
    2596,
    2596
  ],
  "diskstats.sda4.read_ticks": [
    307,
    307,
    307,
    307,
    307,
    307,
    307,
    307,
    307,
    307,
    307
  ],
  "diskstats.sda4.write_ios": [
    1,
    1,
    1,
    1,
    1,
    1,
    1,
    1,
    1,
    1,
    1
  ],
  "diskstats.sda4.write_sectors": [
    1,
    1,
    1,
    1,
    1,
    1,
    1,
    1,
    1,
    1,
    1
  ],
  "diskstats.sda4.write_ticks": [
    137,
    137,
    137,
    137,
    137,
    137,
    137,
    137,
    137,
    137,
    137
  ],
  "diskstats.sda4.io_ticks": [
    257,
    257,
    257,
    257,
    257,
    257,
    257,
    257,
    257,
    257,
    257
  ],
  "diskstats.sda4.time_in_queue": [
    444,
    444,
    444,
    444,
    444,
    444,
    444,
    444,
    444,
    444,
    444
  ],
  "diskstats.sda5.read_ios": [
    5431,
    5431,
    5434,
    5434,
    5434,
    5434,
    5434,
    5434,
    5434,
    5434,
    5434
  ],
  "diskstats.sda5.read_merges": [
    67,
    67,
    67,
    67,
    67,
    67,
    67,
    67,
    67,
    67,
    67
  ],
  "diskstats.sda5.read_sectors": [
    452906,
    452906,
    453218,
    453218,
    453218,
    453218,
    453218,
    453218,
    453218,
    453218,
    453218
  ],
  "diskstats.sda5.read_ticks": [
    99277,
    99277,
    99304,
    99304,
    99304,
    99304,
    99304,
    99304,
    99304,
    99304,
    99304
  ],
  "diskstats.sda5.write_ios": [
    60,
    60,
    60,
    60,
    60,
    60,
    60,
    62,
    62,
    62,
    65
  ],
  "diskstats.sda5.write_merges": [
    35,
    35,
    35,
    35,
    35,
    35,
    35,
    38,
    38,
    38,
    38
  ],
  "diskstats.sda5.write_sectors": [
    6528,
    6528,
    6528,
    6528,
    6528,
    6528,
    6528,
    6568,
    6568,
    6568,
    6592
  ],
  "diskstats.sda5.write_ticks": [
    1442,
    1442,
    1442,
    1442,
    1442,
    1442,
    1442,
    1460,
    1460,
    1460,
    1472
  ],
  "diskstats.sda5.io_ticks": [
    30936,
    30936,
    30963,
    30963,
    30963,
    30963,
    30963,
    30981,
    30981,
    30981,
    30985
  ],
  "diskstats.sda5.time_in_queue": [
    100715,
    100715,
    100742,
    100742,
    100742,
    100742,
    100742,
    100760,
    100760,
    100760,
    100772
  ],
  "diskstats.sda6.read_ios": [
    6892,
    6892,
    6892,
    6892,
    6892,
    6892,
    6892,
    6892,
    6892,
    6892,
    6892
  ],
  "diskstats.sda6.read_merges": [
    492,
    492,
    492,
    492,
    492,
    492,
    492,
    492,
    492,
    492,
    492
  ],