{
  "interrupts.time": [
    1480665592.6551309,
    1480665603.2029421
  ],
  "interrupts.CPU0.0:IO-APIC.2-edge.timer": [
    45,
    45
  ],
  "interrupts.0:IO-APIC.2-edge.timer": [
    45,
    45
  ],
  "interrupts.CPU0.1:IO-APIC.1-edge.i8042": [
    42,
    42
  ],
  "interrupts.CPU1.1:IO-APIC.1-edge.i8042": [
    30,
    30
  ],
  "interrupts.CPU2.1:IO-APIC.1-edge.i8042": [
    496,
    496
  ],
  "interrupts.CPU3.1:IO-APIC.1-edge.i8042": [
    31,
    31
  ],
  "interrupts.1:IO-APIC.1-edge.i8042": [
    599,
    599
  ],
  "interrupts.CPU0.7:IO-APIC.7-edge": [
    33,
    33
  ],
  "interrupts.7:IO-APIC.7-edge": [
    33,
    33
  ],
  "interrupts.CPU2.8:IO-APIC.8-edge.rtc0": [
    1,
    1
  ],
  "interrupts.8:IO-APIC.8-edge.rtc0": [
    1,
    1
  ],
  "interrupts.CPU0.9:IO-APIC.9-fasteoi.acpi": [
    145,
    145
  ],
  "interrupts.CPU1.9:IO-APIC.9-fasteoi.acpi": [
    59,
    59
  ],
  "interrupts.CPU2.9:IO-APIC.9-fasteoi.acpi": [
    878,
    878
  ],
  "interrupts.CPU3.9:IO-APIC.9-fasteoi.acpi": [
    119,
    119
  ],
  "interrupts.9:IO-APIC.9-fasteoi.acpi": [
    1201,
    1201
  ],
  "interrupts.CPU0.12:IO-APIC.12-edge.i8042": [
    539,
    539
  ],
  "interrupts.CPU1.12:IO-APIC.12-edge.i8042": [
    348,
    348
  ],
  "interrupts.CPU2.12:IO-APIC.12-edge.i8042": [
    6474,
    6474
  ],
  "interrupts.CPU3.12:IO-APIC.12-edge.i8042": [
    385,
    385
  ],
  "interrupts.12:IO-APIC.12-edge.i8042": [
    7746,
    7746
  ],
  "interrupts.CPU0.120:PCI-MSI.376832-edge.0000:00:17.0": [
    8423,
    8444
  ],
  "interrupts.CPU1.120:PCI-MSI.376832-edge.0000:00:17.0": [
    4321,
    4329
  ],
  "interrupts.CPU2.120:PCI-MSI.376832-edge.0000:00:17.0": [
    13033,
    13095
  ],
  "interrupts.CPU3.120:PCI-MSI.376832-edge.0000:00:17.0": [
    3374,
    3381
  ],
  "interrupts.120:PCI-MSI.376832-edge.0000:00:17.0": [
    29151,
    29249
  ],
  "interrupts.CPU0.121:PCI-MSI.327680-edge.xhci_hcd": [
    42,
    42
  ],
  "interrupts.CPU1.121:PCI-MSI.327680-edge.xhci_hcd": [
    20,
    20
  ],
  "interrupts.CPU2.121:PCI-MSI.327680-edge.xhci_hcd": [
    248,
    248
  ],
  "interrupts.CPU3.121:PCI-MSI.327680-edge.xhci_hcd": [
    27,
    27
  ],
  "interrupts.121:PCI-MSI.327680-edge.xhci_hcd": [
    337,
    337
  ],
  "interrupts.CPU0.122:PCI-MSI.32768-edge.i915": [
    42803,
    43035
  ],
  "interrupts.CPU1.122:PCI-MSI.32768-edge.i915": [
    24472,
    24576
  ],
  "interrupts.CPU2.122:PCI-MSI.32768-edge.i915": [
    115329,
    115986
  ],
  "interrupts.CPU3.122:PCI-MSI.32768-edge.i915": [
    28065,
    28204
  ],
  "interrupts.122:PCI-MSI.32768-edge.i915": [
    210669,
    211801
  ],
  "interrupts.CPU0.123:PCI-MSI.514048-edge.snd_hda_intel": [
    348,
    348
  ],
  "interrupts.CPU1.123:PCI-MSI.514048-edge.snd_hda_intel": [
    2,
    2
  ],
  "interrupts.CPU3.123:PCI-MSI.514048-edge.snd_hda_intel": [
    13,
    13
  ],
  "interrupts.123:PCI-MSI.514048-edge.snd_hda_intel": [
    363,
    363
  ],
  "interrupts.CPU0.124:PCI-MSI.524288-edge": [
    2,
    2
  ],
  "interrupts.CPU2.124:PCI-MSI.524288-edge": [
    3,
    3
  ],
  "interrupts.124:PCI-MSI.524288-edge": [
    5,
    5
  ],
  "interrupts.CPU1.125:PCI-MSI.1048576-edge.iwlwifi": [
    3,
    3
  ],
  "interrupts.CPU2.125:PCI-MSI.1048576-edge.iwlwifi": [
    16,
    16
  ],
  "interrupts.CPU3.125:PCI-MSI.1048576-edge.iwlwifi": [
    2,
    2
  ],
  "interrupts.125:PCI-MSI.1048576-edge.iwlwifi": [
    21,
    21
  ],
  "interrupts.CPU0.126:PCI-MSI.1572864-edge.rtsx_pci": [
    9,
    9
  ],
  "interrupts.CPU1.126:PCI-MSI.1572864-edge.rtsx_pci": [
    2,
    2
  ],
  "interrupts.CPU2.126:PCI-MSI.1572864-edge.rtsx_pci": [
    4,
    4
  ],
  "interrupts.CPU3.126:PCI-MSI.1572864-edge.rtsx_pci": [
    2,
    2
  ],
  "interrupts.126:PCI-MSI.1572864-edge.rtsx_pci": [
    17,
    17
  ],
  "interrupts.CPU0.127:PCI-MSI.1574912-edge.eth0": [
    27969,
    28004
  ],
  "interrupts.CPU1.127:PCI-MSI.1574912-edge.eth0": [
    20385,
    20420
  ],
  "interrupts.CPU2.127:PCI-MSI.1574912-edge.eth0": [
    56100,
    56161
  ],
  "interrupts.CPU3.127:PCI-MSI.1574912-edge.eth0": [
    16532,
    16561
  ],
  "interrupts.127:PCI-MSI.1574912-edge.eth0": [
    120986,
    121146
  ],
  "interrupts.CPU0.NMI:Non-maskable_interrupts": [
    4,
    4
  ],
  "interrupts.CPU1.NMI:Non-maskable_interrupts": [
    4,
    4
  ],
  "interrupts.CPU2.NMI:Non-maskable_interrupts": [
    5,
    5
  ],
  "interrupts.CPU3.NMI:Non-maskable_interrupts": [
    3,
    3
  ],
  "interrupts.NMI:Non-maskable_interrupts": [
    16,
    16
  ],
  "interrupts.CPU0.LOC:Local_timer_interrupts": [
    804516,
    808234
  ],
  "interrupts.CPU1.LOC:Local_timer_interrupts": [
    786211,
    789723
  ],
  "interrupts.CPU2.LOC:Local_timer_interrupts": [
    537411,
    539993
  ],
  "interrupts.CPU3.LOC:Local_timer_interrupts": [
    462794,
    464909
  ],
  "interrupts.LOC:Local_timer_interrupts": [
    2590932,
    2602859
  ],
  "interrupts.CPU0.PMI:Performance_monitoring_interrupts": [
    4,
    4
  ],
  "interrupts.CPU1.PMI:Performance_monitoring_interrupts": [
    4,
    4
  ],
  "interrupts.CPU2.PMI:Performance_monitoring_interrupts": [
    5,
    5
  ],
  "interrupts.CPU3.PMI:Performance_monitoring_interrupts": [
    3,
    3
  ],
  "interrupts.PMI:Performance_monitoring_interrupts": [
    16,
    16
  ],
  "interrupts.CPU0.RTR:APIC_ICR_read_retries": [
    3,
    3
  ],
  "interrupts.RTR:APIC_ICR_read_retries": [
    3,
    3
  ],
  "interrupts.CPU0.RES:Rescheduling_interrupts": [
    24711,
    24807
  ],
  "interrupts.CPU1.RES:Rescheduling_interrupts": [
    21645,
    21734
  ],
  "interrupts.CPU2.RES:Rescheduling_interrupts": [
    18811,
    18871
  ],
  "interrupts.CPU3.RES:Rescheduling_interrupts": [
    16732,
    16824
  ],
  "interrupts.RES:Rescheduling_interrupts": [
    81899,
    82236
  ],
  "interrupts.CPU0.CAL:Function_call_interrupts": [
    34597,
    34735
  ],
  "interrupts.CPU1.CAL:Function_call_interrupts": [
    34528,
    34663
  ],
  "interrupts.CPU2.CAL:Function_call_interrupts": [
    39127,
    39322
  ],
  "interrupts.CPU3.CAL:Function_call_interrupts": [
    37280,
    37433
  ],
  "interrupts.CAL:Function_call_interrupts": [
    145532,
    146153
  ],
  "interrupts.CPU0.TLB:TLB_shootdowns": [
    16026,
    16047
  ],
  "interrupts.CPU1.TLB:TLB_shootdowns": [
    4868,
    4892
  ],
  "interrupts.CPU2.TLB:TLB_shootdowns": [
    4262,
    4279
  ],
  "interrupts.CPU3.TLB:TLB_shootdowns": [
    4094,
    4107
  ],
  "interrupts.TLB:TLB_shootdowns": [
    29250,
    29325
  ],
  "interrupts.CPU0.MCP:Machine_check_polls": [
    10,
    10
  ],
  "interrupts.CPU1.MCP:Machine_check_polls": [
    10,
    10
  ],
  "interrupts.CPU2.MCP:Machine_check_polls": [
    10,
    10
  ],
  "interrupts.CPU3.MCP:Machine_check_polls": [
    10,
    10
  ],
  "interrupts.MCP:Machine_check_polls": [
    40,
    40
  ],
  "interrupts.ERR": [
    33,
    33
  ]
}