{
  "meminfo.time": [
    1480665592.6477077,
    1480665593.6505277,
    1480665594.6573482,
    1480665595.665556,
    1480665596.674085,
    1480665597.6811376,
    1480665598.6899328,
    1480665599.6992495,
    1480665600.7086985,
    1480665601.7154412,
    1480665602.722908
  ],
  "meminfo.MemTotal": [
    8091280,
    8091280,
    8091280,
    8091280,
    8091280,
    8091280,
    8091280,
    8091280,
    8091280,
    8091280,
    8091280
  ],
  "meminfo.MemFree": [
    6316472,
    6310604,
    6309372,
    6308380,
    6308084,
    6308176,
    6307960,
    6308404,
    6308280,
    6308420,
    6307992
  ],
  "meminfo.MemAvailable": [
    7559256,
    7553936,
    7552928,
    7551936,
    7551652,
    7551756,
    7551540,
    7551988,
    7551872,
    7552020,
    7551592
  ],
  "meminfo.Buffers": [
    27464,
    27468,
    27476,
    27476,
    27484,
    27488,
    27488,
    27504,
    27504,
    27512,
    27512
  ],
  "meminfo.Cached": [
    1354292,
    1354784,
    1354980,
    1354980,
    1354980,
    1354988,
    1354988,
    1354980,
    1354988,
    1354988,
    1354988
  ],
  "meminfo.Active": [
    854600,
    858692,
    874748,
    874816,
    874860,
    874912,
    874952,
    875016,
    874968,
    875040,
    875184
  ],
  "meminfo.Inactive": [
    786964,
    787120,
    772244,
    772244,
    772244,
    772244,
    772244,
    772244,
    772244,
    772244,
    772244
  ],
  "meminfo.Active(anon)": [
    267664,
    271424,
    272392,
    272460,
    272496,
    272536,
    272576,
    272632,
    272576,
    272640,
    272784
  ],
  "meminfo.Inactive(anon)": [
    82028,
    82028,
    82028,
    82028,
    82028,
    82028,
    82028,
    82028,
    82028,
    82028,
    82028
  ],
  "meminfo.Active(file)": [
    586936,
    587268,
    602356,
    602356,
    602364,
    602376,
    602376,
    602384,
    602392,
    602400,
    602400
  ],
  "meminfo.Inactive(file)": [
    704936,
    705092,
    690216,
    690216,
    690216,
    690216,
    690216,
    690216,
    690216,
    690216,
    690216
  ],
  "meminfo.Dirty": [
    32,
    208,
    220,
    220,
    472,
    252,
    260,
    268,
    280,
    308,
    0
  ],
  "meminfo.AnonPages": [
    259640,
    263556,
    264376,
    264592,
    264628,
    264668,
    264708,
    264760,
    264704,
    264772,
    264740
  ],
  "meminfo.Mapped": [
    324480,
    326836,
    327008,
    327008,
    327016,
    327036,
    327004,
    327020,
    327024,
    327004,
    327024
  ],
  "meminfo.Shmem": [
    89900,
    89900,
    89900,
    89900,
    89900,
    89900,
    89900,
    89900,
    89900,
    89900,
    89900
  ],
  "meminfo.Slab": [
    85748,
    86156,
    86316,
    86332,
    86336,
    86336,
    86340,
    86248,
    86252,
    86260,
    86272
  ],
  "meminfo.SReclaimable": [
    54684,
    54808,
    54832,
    54832,
    54836,
    54836,
    54836,
    54828,
    54828,
    54832,
    54832
  ],
  "meminfo.SUnreclaim": [
    31064,
    31348,
    31484,
    31500,
    31500,
    31500,
    31504,
    31420,
    31424,
    31428,
    31440
  ],
  "meminfo.KernelStack": [
    10512,
    10896,
    10976,
    10992,
    10992,
    10992,
    10992,
    10992,
    10992,
    10992,
    10992
  ],
  "meminfo.PageTables": [
    12284,
    12736,
    12976,
    12980,
    12976,
    12980,
    12984,
    12984,
    12980,
    12980,
    12980
  ],
  "meminfo.CommitLimit": [
    4045640,
    4045640,
    4045640,
    4045640,
    4045640,
    4045640,
    4045640,
    4045640,
    4045640,
    4045640,
    4045640
  ],
  "meminfo.Committed_AS": [
    29292184,
    29329908,
    29345948,
    29346052,
    29346304,
    29349188,
    29344044,
    29350712,
    29349984,
    29352864,
    29347696
  ],
  "meminfo.VmallocTotal": [
    34359738367,
    34359738367,
    34359738367,
    34359738367,
    34359738367,
    34359738367,
    34359738367,
    34359738367,
    34359738367,
    34359738367,
    34359738367
  ],
  "meminfo.DirectMap4k": [
    22700,
    22700,
    22700,
    22700,
    22700,
    22700,
    22700,
    22700,
    22700,
    22700,
    22700
  ],
  "meminfo.DirectMap2M": [
    1984512,
    1984512,
    1984512,
    1984512,
    1984512,
    1984512,
    1984512,
    1984512,
    1984512,
    1984512,
    1984512
  ],
  "meminfo.DirectMap1G": [
    7340032,
    7340032,
    7340032,
    7340032,
    7340032,
    7340032,
    7340032,
    7340032,
    7340032,
    7340032,
    7340032
  ]
}