{
  "proc-vmstat.time": [
    1480665592.6417725,
    1480665593.6453805,
    1480665594.6522675,
    1480665595.6605935,
    1480665596.6701179,
    1480665597.6776106,
    1480665598.6853788,
    1480665599.6958094,
    1480665600.7039163,
    1480665601.7128634,
    1480665602.7215805
  ],
  "proc-vmstat.nr_free_pages": [
    1579466,
    1577696,
    1577269,
    1577095,
    1577021,
    1577044,
    1576990,
    1577101,
    1577070,
    1577105,
    1576998
  ],
  "proc-vmstat.nr_alloc_batch": [
    463,
    529,
    0,
    445,
    581,
    0,
    99,
    203,
    624,
    710,
    581
  ],
  "proc-vmstat.nr_inactive_anon": [
    20507,
    20507,
    20507,
    20507,
    20507,
    20507,
    20507,
    20507,
    20507,
    20507,
    20507
  ],
  "proc-vmstat.nr_active_anon": [
    66799,
    67813,
    68098,
    68115,
    68124,
    68134,
    68144,
    68158,
    68144,
    68160,
    68196
  ],
  "proc-vmstat.nr_inactive_file": [
    176234,
    176273,
    172554,
    172554,
    172554,
    172554,
    172554,
    172554,
    172554,
    172554,
    172554
  ],
  "proc-vmstat.nr_active_file": [
    146734,
    146817,
    150589,
    150589,
    150591,
    150594,
    150594,
    150596,
    150598,
    150600,
    150600
  ],
  "proc-vmstat.nr_anon_pages": [
    64750,
    65846,
    66131,
    66148,
    66157,
    66167,
    66177,
    66190,
    66176,
    66193,
    66185
  ],
  "proc-vmstat.nr_mapped": [
    81065,
    81526,
    81752,
    81752,
    81754,
    81759,
    81751,
    81755,
    81756,
    81751,
    81756
  ],
  "proc-vmstat.nr_file_pages": [
    345439,
    345563,
    345614,
    345614,
    345616,
    345619,
    345619,
    345621,
    345623,
    345625,
    345625
  ],
  "proc-vmstat.nr_dirty": [
    8,
    52,
    55,
    55,
    118,
    63,
    65,
    67,
    70,
    77,
    0
  ],
  "proc-vmstat.nr_slab_reclaimable": [
    13671,
    13702,
    13708,
    13708,
    13709,
    13709,
    13709,
    13707,
    13707,
    13708,
    13708
  ],
  "proc-vmstat.nr_slab_unreclaimable": [
    7766,
    7837,
    7871,
    7875,
    7875,
    7875,
    7876,
    7855,
    7856,
    7857,
    7860
  ],
  "proc-vmstat.nr_page_table_pages": [
    2952,
    3184,
    3244,
    3245,
    3244,
    3245,
    3246,
    3246,
    3245,
    3245,
    3245
  ],
  "proc-vmstat.nr_kernel_stack": [
    657,
    681,
    686,
    687,
    687,
    687,
    687,
    687,
    687,
    687,
    687
  ],
  "proc-vmstat.nr_shmem": [
    22475,
    22475,
    22475,
    22475,
    22475,
    22475,
    22475,
    22475,
    22475,
    22475,
    22475
  ],
  "proc-vmstat.nr_dirtied": [
    193379,
    193424,
    193428,
    193431,
    193495,
    193496,
    193499,
    193502,
    193508,
    193516,
    193517
  ],
  "proc-vmstat.nr_written": [
    178854,
    178855,
    178856,
    178859,
    178860,
    178916,
    178917,
    178918,
    178921,
    178922,
    179000
  ],
  "proc-vmstat.nr_dirty_threshold": [
    376580,
    376250,
    376176,
    376141,
    376126,
    376132,
    376121,
    376143,
    376138,
    376145,
    376124
  ],
  "proc-vmstat.nr_dirty_background_threshold": [
    94145,
    94062,
    94044,
    94035,
    94031,
    94033,
    94030,
    94035,
    94034,
    94036,
    94031
  ],
  "proc-vmstat.pgpgin": [
    749606,
    749906,
    750062,
    750062,
    750062,
    750066,
    750066,
    750066,
    750066,
    750066,
    750066
  ],
  "proc-vmstat.pgpgout": [
    740168,
    740172,
    740204,
    740216,
    740488,
    740708,
    740712,
    740764,
    740776,
    740864,
    741156
  ],
  "proc-vmstat.pgalloc_dma32": [
    555547,
    559898,
    561146,
    561740,
    562170,
    562734,
    563076,
    563508,
    564230,
    564762,
    565256
  ],
  "proc-vmstat.pgalloc_normal": [
    1119924,
    1128549,
    1130888,
    1132158,
    1133190,
    1134075,
    1135164,
    1136142,
    1137307,
    1138238,
    1139451
  ],
  "proc-vmstat.pgfree": [
    3255748,
    3266976,
    3270180,
    3272008,
    3273470,
    3274899,
    3276340,
    3277732,
    3279651,
    3281111,
    3282817
  ],
  "proc-vmstat.pgactivate": [
    160112,
    160154,
    163899,
    163901,
    163902,
    163903,
    163904,
    163905,
    163907,
    163908,
    163909
  ],
  "proc-vmstat.pgfault": [
    1709128,
    1724757,
    1735191,
    1737915,
    1739661,
    1741393,
    1743144,
    1744812,
    1747332,
    1749115,
    1751152
  ],
  "proc-vmstat.pgmajfault": [
    4657,
    4663,
    4665,
    4665,
    4665,
    4665,
    4665,
    4665,
    4665,
    4665,
    4665
  ],
  "proc-vmstat.pageoutrun": [
    1,
    1,
    1,
    1,
    1,
    1,
    1,
    1,
    1,
    1,
    1
  ]
}