{
  "diskstats.time": [
    1480931319.220625,
    1480931320.2240999,
    1480931321.2265973,
    1480931322.2352605,
    1480931323.262157,
    1480931324.265884,
    1480931325.2731953,
    1480931326.2803922,
    1480931327.288398,
    1480931328.2964644,
    1480931329.3049815,
    1480931330.312264
  ],
  "diskstats.sda.read_ios": [
    20413,
    20422,
    20448,
    20448,
    20449,
    20449,
    20449,
    20449,
    20449,
    20452,
    20452,
    20452
  ],
  "diskstats.sda.read_merges": [
    509,
    509,
    509,
    509,
    509,
    509,
    509,
    509,
    509,
    509,
    509,
    509
  ],
  "diskstats.sda.read_sectors": [
    1619956,
    1620372,
    1623500,
    1623500,
    1623508,
    1623508,
    1623508,
    1623508,
    1623508,
    1623532,
    1623532,
    1623532
  ],
  "diskstats.sda.read_ticks": [
    333435,
    333546,
    333818,
    333818,
    333888,
    333888,
    333888,
    333888,
    333888,
    333909,
    333909,
    333909
  ],
  "diskstats.sda.write_ios": [
    6143,
    6144,
    6173,
    6198,
    6256,
    6318,
    6319,
    6323,
    6327,
    6429,
    6430,
    6433
  ],
  "diskstats.sda.write_merges": [
    9519,
    9519,
    9599,
    9624,
    9804,
    9917,
    9917,
    9921,
    9921,
    9978,
    9978,
    10003
  ],
  "diskstats.sda.write_sectors": [
    1915585,
    1915593,
    1916305,
    1937321,
    1960233,
    1961577,
    1961585,
    1961649,
    1961681,
    1968945,
    1968953,
    1969177
  ],
  "diskstats.sda.write_ticks": [
    921928,
    921928,
    922287,
    923159,
    926923,
    927872,
    927872,
    927902,
    927902,
    946690,
    946690,
    946726
  ],
  "diskstats.sda.in_flight": [
    1,
    0,
    1,
    0,
    1,
    0,
    0,
    0,
    0,
    0,
    0,
    0
  ],
  "diskstats.sda.io_ticks": [
    115788,
    115859,
    116336,
    116582,
    117163,
    117742,
    117742,
    117772,
    117772,
    118035,
    118035,
    118071
  ],
  "diskstats.sda.time_in_queue": [
    1255443,
    1255528,
    1256167,
    1257031,
    1260901,
    1261814,
    1261814,
    1261844,
    1261844,
    1280653,
    1280653,
    1280689
  ],
  "diskstats.sda1.read_ios": [
    21,
    21,
    21,
    21,
    21,
    21,
    21,
    21,
    21,
    21,
    21,
    21
  ],
  "diskstats.sda1.read_sectors": [
    1128,
    1128,
    1128,
    1128,
    1128,
    1128,
    1128,
    1128,
    1128,
    1128,
    1128,
    1128
  ],
  "diskstats.sda1.read_ticks": [
    158,
    158,
    158,
    158,
    158,
    158,
    158,
    158,
    158,
    158,
    158,
    158
  ],
  "diskstats.sda1.io_ticks": [
    158,
    158,
    158,
    158,
    158,
    158,
    158,
    158,
    158,
    158,
    158,
    158
  ],
  "diskstats.sda1.time_in_queue": [
    158,
    158,
    158,
    158,
    158,
    158,
    158,
    158,
    158,
    158,
    158,
    158
  ],
  "diskstats.sda2.read_ios": [
    7329,
    7338,
    7338,
    7338,
    7339,
    7339,
    7339,
    7339,
    7339,
    7339,
    7339,
    7339
  ],
  "diskstats.sda2.read_merges": [
    99,
    99,
    99,
    99,
    99,
    99,
    99,
    99,
    99,
    99,
    99,
    99
  ],
  "diskstats.sda2.read_sectors": [
    468866,
    469282,
    469282,
    469282,
    469290,
    469290,
    469290,
    469290,
    469290,
    469290,
    469290,
    469290
  ],
  "diskstats.sda2.read_ticks": [
    34203,
    34314,
    34314,
    34314,
    34384,
    34384,
    34384,
    34384,
    34384,
    34384,
    34384,
    34384
  ],
  "diskstats.sda2.write_ios": [
    1588,
    1588,
    1588,
    1588,
    1599,
    1599,
    1599,
    1599,
    1599,
    1671,
    1671,
    1671
  ],
  "diskstats.sda2.write_merges": [
    5061,
    5061,
    5061,
    5061,
    5188,
    5188,
    5188,
    5188,
    5188,
    5242,
    5242,
    5242
  ],
  "diskstats.sda2.write_sectors": [
    1681760,
    1681760,
    1681760,
    1681760,
    1683160,
    1683160,
    1683160,
    1683160,
    1683160,
    1684168,
    1684168,
    1684168
  ],
  "diskstats.sda2.write_ticks": [
    334889,
    334889,
    334889,
    334889,
    336797,
    336797,
    336797,
    336797,
    336797,
    350357,
    350357,
    350357
  ],
  "diskstats.sda2.in_flight": [
    1,
    0,
    0,
    0,
    0,
    0,
    0,
    0,
    0,
    0,
    0,
    0
  ],
  "diskstats.sda2.io_ticks": [
    25588,
    25659,
    25659,
    25659,
    26123,
    26123,
    26123,
    26123,
    26123,
    26364,
    26364,
    26364
  ],
  "diskstats.sda2.time_in_queue": [
    369155,
    369240,
    369240,
    369240,
    371218,
    371218,
    371218,
    371218,
    371218,
    384778,
    384778,
    384778
  ],
  "diskstats.sda3.read_ios": [
    32,
    32,
    32,
    32,
    32,
    32,
    32,
    32,
    32,
    32,
    32,
    32
  ],
  "diskstats.sda3.read_sectors": [
    3840,
    3840,
    3840,
    3840,
    3840,
    3840,
    3840,
    3840,
    3840,
    3840,
    3840,
    3840
  ],
  "diskstats.sda3.read_ticks": [
    98,
    98,
    98,
    98,
    98,
    98,
    98,
    98,
    98,
    98,
    98,
    98
  ],
  "diskstats.sda3.io_ticks": [
    92,
    92,
    92,
    92,
    92,
    92,
    92,
    92,
    92,
    92,
    92,
    92
  ],
  "diskstats.sda3.time_in_queue": [
    96,
    96,
    96,
    96,
    96,
    96,
    96,
    96,
    96,
    96,
    96,
    96
  ],
  "diskstats.sda4.read_ios": [
    48,
    48,
    48,
    48,
    48,
    48,
    48,
    48,
    48,
    48,
    48,
    48
  ],
  "diskstats.sda4.read_sectors": [
    2596,
    2596,
    2596,
    2596,
    2596,
    2596,
    2596,
    2596,
    2596,
    2596,
    2596,
    2596
  ],
  "diskstats.sda4.read_ticks": [
    318,
    318,
    318,
    318,
    318,
    318,
    318,
    318,
    318,
    318,
    318,
    318
  ],
  "diskstats.sda4.write_ios": [
    1,
    1,
    1,
    1,
    1,
    1,
    1,
    1,
    1,
    1,
    1,
    1
  ],
  "diskstats.sda4.write_sectors": [
    1,
    1,
    1,
    1,
    1,
    1,
    1,
    1,
    1,
    1,
    1,
    1
  ],
  "diskstats.sda4.write_ticks": [
    563,
    563,
    563,
    563,
    563,
    563,
    563,
    563,
    563,
    563,
    563,
    563
  ],
  "diskstats.sda4.io_ticks": [
    693,
    693,
    693,
    693,
    693,
    693,
    693,
    693,
    693,
    693,
    693,
    693
  ],
  "diskstats.sda4.time_in_queue": [
    881,
    881,
    881,
    881,
    881,
    881,
    881,
    881,
    881,
    881,
    881,
    881
  ],
  "diskstats.sda5.read_ios": [
    5556,
    5556,
    5564,
    5564,
    5564,
    5564,
    5564,
    5564,
    5564,
    5564,
    5564,
    5564
  ],
  "diskstats.sda5.read_merges": [
    39,
    39,
    39,
    39,
    39,
    39,
    39,
    39,
    39,
    39,
    39,
    39
  ],
  "diskstats.sda5.read_sectors": [
    455682,
    455682,
    456442,
    456442,
    456442,
    456442,
    456442,
    456442,
    456442,
    456442,
    456442,
    456442
  ],
  "diskstats.sda5.read_ticks": [
    106174,
    106174,
    106286,
    106286,
    106286,
    106286,
    106286,
    106286,
    106286,
    106286,
    106286,
    106286
  ],
  "diskstats.sda5.write_ios": [
    162,
    162,
    162,
    162,
    162,
    162,
    162,
    164,
    164,
    168,
    168,
    168
  ],
  "diskstats.sda5.write_merges": [
    387,
    387,
    387,
    387,
    387,
    387,
    387,
    391,
    391,
    391,
    391,
    391
  ],
  "diskstats.sda5.write_sectors": [
    10168,
    10168,
    10168,
    10168,
    10168,
    10168,
    10168,
    10216,
    10216,
    10248,
    10248,
    10248
  ],
  "diskstats.sda5.write_ticks": [
    50503,
    50503,
    50503,
    50503,
    50503,
    50503,
    50503,
    50532,
    50532,
    51405,
    51405,
    51405
  ],
  "diskstats.sda5.io_ticks": [
    42960,
    42960,
    43072,
    43072,
    43072,
    43072,
    43072,
    43101,
    43101,
    43320,
    43320,
    43320
  ],