{
  "interrupts.time": [
    1480931319.2043624,
    1480931330.7532053
  ],
  "interrupts.CPU0.0:IO-APIC.2-edge.timer": [
    46,
    46
  ],
  "interrupts.0:IO-APIC.2-edge.timer": [
    46,
    46
  ],
  "interrupts.CPU0.1:IO-APIC.1-edge.i8042": [
    10,
    10
  ],
  "interrupts.CPU1.1:IO-APIC.1-edge.i8042": [
    11,
    11
  ],
  "interrupts.CPU2.1:IO-APIC.1-edge.i8042": [
    47,
    47
  ],
  "interrupts.CPU3.1:IO-APIC.1-edge.i8042": [
    13,
    13
  ],
  "interrupts.1:IO-APIC.1-edge.i8042": [
    81,
    81
  ],
  "interrupts.CPU0.7:IO-APIC.7-edge": [
    34,
    34
  ],
  "interrupts.7:IO-APIC.7-edge": [
    34,
    34
  ],
  "interrupts.CPU1.8:IO-APIC.8-edge.rtc0": [
    1,
    1
  ],
  "interrupts.8:IO-APIC.8-edge.rtc0": [
    1,
    1
  ],
  "interrupts.CPU0.9:IO-APIC.9-fasteoi.acpi": [
    133,
    136
  ],
  "interrupts.CPU1.9:IO-APIC.9-fasteoi.acpi": [
    76,
    76
  ],
  "interrupts.CPU2.9:IO-APIC.9-fasteoi.acpi": [
    304,
    327
  ],
  "interrupts.CPU3.9:IO-APIC.9-fasteoi.acpi": [
    38,
    38
  ],
  "interrupts.9:IO-APIC.9-fasteoi.acpi": [
    551,
    577
  ],
  "interrupts.CPU0.12:IO-APIC.12-edge.i8042": [
    179,
    179
  ],
  "interrupts.CPU1.12:IO-APIC.12-edge.i8042": [
    77,
    77
  ],
  "interrupts.CPU2.12:IO-APIC.12-edge.i8042": [
    897,
    897
  ],
  "interrupts.CPU3.12:IO-APIC.12-edge.i8042": [
    65,
    65
  ],
  "interrupts.12:IO-APIC.12-edge.i8042": [
    1218,
    1218
  ],
  "interrupts.CPU0.120:PCI-MSI.376832-edge.0000:00:17.0": [
    6924,
    7025
  ],
  "interrupts.CPU1.120:PCI-MSI.376832-edge.0000:00:17.0": [
    4679,
    4720
  ],
  "interrupts.CPU2.120:PCI-MSI.376832-edge.0000:00:17.0": [
    11831,
    12045
  ],
  "interrupts.CPU3.120:PCI-MSI.376832-edge.0000:00:17.0": [
    3534,
    3573
  ],
  "interrupts.120:PCI-MSI.376832-edge.0000:00:17.0": [
    26968,
    27363
  ],
  "interrupts.CPU0.121:PCI-MSI.327680-edge.xhci_hcd": [
    465,
    465
  ],
  "interrupts.CPU1.121:PCI-MSI.327680-edge.xhci_hcd": [
    208,
    208
  ],
  "interrupts.CPU2.121:PCI-MSI.327680-edge.xhci_hcd": [
    451,
    451
  ],
  "interrupts.CPU3.121:PCI-MSI.327680-edge.xhci_hcd": [
    229,
    229
  ],
  "interrupts.121:PCI-MSI.327680-edge.xhci_hcd": [
    1353,
    1353
  ],
  "interrupts.CPU0.122:PCI-MSI.32768-edge.i915": [
    13012,
    13300
  ],
  "interrupts.CPU1.122:PCI-MSI.32768-edge.i915": [
    8888,
    9008
  ],
  "interrupts.CPU2.122:PCI-MSI.32768-edge.i915": [
    22975,
    23400
  ],
  "interrupts.CPU3.122:PCI-MSI.32768-edge.i915": [
    6795,
    6925
  ],
  "interrupts.122:PCI-MSI.32768-edge.i915": [
    51670,
    52633
  ],
  "interrupts.CPU0.123:PCI-MSI.514048-edge.snd_hda_intel": [
    189,
    189
  ],
  "interrupts.CPU1.123:PCI-MSI.514048-edge.snd_hda_intel": [
    184,
    184
  ],
  "interrupts.CPU2.123:PCI-MSI.514048-edge.snd_hda_intel": [
    770,
    770
  ],
  "interrupts.CPU3.123:PCI-MSI.514048-edge.snd_hda_intel": [
    308,
    308
  ],
  "interrupts.123:PCI-MSI.514048-edge.snd_hda_intel": [
    1451,
    1451
  ],
  "interrupts.CPU1.124:PCI-MSI.524288-edge": [
    3,
    3
  ],
  "interrupts.CPU3.124:PCI-MSI.524288-edge": [
    2,
    2
  ],
  "interrupts.124:PCI-MSI.524288-edge": [
    5,
    5
  ],
  "interrupts.CPU0.125:PCI-MSI.1048576-edge.iwlwifi": [
    1,
    1
  ],
  "interrupts.CPU2.125:PCI-MSI.1048576-edge.iwlwifi": [
    4,
    4
  ],
  "interrupts.CPU3.125:PCI-MSI.1048576-edge.iwlwifi": [
    16,
    16
  ],
  "interrupts.125:PCI-MSI.1048576-edge.iwlwifi": [
    21,
    21
  ],
  "interrupts.CPU0.126:PCI-MSI.1572864-edge.rtsx_pci": [
    16,
    16
  ],
  "interrupts.CPU2.126:PCI-MSI.1572864-edge.rtsx_pci": [
    1,
    1
  ],
  "interrupts.126:PCI-MSI.1572864-edge.rtsx_pci": [
    17,
    17
  ],
  "interrupts.CPU0.127:PCI-MSI.1574912-edge.eth0": [
    52274,
    52370
  ],
  "interrupts.CPU1.127:PCI-MSI.1574912-edge.eth0": [
    39524,
    39557
  ],
  "interrupts.CPU2.127:PCI-MSI.1574912-edge.eth0": [
    93347,
    93412
  ],
  "interrupts.CPU3.127:PCI-MSI.1574912-edge.eth0": [
    28042,
    28064
  ],
  "interrupts.127:PCI-MSI.1574912-edge.eth0": [
    213187,
    213403
  ],
  "interrupts.CPU0.NMI:Non-maskable_interrupts": [
    1,
    1
  ],
  "interrupts.CPU1.NMI:Non-maskable_interrupts": [
    1,
    1
  ],
  "interrupts.CPU2.NMI:Non-maskable_interrupts": [
    1,
    2
  ],
  "interrupts.CPU3.NMI:Non-maskable_interrupts": [
    3,
    3
  ],
  "interrupts.NMI:Non-maskable_interrupts": [
    6,
    7
  ],
  "interrupts.CPU0.LOC:Local_timer_interrupts": [
    154938,
    159527
  ],
  "interrupts.CPU1.LOC:Local_timer_interrupts": [
    147309,
    152576
  ],
  "interrupts.CPU2.LOC:Local_timer_interrupts": [
    118968,
    123445
  ],
  "interrupts.CPU3.LOC:Local_timer_interrupts": [
    122237,
    126290
  ],
  "interrupts.LOC:Local_timer_interrupts": [
    543452,
    561838
  ],
  "interrupts.CPU0.PMI:Performance_monitoring_interrupts": [
    1,
    1
  ],
  "interrupts.CPU1.PMI:Performance_monitoring_interrupts": [
    1,
    1
  ],
  "interrupts.CPU2.PMI:Performance_monitoring_interrupts": [
    1,
    2
  ],
  "interrupts.CPU3.PMI:Performance_monitoring_interrupts": [
    3,
    3
  ],
  "interrupts.PMI:Performance_monitoring_interrupts": [
    6,
    7
  ],
  "interrupts.CPU0.RTR:APIC_ICR_read_retries": [
    3,
    3
  ],
  "interrupts.RTR:APIC_ICR_read_retries": [
    3,
    3
  ],
  "interrupts.CPU0.RES:Rescheduling_interrupts": [
    28604,
    28885
  ],
  "interrupts.CPU1.RES:Rescheduling_interrupts": [
    25451,
    25757
  ],
  "interrupts.CPU2.RES:Rescheduling_interrupts": [
    25851,
    26130
  ],
  "interrupts.CPU3.RES:Rescheduling_interrupts": [
    24239,
    24463
  ],
  "interrupts.RES:Rescheduling_interrupts": [
    104145,
    105235
  ],
  "interrupts.CPU0.CAL:Function_call_interrupts": [
    5525,
    5830
  ],
  "interrupts.CPU1.CAL:Function_call_interrupts": [
    5827,
    6022
  ],
  "interrupts.CPU2.CAL:Function_call_interrupts": [
    6275,
    6620
  ],
  "interrupts.CPU3.CAL:Function_call_interrupts": [
    6215,
    6492
  ],
  "interrupts.CAL:Function_call_interrupts": [
    23842,
    24964
  ],
  "interrupts.CPU0.TLB:TLB_shootdowns": [
    10251,
    14127
  ],
  "interrupts.CPU1.TLB:TLB_shootdowns": [
    9677,
    13285
  ],
  "interrupts.CPU2.TLB:TLB_shootdowns": [
    10116,
    14231
  ],
  "interrupts.CPU3.TLB:TLB_shootdowns": [
    9606,
    13141
  ],
  "interrupts.TLB:TLB_shootdowns": [
    39650,
    54784
  ],
  "interrupts.CPU0.MCP:Machine_check_polls": [
    3,
    3
  ],
  "interrupts.CPU1.MCP:Machine_check_polls": [
    3,
    3
  ],
  "interrupts.CPU2.MCP:Machine_check_polls": [
    3,
    3
  ],
  "interrupts.CPU3.MCP:Machine_check_polls": [
    3,
    3
  ],
  "interrupts.MCP:Machine_check_polls": [
    12,
    12
  ],
  "interrupts.ERR": [
    34,
    34
  ]
}