{
  "meminfo.time": [
    1480931319.1940126,
    1480931320.198822,
    1480931321.2062752,
    1480931322.217465,
    1480931323.2552261,
    1480931324.2588365,
    1480931325.2660673,
    1480931326.272872,
    1480931327.2795491,
    1480931328.286803,
    1480931329.295491,
    1480931330.3041344
  ],
  "meminfo.MemTotal": [
    8091280,
    8091280,
    8091280,
    8091280,
    8091280,
    8091280,
    8091280,
    8091280,
    8091280,
    8091280,
    8091280,
    8091280
  ],
  "meminfo.MemFree": [
    6004916,
    5998876,
    5964028,
    5911492,
    5937732,
    5916768,
    5908140,
    5908208,
    5907996,
    5907784,
    5907636,
    5907932
  ],
  "meminfo.MemAvailable": [
    7482280,
    7477108,
    7446356,
    7404940,
    7441728,
    7421000,
    7412652,
    7412724,
    7412532,
    7412352,
    7412244,
    7412540
  ],
  "meminfo.Buffers": [
    27756,
    27760,
    27848,
    27880,
    27924,
    28028,
    28028,
    28036,
    28036,
    28056,
    28056,
    28064
  ],
  "meminfo.Cached": [
    1593908,
    1594728,
    1607696,
    1618184,
    1628772,
    1634476,
    1642664,
    1642864,
    1642872,
    1642876,
    1642920,
    1642912
  ],
  "meminfo.Active": [
    1062980,
    1066728,
    1099804,
    1145656,
    1119064,
    1136656,
    1137216,
    1136164,
    1136184,
    1136240,
    1136316,
    1136172
  ],
  "meminfo.Inactive": [
    866772,
    866524,
    866204,
    874308,
    872788,
    875040,
    883540,
    883592,
    883592,
    883608,
    883624,
    883624
  ],
  "meminfo.Active(anon)": [
    315852,
    318632,
    338792,
    381684,
    343172,
    357512,
    357780,
    356724,
    356736,
    356784,
    356832,
    356688
  ],
  "meminfo.Inactive(anon)": [
    95308,
    95308,
    103820,
    103968,
    103968,
    109308,
    117836,
    117892,
    117892,
    117892,
    117892,
    117892
  ],
  "meminfo.Active(file)": [
    747128,
    748096,
    761012,
    763972,
    775892,
    779144,
    779436,
    779440,
    779448,
    779456,
    779484,
    779484
  ],
  "meminfo.Inactive(file)": [
    771464,
    771216,
    762384,
    770340,
    768820,
    765732,
    765704,
    765700,
    765700,
    765716,
    765732,
    765732
  ],
  "meminfo.Dirty": [
    12,
    224,
    2912,
    3240,
    3460,
    3656,
    3592,
    3596,
    3612,
    224,
    76,
    76
  ],
  "meminfo.Writeback": [
    0,
    0,
    0,
    36,
    220,
    0,
    0,
    0,
    0,
    0,
    0,
    0
  ],
  "meminfo.AnonPages": [
    307580,
    310920,
    330792,
    373820,
    335196,
    349472,
    349908,
    348668,
    348564,
    348612,
    348636,
    348812
  ],
  "meminfo.Mapped": [
    347656,
    348580,
    368112,
    381732,
    376988,
    379296,
    379396,
    379404,
    379404,
    379536,
    379532,
    379536
  ],
  "meminfo.Shmem": [
    103192,
    103192,
    111940,
    111852,
    111852,
    117380,
    125568,
    125776,
    125776,
    125776,
    125776,
    125776
  ],
  "meminfo.Slab": [
    104008,
    104608,
    104840,
    105540,
    105880,
    106068,
    106092,
    106124,
    106164,
    106192,
    106212,
    106236
  ],
  "meminfo.SReclaimable": [
    70408,
    70704,
    70728,
    71132,
    71428,
    71572,
    71608,
    71616,
    71636,
    71652,
    71648,
    71648
  ],
  "meminfo.SUnreclaim": [
    33600,
    33904,
    34112,
    34408,
    34452,
    34496,
    34484,
    34508,
    34528,
    34540,
    34564,
    34588
  ],
  "meminfo.KernelStack": [
    11968,
    12560,
    12704,
    13184,
    13264,
    13392,
    13648,
    13648,
    13648,
    13616,
    13616,
    13616
  ],
  "meminfo.PageTables": [
    15516,
    15808,
    16660,
    17020,
    16780,
    17192,
    17340,
    17348,
    17336,
    17344,
    17348,
    17348
  ],
  "meminfo.CommitLimit": [
    4045640,
    4045640,
    4045640,
    4045640,
    4045640,
    4045640,
    4045640,
    4045640,
    4045640,
    4045640,
    4045640,
    4045640
  ],
  "meminfo.Committed_AS": [
    38082736,
    38082484,
    39637352,
    42050388,
    39655628,
    40951080,
    40968308,
    40964412,
    40971064,
    40962664,
    40966244,
    40962992
  ],
  "meminfo.VmallocTotal": [
    34359738367,
    34359738367,
    34359738367,
    34359738367,
    34359738367,
    34359738367,
    34359738367,
    34359738367,
    34359738367,
    34359738367,
    34359738367,
    34359738367
  ],
  "meminfo.DirectMap4k": [
    26796,
    26796,
    30892,
    30892,
    30892,
    30892,
    30892,
    30892,
    30892,
    30892,
    30892,
    30892
  ],
  "meminfo.DirectMap2M": [
    1980416,
    1980416,
    1976320,
    1976320,
    1976320,
    1976320,
    1976320,
    1976320,
    1976320,
    1976320,
    1976320,
    1976320
  ],
  "meminfo.DirectMap1G": [
    7340032,
    7340032,
    7340032,
    7340032,
    7340032,
    7340032,
    7340032,
    7340032,
    7340032,
    7340032,
    7340032,
    7340032
  ]
}