{
  "proc-vmstat.time": [
    1480931319.1895545,
    1480931320.19349,
    1480931321.2002392,
    1480931322.2151012,
    1480931323.2404335,
    1480931324.2449846,
    1480931325.2526746,
    1480931326.2602677,
    1480931327.2672262,
    1480931328.2749674,
    1480931329.282491,
    1480931330.2917469
  ],
  "proc-vmstat.nr_free_pages": [
    1501336,
    1499843,
    1491108,
    1477935,
    1484476,
    1479331,
    1477035,
    1477095,
    1477061,
    1476952,
    1476971,
    1476946
  ],
  "proc-vmstat.nr_alloc_batch": [
    584,
    296,
    157,
    208,
    238,
    497,
    600,
    599,
    466,
    624,
    498,
    452
  ],
  "proc-vmstat.nr_inactive_anon": [
    23827,
    23827,
    25955,
    25992,
    25992,
    27327,
    29459,
    29473,
    29473,
    29473,
    29473,
    29473
  ],
  "proc-vmstat.nr_active_anon": [
    78840,
    79621,
    84698,
    95261,
    85756,
    89378,
    89445,
    89095,
    89141,
    89233,
    89208,
    89166
  ],
  "proc-vmstat.nr_inactive_file": [
    192866,
    192804,
    190596,
    192585,
    192205,
    191433,
    191426,
    191425,
    191425,
    191429,
    191433,
    191433
  ],
  "proc-vmstat.nr_active_file": [
    186782,
    187024,
    190253,
    190993,
    193973,
    194786,
    194859,
    194860,
    194862,
    194864,
    194871,
    194871
  ],
  "proc-vmstat.nr_anon_pages": [
    76889,
    77693,
    82741,
    93332,
    83799,
    87411,
    87477,
    87081,
    87141,
    87190,
    87159,
    87197
  ],
  "proc-vmstat.nr_mapped": [
    86850,
    87145,
    92028,
    95369,
    94247,
    94824,
    94849,
    94915,
    94851,
    94884,
    94883,
    94884
  ],
  "proc-vmstat.nr_file_pages": [
    405416,
    405622,
    408886,
    411516,
    414174,
    415626,
    417673,
    417725,
    417727,
    417733,
    417744,
    417744
  ],
  "proc-vmstat.nr_dirty": [
    3,
    56,
    728,
    810,
    865,
    914,
    898,
    899,
    903,
    56,
    19,
    19
  ],
  "proc-vmstat.nr_writeback": [
    0,
    0,
    0,
    9,
    55,
    0,
    0,
    0,
    0,
    0,
    0,
    0
  ],
  "proc-vmstat.nr_slab_reclaimable": [
    17602,
    17676,
    17682,
    17783,
    17857,
    17893,
    17902,
    17904,
    17909,
    17913,
    17912,
    17912
  ],
  "proc-vmstat.nr_slab_unreclaimable": [
    8400,
    8476,
    8528,
    8602,
    8613,
    8624,
    8621,
    8627,
    8632,
    8635,
    8641,
    8647
  ],
  "proc-vmstat.nr_page_table_pages": [
    3879,
    3952,
    4165,
    4255,
    4195,
    4298,
    4335,
    4337,
    4334,
    4336,
    4337,
    4337
  ],
  "proc-vmstat.nr_kernel_stack": [
    748,
    785,
    794,
    824,
    829,
    837,
    853,
    853,
    853,
    851,
    851,
    851
  ],
  "proc-vmstat.nr_shmem": [
    25798,
    25798,
    27985,
    27963,
    27963,
    29345,
    31392,
    31444,
    31444,
    31444,
    31444,
    31444
  ],
  "proc-vmstat.nr_dirtied": [
    237495,
    237549,
    238222,
    240867,
    243643,
    243712,
    243726,
    243728,
    243735,
    243744,
    243760,
    243761
  ],
  "proc-vmstat.nr_written": [
    233205,
    233206,
    233207,
    235761,
    238491,
    238511,
    238539,
    238540,
    238543,
    239397,
    239450,
    239451
  ],
  "proc-vmstat.nr_dirty_threshold": [
    372290,
    372027,
    370485,
    368396,
    370224,
    369203,
    368757,
    368769,
    368763,
    368742,
    368748,
    368743
  ],
  "proc-vmstat.nr_dirty_background_threshold": [
    93072,
    93006,
    92621,
    92099,
    92556,
    92300,
    92189,
    92192,
    92190,
    92185,
    92187,
    92185
  ],
  "proc-vmstat.pgpgin": [
    812190,
    812498,
    814062,
    814062,
    814066,
    814066,
    814066,
    814066,
    814066,
    814078,
    814078,
    814078
  ],
  "proc-vmstat.pgpgout": [
    957792,
    957796,
    958148,
    968660,
    980116,
    980788,
    980792,
    980820,
    980840,
    984472,
    984476,
    984588
  ],
  "proc-vmstat.pgalloc_dma32": [
    465468,
    469542,
    475596,
    482155,
    486401,
    489780,
    491326,
    491802,
    492846,
    493372,
    493861,
    494370
  ],
  "proc-vmstat.pgalloc_normal": [
    932360,
    940692,
    952584,
    965711,
    974270,
    980503,
    983434,
    984539,
    986672,
    987548,
    988702,
    989766
  ],
  "proc-vmstat.pgfree": [
    2899948,
    2910883,
    2920001,
    2926189,
    2945997,
    2950183,
    2952567,
    2954505,
    2957541,
    2958930,
    2960603,
    2962165
  ],
  "proc-vmstat.pgactivate": [
    173633,
    173653,
    176931,
    176946,
    179968,
    180744,
    180745,
    180747,
    180749,
    180750,
    180751,
    180752
  ],
  "proc-vmstat.pgfault": [
    1271248,
    1286115,
    1319934,
    1339901,
    1353808,
    1392009,
    1395006,
    1397674,
    1416462,
    1418149,
    1420129,
    1422124
  ],
  "proc-vmstat.pgmajfault": [
    5014,
    5021,
    5037,
    5037,
    5037,
    5037,
    5037,
    5037,
    5037,
    5037,
    5037,
    5037
  ],
  "proc-vmstat.pageoutrun": [
    1,
    1,
    1,
    1,
    1,
    1,
    1,
    1,
    1,
    1,
    1,
    1
  ],
  "proc-vmstat.pgrotated": [
    4,
    4,
    4,
    4,
    4,
    4,
    4,
    4,
    4,
    4,
    4,
    4
  ]
}