{
  "interrupts.time": [
    1478792851.339406,
    1478792852.3348088
  ],
  "interrupts.CPU0.0:IO-APIC.2-edge.timer": [
    37,
    37
  ],
  "interrupts.0:IO-APIC.2-edge.timer": [
    37,
    37
  ],
  "interrupts.CPU2.1:IO-APIC.1-edge.i8042": [
    1,
    1
  ],
  "interrupts.CPU4.1:IO-APIC.1-edge.i8042": [
    1,
    1
  ],
  "interrupts.1:IO-APIC.1-edge.i8042": [
    2,
    2
  ],
  "interrupts.CPU0.8:IO-APIC.8-edge.rtc0": [
    1,
    1
  ],
  "interrupts.8:IO-APIC.8-edge.rtc0": [
    1,
    1
  ],
  "interrupts.CPU0.9:IO-APIC.9-fasteoi.acpi": [
    2,
    2
  ],
  "interrupts.CPU2.9:IO-APIC.9-fasteoi.acpi": [
    1,
    1
  ],
  "interrupts.9:IO-APIC.9-fasteoi.acpi": [
    3,
    3
  ],
  "interrupts.CPU0.12:IO-APIC.12-edge.i8042": [
    1,
    1
  ],
  "interrupts.CPU2.12:IO-APIC.12-edge.i8042": [
    2,
    2
  ],
  "interrupts.CPU3.12:IO-APIC.12-edge.i8042": [
    1,
    1
  ],
  "interrupts.12:IO-APIC.12-edge.i8042": [
    4,
    4
  ],
  "interrupts.CPU0.120:PCI-MSI.376832-edge.0000:00:17.0": [
    24734,
    24879
  ],
  "interrupts.CPU1.120:PCI-MSI.376832-edge.0000:00:17.0": [
    3613,
    3615
  ],
  "interrupts.CPU2.120:PCI-MSI.376832-edge.0000:00:17.0": [
    1993,
    1994
  ],
  "interrupts.CPU3.120:PCI-MSI.376832-edge.0000:00:17.0": [
    1273,
    1273
  ],
  "interrupts.CPU4.120:PCI-MSI.376832-edge.0000:00:17.0": [
    9020,
    9037
  ],
  "interrupts.CPU5.120:PCI-MSI.376832-edge.0000:00:17.0": [
    4480,
    4482
  ],
  "interrupts.CPU6.120:PCI-MSI.376832-edge.0000:00:17.0": [
    3894,
    3894
  ],
  "interrupts.CPU7.120:PCI-MSI.376832-edge.0000:00:17.0": [
    1329,
    1330
  ],
  "interrupts.120:PCI-MSI.376832-edge.0000:00:17.0": [
    50336,
    50504
  ],
  "interrupts.CPU0.121:PCI-MSI.327680-edge.xhci_hcd": [
    3228,
    3228
  ],
  "interrupts.CPU1.121:PCI-MSI.327680-edge.xhci_hcd": [
    250,
    250
  ],
  "interrupts.CPU2.121:PCI-MSI.327680-edge.xhci_hcd": [
    248,
    248
  ],
  "interrupts.CPU3.121:PCI-MSI.327680-edge.xhci_hcd": [
    143,
    143
  ],
  "interrupts.CPU4.121:PCI-MSI.327680-edge.xhci_hcd": [
    460,
    460
  ],
  "interrupts.CPU5.121:PCI-MSI.327680-edge.xhci_hcd": [
    272,
    272
  ],
  "interrupts.CPU6.121:PCI-MSI.327680-edge.xhci_hcd": [
    205,
    205
  ],
  "interrupts.CPU7.121:PCI-MSI.327680-edge.xhci_hcd": [
    138,
    138
  ],
  "interrupts.121:PCI-MSI.327680-edge.xhci_hcd": [
    4944,
    4944
  ],
  "interrupts.CPU0.122:PCI-MSI.32768-edge.i915": [
    8690,
    8690
  ],
  "interrupts.CPU1.122:PCI-MSI.32768-edge.i915": [
    1684,
    1684
  ],
  "interrupts.CPU2.122:PCI-MSI.32768-edge.i915": [
    1727,
    1727
  ],
  "interrupts.CPU3.122:PCI-MSI.32768-edge.i915": [
    1272,
    1272
  ],
  "interrupts.CPU4.122:PCI-MSI.32768-edge.i915": [
    4023,
    4023
  ],
  "interrupts.CPU5.122:PCI-MSI.32768-edge.i915": [
    1662,
    1662
  ],
  "interrupts.CPU6.122:PCI-MSI.32768-edge.i915": [
    1282,
    1282
  ],
  "interrupts.CPU7.122:PCI-MSI.32768-edge.i915": [
    963,
    963
  ],
  "interrupts.122:PCI-MSI.32768-edge.i915": [
    21303,
    21303
  ],
  "interrupts.CPU0.123:PCI-MSI.514048-edge.snd_hda_intel": [
    727,
    727
  ],
  "interrupts.CPU1.123:PCI-MSI.514048-edge.snd_hda_intel": [
    442,
    442
  ],
  "interrupts.CPU2.123:PCI-MSI.514048-edge.snd_hda_intel": [
    2820,
    2820
  ],
  "interrupts.CPU3.123:PCI-MSI.514048-edge.snd_hda_intel": [
    149,
    149
  ],
  "interrupts.CPU4.123:PCI-MSI.514048-edge.snd_hda_intel": [
    695,
    695
  ],
  "interrupts.CPU5.123:PCI-MSI.514048-edge.snd_hda_intel": [
    407,
    407
  ],
  "interrupts.CPU6.123:PCI-MSI.514048-edge.snd_hda_intel": [
    346,
    346
  ],
  "interrupts.CPU7.123:PCI-MSI.514048-edge.snd_hda_intel": [
    168,
    168
  ],
  "interrupts.123:PCI-MSI.514048-edge.snd_hda_intel": [
    5754,
    5754
  ],
  "interrupts.CPU0.124:PCI-MSI.2097152-edge.eth0": [
    104932,
    104937
  ],
  "interrupts.CPU1.124:PCI-MSI.2097152-edge.eth0": [
    11245,
    11245
  ],
  "interrupts.CPU2.124:PCI-MSI.2097152-edge.eth0": [
    9576,
    9576
  ],
  "interrupts.CPU3.124:PCI-MSI.2097152-edge.eth0": [
    7280,
    7281
  ],
  "interrupts.CPU4.124:PCI-MSI.2097152-edge.eth0": [
    41226,
    41228
  ],
  "interrupts.CPU5.124:PCI-MSI.2097152-edge.eth0": [
    10058,
    10058
  ],
  "interrupts.CPU6.124:PCI-MSI.2097152-edge.eth0": [
    9025,
    9027
  ],
  "interrupts.CPU7.124:PCI-MSI.2097152-edge.eth0": [
    7396,
    7396
  ],
  "interrupts.124:PCI-MSI.2097152-edge.eth0": [
    200738,
    200748
  ],
  "interrupts.CPU0.NMI:Non-maskable_interrupts": [
    5,
    5
  ],
  "interrupts.CPU1.NMI:Non-maskable_interrupts": [
    6,
    6
  ],
  "interrupts.CPU2.NMI:Non-maskable_interrupts": [
    6,
    6
  ],
  "interrupts.CPU3.NMI:Non-maskable_interrupts": [
    8,
    8
  ],
  "interrupts.CPU4.NMI:Non-maskable_interrupts": [
    4,
    4
  ],
  "interrupts.CPU5.NMI:Non-maskable_interrupts": [
    6,
    6
  ],
  "interrupts.CPU6.NMI:Non-maskable_interrupts": [
    4,
    4
  ],
  "interrupts.CPU7.NMI:Non-maskable_interrupts": [
    4,
    4
  ],
  "interrupts.NMI:Non-maskable_interrupts": [
    43,
    43
  ],
  "interrupts.CPU0.LOC:Local_timer_interrupts": [
    404051,
    404137
  ],
  "interrupts.CPU1.LOC:Local_timer_interrupts": [
    345024,
    345122
  ],
  "interrupts.CPU2.LOC:Local_timer_interrupts": [
    362607,
    362692
  ],
  "interrupts.CPU3.LOC:Local_timer_interrupts": [
    426760,
    426839
  ],
  "interrupts.CPU4.LOC:Local_timer_interrupts": [
    214166,
    214241
  ],
  "interrupts.CPU5.LOC:Local_timer_interrupts": [
    242915,
    242979
  ],
  "interrupts.CPU6.LOC:Local_timer_interrupts": [
    195890,
    195974
  ],
  "interrupts.CPU7.LOC:Local_timer_interrupts": [
    224472,
    224580
  ],
  "interrupts.LOC:Local_timer_interrupts": [
    2415885,
    2416564
  ],
  "interrupts.CPU0.PMI:Performance_monitoring_interrupts": [
    5,
    5
  ],
  "interrupts.CPU1.PMI:Performance_monitoring_interrupts": [
    6,
    6
  ],
  "interrupts.CPU2.PMI:Performance_monitoring_interrupts": [
    6,
    6
  ],
  "interrupts.CPU3.PMI:Performance_monitoring_interrupts": [
    8,
    8
  ],
  "interrupts.CPU4.PMI:Performance_monitoring_interrupts": [
    4,
    4
  ],
  "interrupts.CPU5.PMI:Performance_monitoring_interrupts": [
    6,
    6
  ],
  "interrupts.CPU6.PMI:Performance_monitoring_interrupts": [
    4,
    4
  ],
  "interrupts.CPU7.PMI:Performance_monitoring_interrupts": [
    4,
    4
  ],
  "interrupts.PMI:Performance_monitoring_interrupts": [
    43,
    43
  ],
  "interrupts.CPU0.RTR:APIC_ICR_read_retries": [
    7,
    7
  ],
  "interrupts.RTR:APIC_ICR_read_retries": [
    7,
    7
  ],
  "interrupts.CPU0.RES:Rescheduling_interrupts": [
    37063,
    37065
  ],
  "interrupts.CPU1.RES:Rescheduling_interrupts": [
    36679,
    36684
  ],
  "interrupts.CPU2.RES:Rescheduling_interrupts": [
    42752,
    42754
  ],
  "interrupts.CPU3.RES:Rescheduling_interrupts": [
    42819,
    42821
  ],
  "interrupts.CPU4.RES:Rescheduling_interrupts": [
    17138,
    17145
  ],
  "interrupts.CPU5.RES:Rescheduling_interrupts": [
    22441,
    22441
  ],
  "interrupts.CPU6.RES:Rescheduling_interrupts": [
    25223,
    25229
  ],
  "interrupts.CPU7.RES:Rescheduling_interrupts": [
    27598,
    27600
  ],
  "interrupts.RES:Rescheduling_interrupts": [
    251713,
    251739
  ],
  "interrupts.CPU0.CAL:Function_call_interrupts": [
    308,
    308
  ],
  "interrupts.CPU1.CAL:Function_call_interrupts": [
    314,
    314
  ],
  "interrupts.CPU2.CAL:Function_call_interrupts": [
    315,
    315
  ],
  "interrupts.CPU3.CAL:Function_call_interrupts": [
    315,
    315
  ],
  "interrupts.CPU4.CAL:Function_call_interrupts": [
    362,
    362
  ],
  "interrupts.CPU5.CAL:Function_call_interrupts": [
    309,
    309
  ],
  "interrupts.CPU6.CAL:Function_call_interrupts": [
    379,
    379
  ],
  "interrupts.CPU7.CAL:Function_call_interrupts": [
    360,
    360
  ],