{
  "softirqs.time": [
    1478792851.3473203,
    1478792852.3349304
  ],
  "softirqs.CPU3.HI": [
    1,
    1
  ],
  "softirqs.CPU4.HI": [
    1,
    1
  ],
  "softirqs.HI": [
    2,
    2
  ],
  "softirqs.CPU0.TIMER": [
    337942,
    338018
  ],
  "softirqs.CPU1.TIMER": [
    287220,
    287294
  ],
  "softirqs.CPU2.TIMER": [
    290479,
    290555
  ],
  "softirqs.CPU3.TIMER": [
    348430,
    348499
  ],
  "softirqs.CPU4.TIMER": [
    198880,
    198953
  ],
  "softirqs.CPU5.TIMER": [
    218499,
    218552
  ],
  "softirqs.CPU6.TIMER": [
    172337,
    172411
  ],
  "softirqs.CPU7.TIMER": [
    176117,
    176216
  ],
  "softirqs.TIMER": [
    2029904,
    2030498
  ],
  "softirqs.CPU4.NET_TX": [
    2050,
    2051
  ],
  "softirqs.NET_TX": [
    2050,
    2051
  ],
  "softirqs.CPU0.NET_RX": [
    104938,
    104945
  ],
  "softirqs.CPU1.NET_RX": [
    11253,
    11253
  ],
  "softirqs.CPU2.NET_RX": [
    9580,
    9584
  ],
  "softirqs.CPU3.NET_RX": [
    7284,
    7285
  ],
  "softirqs.CPU4.NET_RX": [
    41230,
    41232
  ],
  "softirqs.CPU5.NET_RX": [
    10078,
    10078
  ],
  "softirqs.CPU6.NET_RX": [
    9029,
    9032
  ],
  "softirqs.CPU7.NET_RX": [
    7400,
    7400
  ],
  "softirqs.NET_RX": [
    200792,
    200809
  ],
  "softirqs.CPU0.BLOCK": [
    24736,
    24881
  ],
  "softirqs.CPU1.BLOCK": [
    3623,
    3625
  ],
  "softirqs.CPU2.BLOCK": [
    1999,
    2000
  ],
  "softirqs.CPU3.BLOCK": [
    1283,
    1283
  ],
  "softirqs.CPU4.BLOCK": [
    9009,
    9026
  ],
  "softirqs.CPU5.BLOCK": [
    4482,
    4484
  ],
  "softirqs.CPU6.BLOCK": [
    3894,
    3894
  ],
  "softirqs.CPU7.BLOCK": [
    1330,
    1331
  ],
  "softirqs.BLOCK": [
    50356,
    50524
  ],
  "softirqs.CPU0.TASKLET": [
    8296,
    8296
  ],
  "softirqs.CPU1.TASKLET": [
    318,
    318
  ],
  "softirqs.CPU2.TASKLET": [
    189,
    189
  ],
  "softirqs.CPU3.TASKLET": [
    306,
    306
  ],
  "softirqs.CPU4.TASKLET": [
    948,
    948
  ],
  "softirqs.CPU5.TASKLET": [
    169,
    169
  ],
  "softirqs.CPU6.TASKLET": [
    267,
    267
  ],
  "softirqs.CPU7.TASKLET": [
    165,
    165
  ],
  "softirqs.TASKLET": [
    10658,
    10658
  ],
  "softirqs.CPU0.SCHED": [
    167764,
    167784
  ],
  "softirqs.CPU1.SCHED": [
    122870,
    122904
  ],
  "softirqs.CPU2.SCHED": [
    124189,
    124215
  ],
  "softirqs.CPU3.SCHED": [
    135717,
    135740
  ],
  "softirqs.CPU4.SCHED": [
    81164,
    81188
  ],
  "softirqs.CPU5.SCHED": [
    88315,
    88333
  ],
  "softirqs.CPU6.SCHED": [
    71107,
    71137
  ],
  "softirqs.CPU7.SCHED": [
    79699,
    79732
  ],
  "softirqs.SCHED": [
    870825,
    871033
  ],
  "softirqs.CPU0.RCU": [
    282440,
    282493
  ],
  "softirqs.CPU1.RCU": [
    295596,
    295665
  ],
  "softirqs.CPU2.RCU": [
    331664,
    331724
  ],
  "softirqs.CPU3.RCU": [
    399922,
    399982
  ],
  "softirqs.CPU4.RCU": [
    228904,
    228977
  ],
  "softirqs.CPU5.RCU": [
    269961,
    269995
  ],
  "softirqs.CPU6.RCU": [
    191454,
    191526
  ],
  "softirqs.CPU7.RCU": [
    170531,
    170603
  ],
  "softirqs.RCU": [
    2170472,
    2170965
  ]
}