{
  "softirqs.time": [
    1479988859.158719,
    1479989497.4074616
  ],
  "softirqs.CPU0.HI": [
    7,
    7
  ],
  "softirqs.CPU1.HI": [
    8,
    8
  ],
  "softirqs.CPU2.HI": [
    6,
    6
  ],
  "softirqs.CPU3.HI": [
    1,
    1
  ],
  "softirqs.HI": [
    22,
    22
  ],
  "softirqs.CPU0.TIMER": [
    494354,
    647313
  ],
  "softirqs.CPU1.TIMER": [
    471589,
    624537
  ],
  "softirqs.CPU2.TIMER": [
    462504,
    614844
  ],
  "softirqs.CPU3.TIMER": [
    462078,
    614440
  ],
  "softirqs.TIMER": [
    1890525,
    2501134
  ],
  "softirqs.CPU0.NET_TX": [
    1226,
    1332
  ],
  "softirqs.CPU1.NET_TX": [
    1,
    1
  ],
  "softirqs.CPU2.NET_TX": [
    204,
    204
  ],
  "softirqs.CPU3.NET_TX": [
    4,
    4
  ],
  "softirqs.NET_TX": [
    1435,
    1541
  ],
  "softirqs.CPU0.NET_RX": [
    36911,
    37504
  ],
  "softirqs.CPU1.NET_RX": [
    170,
    170
  ],
  "softirqs.CPU2.NET_RX": [
    139,
    160
  ],
  "softirqs.CPU3.NET_RX": [
    150,
    150
  ],
  "softirqs.NET_RX": [
    37370,
    37984
  ],
  "softirqs.CPU0.BLOCK": [
    25515,
    26397
  ],
  "softirqs.CPU1.BLOCK": [
    13446,
    13446
  ],
  "softirqs.CPU2.BLOCK": [
    8941,
    8941
  ],
  "softirqs.CPU3.BLOCK": [
    4890,
    4894
  ],
  "softirqs.BLOCK": [
    52792,
    53678
  ],
  "softirqs.CPU0.BLOCK_IOPOLL": [
    2,
    2
  ],
  "softirqs.CPU2.BLOCK_IOPOLL": [
    1,
    1
  ],
  "softirqs.BLOCK_IOPOLL": [
    3,
    3
  ],
  "softirqs.CPU0.TASKLET": [
    720,
    724
  ],
  "softirqs.CPU1.TASKLET": [
    8,
    8
  ],
  "softirqs.CPU2.TASKLET": [
    229,
    229
  ],
  "softirqs.CPU3.TASKLET": [
    30,
    30
  ],
  "softirqs.TASKLET": [
    987,
    991
  ],
  "softirqs.CPU0.SCHED": [
    215320,
    268185
  ],
  "softirqs.CPU1.SCHED": [
    190854,
    241212
  ],
  "softirqs.CPU2.SCHED": [
    184837,
    236295
  ],
  "softirqs.CPU3.SCHED": [
    180893,
    231651
  ],
  "softirqs.SCHED": [
    771904,
    977343
  ],
  "softirqs.CPU0.RCU": [
    139019,
    181375
  ],
  "softirqs.CPU1.RCU": [
    133140,
    176714
  ],
  "softirqs.CPU2.RCU": [
    131060,
    173052
  ],
  "softirqs.CPU3.RCU": [
    135998,
    178592
  ],
  "softirqs.RCU": [
    539217,
    709733
  ]
}