{
  "interrupts.time": [
    1479482552.9505782,
    1479482578.9596598
  ],
  "interrupts.CPU0.0:IO-APIC.2-edge.timer": [
    37,
    37
  ],
  "interrupts.0:IO-APIC.2-edge.timer": [
    37,
    37
  ],
  "interrupts.CPU0.1:IO-APIC.1-edge.i8042": [
    1,
    1
  ],
  "interrupts.CPU6.1:IO-APIC.1-edge.i8042": [
    1,
    1
  ],
  "interrupts.1:IO-APIC.1-edge.i8042": [
    2,
    2
  ],
  "interrupts.CPU0.8:IO-APIC.8-edge.rtc0": [
    1,
    1
  ],
  "interrupts.8:IO-APIC.8-edge.rtc0": [
    1,
    1
  ],
  "interrupts.CPU0.9:IO-APIC.9-fasteoi.acpi": [
    2,
    2
  ],
  "interrupts.CPU4.9:IO-APIC.9-fasteoi.acpi": [
    1,
    1
  ],
  "interrupts.9:IO-APIC.9-fasteoi.acpi": [
    3,
    3
  ],
  "interrupts.CPU3.12:IO-APIC.12-edge.i8042": [
    1,
    1
  ],
  "interrupts.CPU5.12:IO-APIC.12-edge.i8042": [
    1,
    1
  ],
  "interrupts.CPU6.12:IO-APIC.12-edge.i8042": [
    2,
    2
  ],
  "interrupts.12:IO-APIC.12-edge.i8042": [
    4,
    4
  ],
  "interrupts.CPU0.120:PCI-MSI.376832-edge.0000:00:17.0": [
    27792,
    28004
  ],
  "interrupts.CPU1.120:PCI-MSI.376832-edge.0000:00:17.0": [
    3448,
    3448
  ],
  "interrupts.CPU2.120:PCI-MSI.376832-edge.0000:00:17.0": [
    2231,
    2231
  ],
  "interrupts.CPU3.120:PCI-MSI.376832-edge.0000:00:17.0": [
    1509,
    1509
  ],
  "interrupts.CPU4.120:PCI-MSI.376832-edge.0000:00:17.0": [
    11747,
    11747
  ],
  "interrupts.CPU5.120:PCI-MSI.376832-edge.0000:00:17.0": [
    5218,
    5218
  ],
  "interrupts.CPU6.120:PCI-MSI.376832-edge.0000:00:17.0": [
    5371,
    5372
  ],
  "interrupts.CPU7.120:PCI-MSI.376832-edge.0000:00:17.0": [
    2090,
    2090
  ],
  "interrupts.120:PCI-MSI.376832-edge.0000:00:17.0": [
    59406,
    59619
  ],
  "interrupts.CPU0.121:PCI-MSI.327680-edge.xhci_hcd": [
    460,
    460
  ],
  "interrupts.CPU1.121:PCI-MSI.327680-edge.xhci_hcd": [
    52,
    52
  ],
  "interrupts.CPU2.121:PCI-MSI.327680-edge.xhci_hcd": [
    38,
    38
  ],
  "interrupts.CPU3.121:PCI-MSI.327680-edge.xhci_hcd": [
    49,
    49
  ],
  "interrupts.CPU4.121:PCI-MSI.327680-edge.xhci_hcd": [
    71,
    71
  ],
  "interrupts.CPU5.121:PCI-MSI.327680-edge.xhci_hcd": [
    96,
    96
  ],
  "interrupts.CPU6.121:PCI-MSI.327680-edge.xhci_hcd": [
    91,
    91
  ],
  "interrupts.CPU7.121:PCI-MSI.327680-edge.xhci_hcd": [
    173,
    173
  ],
  "interrupts.121:PCI-MSI.327680-edge.xhci_hcd": [
    1030,
    1030
  ],
  "interrupts.CPU0.122:PCI-MSI.32768-edge.i915": [
    9649,
    9649
  ],
  "interrupts.CPU1.122:PCI-MSI.32768-edge.i915": [
    2741,
    2741
  ],
  "interrupts.CPU2.122:PCI-MSI.32768-edge.i915": [
    1947,
    1947
  ],
  "interrupts.CPU3.122:PCI-MSI.32768-edge.i915": [
    1128,
    1128
  ],
  "interrupts.CPU4.122:PCI-MSI.32768-edge.i915": [
    3668,
    3668
  ],
  "interrupts.CPU5.122:PCI-MSI.32768-edge.i915": [
    2381,
    2381
  ],
  "interrupts.CPU6.122:PCI-MSI.32768-edge.i915": [
    1693,
    1693
  ],
  "interrupts.CPU7.122:PCI-MSI.32768-edge.i915": [
    1152,
    1152
  ],
  "interrupts.122:PCI-MSI.32768-edge.i915": [
    24359,
    24359
  ],
  "interrupts.CPU0.123:PCI-MSI.514048-edge.snd_hda_intel": [
    119,
    119
  ],
  "interrupts.CPU1.123:PCI-MSI.514048-edge.snd_hda_intel": [
    33,
    33
  ],
  "interrupts.CPU2.123:PCI-MSI.514048-edge.snd_hda_intel": [
    25,
    25
  ],
  "interrupts.CPU3.123:PCI-MSI.514048-edge.snd_hda_intel": [
    17,
    17
  ],
  "interrupts.CPU4.123:PCI-MSI.514048-edge.snd_hda_intel": [
    591,
    591
  ],
  "interrupts.CPU5.123:PCI-MSI.514048-edge.snd_hda_intel": [
    1052,
    1052
  ],
  "interrupts.CPU6.123:PCI-MSI.514048-edge.snd_hda_intel": [
    57,
    57
  ],
  "interrupts.CPU7.123:PCI-MSI.514048-edge.snd_hda_intel": [
    70,
    70
  ],
  "interrupts.123:PCI-MSI.514048-edge.snd_hda_intel": [
    1964,
    1964
  ],
  "interrupts.CPU0.124:PCI-MSI.2097152-edge.eth0": [
    72213,
    72228
  ],
  "interrupts.CPU1.124:PCI-MSI.2097152-edge.eth0": [
    12008,
    12014
  ],
  "interrupts.CPU2.124:PCI-MSI.2097152-edge.eth0": [
    9536,
    9541
  ],
  "interrupts.CPU3.124:PCI-MSI.2097152-edge.eth0": [
    7202,
    7204
  ],
  "interrupts.CPU4.124:PCI-MSI.2097152-edge.eth0": [
    36700,
    36706
  ],
  "interrupts.CPU5.124:PCI-MSI.2097152-edge.eth0": [
    8779,
    8780
  ],
  "interrupts.CPU6.124:PCI-MSI.2097152-edge.eth0": [
    7594,
    7596
  ],
  "interrupts.CPU7.124:PCI-MSI.2097152-edge.eth0": [
    6823,
    6827
  ],
  "interrupts.124:PCI-MSI.2097152-edge.eth0": [
    160855,
    160896
  ],
  "interrupts.CPU0.NMI:Non-maskable_interrupts": [
    10,
    13
  ],
  "interrupts.CPU1.NMI:Non-maskable_interrupts": [
    12,
    14
  ],
  "interrupts.CPU2.NMI:Non-maskable_interrupts": [
    13,
    15
  ],
  "interrupts.CPU3.NMI:Non-maskable_interrupts": [
    12,
    14
  ],
  "interrupts.CPU4.NMI:Non-maskable_interrupts": [
    9,
    12
  ],
  "interrupts.CPU5.NMI:Non-maskable_interrupts": [
    12,
    15
  ],
  "interrupts.CPU6.NMI:Non-maskable_interrupts": [
    9,
    11
  ],
  "interrupts.CPU7.NMI:Non-maskable_interrupts": [
    12,
    15
  ],
  "interrupts.NMI:Non-maskable_interrupts": [
    89,
    109
  ],
  "interrupts.CPU0.LOC:Local_timer_interrupts": [
    450326,
    475562
  ],
  "interrupts.CPU1.LOC:Local_timer_interrupts": [
    465322,
    490413
  ],
  "interrupts.CPU2.LOC:Local_timer_interrupts": [
    469752,
    495094
  ],
  "interrupts.CPU3.LOC:Local_timer_interrupts": [
    550570,
    575727
  ],
  "interrupts.CPU4.LOC:Local_timer_interrupts": [
    268554,
    293656
  ],
  "interrupts.CPU5.LOC:Local_timer_interrupts": [
    335316,
    360398
  ],
  "interrupts.CPU6.LOC:Local_timer_interrupts": [
    243227,
    268333
  ],
  "interrupts.CPU7.LOC:Local_timer_interrupts": [
    267767,
    292861
  ],
  "interrupts.LOC:Local_timer_interrupts": [
    3050834,
    3252044
  ],
  "interrupts.CPU0.PMI:Performance_monitoring_interrupts": [
    10,
    13
  ],
  "interrupts.CPU1.PMI:Performance_monitoring_interrupts": [
    12,
    14
  ],
  "interrupts.CPU2.PMI:Performance_monitoring_interrupts": [
    13,
    15
  ],
  "interrupts.CPU3.PMI:Performance_monitoring_interrupts": [
    12,
    14
  ],
  "interrupts.CPU4.PMI:Performance_monitoring_interrupts": [
    9,
    12
  ],
  "interrupts.CPU5.PMI:Performance_monitoring_interrupts": [
    12,
    15
  ],
  "interrupts.CPU6.PMI:Performance_monitoring_interrupts": [
    9,
    11
  ],
  "interrupts.CPU7.PMI:Performance_monitoring_interrupts": [
    12,
    15
  ],
  "interrupts.PMI:Performance_monitoring_interrupts": [
    89,
    109
  ],
  "interrupts.CPU0.RTR:APIC_ICR_read_retries": [
    7,
    7
  ],
  "interrupts.RTR:APIC_ICR_read_retries": [
    7,
    7
  ],
  "interrupts.CPU0.RES:Rescheduling_interrupts": [
    87453,
    87487
  ],
  "interrupts.CPU1.RES:Rescheduling_interrupts": [
    85760,
    85792
  ],
  "interrupts.CPU2.RES:Rescheduling_interrupts": [
    93253,
    93323
  ],
  "interrupts.CPU3.RES:Rescheduling_interrupts": [
    84610,
    84661
  ],
  "interrupts.CPU4.RES:Rescheduling_interrupts": [
    48201,
    48267
  ],
  "interrupts.CPU5.RES:Rescheduling_interrupts": [
    59353,
    59419
  ],
  "interrupts.CPU6.RES:Rescheduling_interrupts": [
    57825,
    57888
  ],
  "interrupts.CPU7.RES:Rescheduling_interrupts": [
    55502,
    55537
  ],
  "interrupts.RES:Rescheduling_interrupts": [
    571957,
    572374
  ],
  "interrupts.CPU0.CAL:Function_call_interrupts": [
    4294967270,
    4294951236
  ],
  "interrupts.CPU1.CAL:Function_call_interrupts": [
    4294967271,
    4294949930
  ],
  "interrupts.CPU2.CAL:Function_call_interrupts": [
    34,
    4294949545
  ],
  "interrupts.CPU3.CAL:Function_call_interrupts": [
    4294967286,
    4294950663
  ],
  "interrupts.CPU4.CAL:Function_call_interrupts": [
    4294967249,
    4294951127
  ],
  "interrupts.CPU5.CAL:Function_call_interrupts": [
    11,
    4294949742
  ],
  "interrupts.CPU6.CAL:Function_call_interrupts": [
    4294967295,
    4294949412
  ],