{
  "diskstats.time": [
    1480661299.5640943,
    1480661300.5667286,
    1480661301.5707383,
    1480661302.5779653,
    1480661303.587793,
    1480661304.5931735,
    1480661305.597211,
    1480661306.6060638,
    1480661307.6161826,
    1480661308.6245472,
    1480661309.6319206
  ],
  "diskstats.sda.read_ios": [
    31323,
    31323,
    31323,
    31323,
    31323,
    31323,
    31323,
    31323,
    31323,
    31323,
    31323
  ],
  "diskstats.sda.read_merges": [
    979,
    979,
    979,
    979,
    979,
    979,
    979,
    979,
    979,
    979,
    979
  ],
  "diskstats.sda.read_sectors": [
    1844068,
    1844068,
    1844068,
    1844068,
    1844068,
    1844068,
    1844068,
    1844068,
    1844068,
    1844068,
    1844068
  ],
  "diskstats.sda.read_ticks": [
    315440,
    315440,
    315440,
    315440,
    315440,
    315440,
    315440,
    315440,
    315440,
    315440,
    315440
  ],
  "diskstats.sda.write_ios": [
    37158,
    37159,
    37163,
    37166,
    37167,
    37176,
    37182,
    37185,
    37188,
    37189,
    37222
  ],
  "diskstats.sda.write_merges": [
    40112,
    40112,
    40119,
    40119,
    40119,
    40195,
    40195,
    40202,
    40202,
    40202,
    40240
  ],
  "diskstats.sda.write_sectors": [
    5832337,
    5832345,
    5832425,
    5832449,
    5832457,
    5833137,
    5833401,
    5833481,
    5833505,
    5833513,
    5834081
  ],
  "diskstats.sda.write_ticks": [
    1960219,
    1960219,
    1960276,
    1960277,
    1960277,
    1960565,
    1961116,
    1961195,
    1961196,
    1961196,
    1961281
  ],
  "diskstats.sda.in_flight": [
    0,
    0,
    0,
    0,
    0,
    5,
    0,
    0,
    0,
    0,
    3
  ],
  "diskstats.sda.io_ticks": [
    318494,
    318494,
    318532,
    318533,
    318533,
    318629,
    318649,
    318698,
    318699,
    318699,
    318812
  ],
  "diskstats.sda.time_in_queue": [
    2275628,
    2275628,
    2275685,
    2275686,
    2275686,
    2276427,
    2276525,
    2276604,
    2276605,
    2276605,
    2277009
  ],
  "diskstats.sda1.read_ios": [
    21,
    21,
    21,
    21,
    21,
    21,
    21,
    21,
    21,
    21,
    21
  ],
  "diskstats.sda1.read_sectors": [
    1128,
    1128,
    1128,
    1128,
    1128,
    1128,
    1128,
    1128,
    1128,
    1128,
    1128
  ],
  "diskstats.sda1.read_ticks": [
    91,
    91,
    91,
    91,
    91,
    91,
    91,
    91,
    91,
    91,
    91
  ],
  "diskstats.sda1.io_ticks": [
    91,
    91,
    91,
    91,
    91,
    91,
    91,
    91,
    91,
    91,
    91
  ],
  "diskstats.sda1.time_in_queue": [
    91,
    91,
    91,
    91,
    91,
    91,
    91,
    91,
    91,
    91,
    91
  ],
  "diskstats.sda2.read_ios": [
    9667,
    9667,
    9667,
    9667,
    9667,
    9667,
    9667,
    9667,
    9667,
    9667,
    9667
  ],
  "diskstats.sda2.read_merges": [
    289,
    289,
    289,
    289,
    289,
    289,
    289,
    289,
    289,
    289,
    289
  ],
  "diskstats.sda2.read_sectors": [
    512970,
    512970,
    512970,
    512970,
    512970,
    512970,
    512970,
    512970,
    512970,
    512970,
    512970
  ],
  "diskstats.sda2.read_ticks": [
    44539,
    44539,
    44539,
    44539,
    44539,
    44539,
    44539,
    44539,
    44539,
    44539,
    44539
  ],
  "diskstats.sda2.write_ios": [
    5350,
    5350,
    5350,
    5350,
    5350,
    5359,
    5363,
    5363,
    5363,
    5363,
    5396
  ],
  "diskstats.sda2.write_merges": [
    15244,
    15244,
    15244,
    15244,
    15244,
    15320,
    15320,
    15320,
    15320,
    15320,
    15358
  ],
  "diskstats.sda2.write_sectors": [
    3861112,
    3861112,
    3861112,
    3861112,
    3861112,
    3861792,
    3862040,
    3862040,
    3862040,
    3862040,
    3862608
  ],
  "diskstats.sda2.write_ticks": [
    1230717,
    1230717,
    1230717,
    1230717,
    1230717,
    1231005,
    1231460,
    1231460,
    1231460,
    1231460,
    1231545
  ],
  "diskstats.sda2.in_flight": [
    0,
    0,
    0,
    0,
    0,
    4,
    0,
    0,
    0,
    0,
    2
  ],
  "diskstats.sda2.io_ticks": [
    58472,
    58472,
    58472,
    58472,
    58472,
    58568,
    58588,
    58588,
    58588,
    58588,
    58701
  ],
  "diskstats.sda2.time_in_queue": [
    1275336,
    1275336,
    1275336,
    1275336,
    1275336,
    1276000,
    1276079,
    1276079,
    1276079,
    1276079,
    1276389
  ],
  "diskstats.sda3.read_ios": [
    32,
    32,
    32,
    32,
    32,
    32,
    32,
    32,
    32,
    32,
    32
  ],
  "diskstats.sda3.read_sectors": [
    3840,
    3840,
    3840,
    3840,
    3840,
    3840,
    3840,
    3840,
    3840,
    3840,
    3840
  ],
  "diskstats.sda3.read_ticks": [
    95,
    95,
    95,
    95,
    95,
    95,
    95,
    95,
    95,
    95,
    95
  ],
  "diskstats.sda3.io_ticks": [
    92,
    92,
    92,
    92,
    92,
    92,
    92,
    92,
    92,
    92,
    92
  ],
  "diskstats.sda3.time_in_queue": [
    95,
    95,
    95,
    95,
    95,
    95,
    95,
    95,
    95,
    95,
    95
  ],
  "diskstats.sda4.read_ios": [
    48,
    48,
    48,
    48,
    48,
    48,
    48,
    48,
    48,
    48,
    48
  ],
  "diskstats.sda4.read_sectors": [
    2596,
    2596,
    2596,
    2596,
    2596,
    2596,
    2596,
    2596,
    2596,
    2596,
    2596
  ],
  "diskstats.sda4.read_ticks": [
    296,
    296,
    296,
    296,
    296,
    296,
    296,
    296,
    296,
    296,
    296
  ],
  "diskstats.sda4.write_ios": [
    1,
    1,
    1,
    1,
    1,
    1,
    1,
    1,
    1,
    1,
    1
  ],
  "diskstats.sda4.write_sectors": [
    1,
    1,
    1,
    1,
    1,
    1,
    1,
    1,
    1,
    1,
    1
  ],
  "diskstats.sda4.write_ticks": [
    2493,
    2493,
    2493,
    2493,
    2493,
    2493,
    2493,
    2493,
    2493,
    2493,
    2493
  ],
  "diskstats.sda4.io_ticks": [
    2605,
    2605,
    2605,
    2605,
    2605,
    2605,
    2605,
    2605,
    2605,
    2605,
    2605
  ],
  "diskstats.sda4.time_in_queue": [
    2789,
    2789,
    2789,
    2789,
    2789,
    2789,
    2789,
    2789,
    2789,
    2789,
    2789
  ],
  "diskstats.sda5.read_ios": [
    6093,
    6093,
    6093,
    6093,
    6093,
    6093,
    6093,
    6093,
    6093,
    6093,
    6093
  ],
  "diskstats.sda5.read_merges": [
    96,
    96,
    96,
    96,
    96,
    96,
    96,
    96,
    96,
    96,
    96
  ],
  "diskstats.sda5.read_sectors": [
    565490,
    565490,
    565490,
    565490,
    565490,
    565490,
    565490,
    565490,
    565490,
    565490,
    565490
  ],
  "diskstats.sda5.read_ticks": [
    98690,
    98690,
    98690,
    98690,
    98690,
    98690,
    98690,
    98690,
    98690,
    98690,
    98690
  ],
  "diskstats.sda5.write_ios": [
    217,
    217,
    217,
    217,
    217,
    217,
    217,
    217,
    217,
    217,
    217
  ],
  "diskstats.sda5.write_merges": [
    398,
    398,
    398,
    398,
    398,
    398,
    398,
    398,
    398,
    398,
    398
  ],
  "diskstats.sda5.write_sectors": [
    22240,
    22240,
    22240,
    22240,
    22240,
    22240,
    22240,
    22240,
    22240,
    22240,
    22240
  ],
  "diskstats.sda5.write_ticks": [
    15521,
    15521,
    15521,
    15521,
    15521,
    15521,
    15521,
    15521,
    15521,
    15521,
    15521
  ],
  "diskstats.sda5.io_ticks": [
    42160,
    42160,
    42160,
    42160,
    42160,
    42160,
    42160,
    42160,
    42160,
    42160,
    42160
  ],
  "diskstats.sda5.time_in_queue": [
    114212,
    114212,
    114212,
    114212,
    114212,
    114212,
    114212,
    114212,
    114212,
    114212,
    114212
  ],
  "diskstats.sda6.read_ios": [
    15432,
    15432,
    15432,
    15432,
    15432,
    15432,
    15432,
    15432,
    15432,
    15432,
    15432
  ],
  "diskstats.sda6.read_merges": [
    594,
    594,
    594,
    594,
    594,
    594,
    594,
    594,
    594,
    594,
    594
  ],