{
  "interrupts.time": [
    1480661299.5506191,
    1480661310.0529792
  ],
  "interrupts.CPU0.0:IO-APIC.2-edge.timer": [
    45,
    45
  ],
  "interrupts.0:IO-APIC.2-edge.timer": [
    45,
    45
  ],
  "interrupts.CPU0.1:IO-APIC.1-edge.i8042": [
    548,
    548
  ],
  "interrupts.CPU1.1:IO-APIC.1-edge.i8042": [
    2,
    2
  ],
  "interrupts.CPU2.1:IO-APIC.1-edge.i8042": [
    10,
    10
  ],
  "interrupts.CPU3.1:IO-APIC.1-edge.i8042": [
    2,
    2
  ],
  "interrupts.1:IO-APIC.1-edge.i8042": [
    562,
    562
  ],
  "interrupts.CPU0.7:IO-APIC.7-edge": [
    33,
    33
  ],
  "interrupts.7:IO-APIC.7-edge": [
    33,
    33
  ],
  "interrupts.CPU0.8:IO-APIC.8-edge.rtc0": [
    3,
    3
  ],
  "interrupts.CPU2.8:IO-APIC.8-edge.rtc0": [
    1,
    1
  ],
  "interrupts.CPU3.8:IO-APIC.8-edge.rtc0": [
    1,
    1
  ],
  "interrupts.8:IO-APIC.8-edge.rtc0": [
    5,
    5
  ],
  "interrupts.CPU0.9:IO-APIC.9-fasteoi.acpi": [
    4356,
    4356
  ],
  "interrupts.CPU1.9:IO-APIC.9-fasteoi.acpi": [
    51,
    51
  ],
  "interrupts.CPU2.9:IO-APIC.9-fasteoi.acpi": [
    659,
    659
  ],
  "interrupts.CPU3.9:IO-APIC.9-fasteoi.acpi": [
    54,
    54
  ],
  "interrupts.9:IO-APIC.9-fasteoi.acpi": [
    5120,
    5120
  ],
  "interrupts.CPU0.12:IO-APIC.12-edge.i8042": [
    6491,
    6491
  ],
  "interrupts.CPU1.12:IO-APIC.12-edge.i8042": [
    21,
    21
  ],
  "interrupts.CPU2.12:IO-APIC.12-edge.i8042": [
    159,
    159
  ],
  "interrupts.CPU3.12:IO-APIC.12-edge.i8042": [
    9,
    9
  ],
  "interrupts.12:IO-APIC.12-edge.i8042": [
    6680,
    6680
  ],
  "interrupts.CPU0.120:PCI-MSI.376832-edge.0000:00:17.0": [
    52982,
    53051
  ],
  "interrupts.CPU1.120:PCI-MSI.376832-edge.0000:00:17.0": [
    2556,
    2556
  ],
  "interrupts.CPU2.120:PCI-MSI.376832-edge.0000:00:17.0": [
    14761,
    14761
  ],
  "interrupts.CPU3.120:PCI-MSI.376832-edge.0000:00:17.0": [
    2260,
    2260
  ],
  "interrupts.120:PCI-MSI.376832-edge.0000:00:17.0": [
    72559,
    72628
  ],
  "interrupts.CPU0.121:PCI-MSI.327680-edge.xhci_hcd": [
    6316,
    6316
  ],
  "interrupts.CPU1.121:PCI-MSI.327680-edge.xhci_hcd": [
    13,
    13
  ],
  "interrupts.CPU2.121:PCI-MSI.327680-edge.xhci_hcd": [
    40,
    40
  ],
  "interrupts.CPU3.121:PCI-MSI.327680-edge.xhci_hcd": [
    13,
    13
  ],
  "interrupts.121:PCI-MSI.327680-edge.xhci_hcd": [
    6382,
    6382
  ],
  "interrupts.CPU0.122:PCI-MSI.32768-edge.i915": [
    625042,
    625684
  ],
  "interrupts.CPU1.122:PCI-MSI.32768-edge.i915": [
    9111,
    9111
  ],
  "interrupts.CPU2.122:PCI-MSI.32768-edge.i915": [
    76619,
    76619
  ],
  "interrupts.CPU3.122:PCI-MSI.32768-edge.i915": [
    13452,
    13452
  ],
  "interrupts.122:PCI-MSI.32768-edge.i915": [
    724224,
    724866
  ],
  "interrupts.CPU0.123:PCI-MSI.514048-edge.snd_hda_intel": [
    1540,
    1540
  ],
  "interrupts.CPU1.123:PCI-MSI.514048-edge.snd_hda_intel": [
    1964,
    1964
  ],
  "interrupts.CPU2.123:PCI-MSI.514048-edge.snd_hda_intel": [
    1777,
    1777
  ],
  "interrupts.CPU3.123:PCI-MSI.514048-edge.snd_hda_intel": [
    1672,
    1672
  ],
  "interrupts.123:PCI-MSI.514048-edge.snd_hda_intel": [
    6953,
    6953
  ],
  "interrupts.CPU0.124:PCI-MSI.524288-edge": [
    5,
    5
  ],
  "interrupts.CPU1.124:PCI-MSI.524288-edge": [
    9,
    9
  ],
  "interrupts.CPU2.124:PCI-MSI.524288-edge": [
    12,
    12
  ],
  "interrupts.CPU3.124:PCI-MSI.524288-edge": [
    7,
    7
  ],
  "interrupts.124:PCI-MSI.524288-edge": [
    33,
    33
  ],
  "interrupts.CPU0.125:PCI-MSI.1048576-edge.iwlwifi": [
    8,
    8
  ],
  "interrupts.CPU1.125:PCI-MSI.1048576-edge.iwlwifi": [
    1,
    1
  ],
  "interrupts.CPU2.125:PCI-MSI.1048576-edge.iwlwifi": [
    19,
    19
  ],
  "interrupts.CPU3.125:PCI-MSI.1048576-edge.iwlwifi": [
    1,
    1
  ],
  "interrupts.125:PCI-MSI.1048576-edge.iwlwifi": [
    29,
    29
  ],
  "interrupts.CPU0.126:PCI-MSI.1572864-edge.rtsx_pci": [
    59,
    59
  ],
  "interrupts.CPU1.126:PCI-MSI.1572864-edge.rtsx_pci": [
    3,
    3
  ],
  "interrupts.CPU2.126:PCI-MSI.1572864-edge.rtsx_pci": [
    3,
    3
  ],
  "interrupts.126:PCI-MSI.1572864-edge.rtsx_pci": [
    65,
    65
  ],
  "interrupts.CPU0.127:PCI-MSI.1574912-edge.eth0": [
    760874,
    761007
  ],
  "interrupts.CPU1.127:PCI-MSI.1574912-edge.eth0": [
    44,
    44
  ],
  "interrupts.CPU2.127:PCI-MSI.1574912-edge.eth0": [
    429,
    429
  ],
  "interrupts.CPU3.127:PCI-MSI.1574912-edge.eth0": [
    51,
    51
  ],
  "interrupts.127:PCI-MSI.1574912-edge.eth0": [
    761398,
    761531
  ],
  "interrupts.CPU0.NMI:Non-maskable_interrupts": [
    2,
    2
  ],
  "interrupts.CPU1.NMI:Non-maskable_interrupts": [
    15,
    15
  ],
  "interrupts.CPU2.NMI:Non-maskable_interrupts": [
    9,
    9
  ],
  "interrupts.CPU3.NMI:Non-maskable_interrupts": [
    8,
    8
  ],
  "interrupts.NMI:Non-maskable_interrupts": [
    34,
    34
  ],
  "interrupts.CPU0.LOC:Local_timer_interrupts": [
    2329946,
    2332658
  ],
  "interrupts.CPU1.LOC:Local_timer_interrupts": [
    2114730,
    2116752
  ],
  "interrupts.CPU2.LOC:Local_timer_interrupts": [
    1409189,
    1411172
  ],
  "interrupts.CPU3.LOC:Local_timer_interrupts": [
    1394017,
    1395964
  ],
  "interrupts.LOC:Local_timer_interrupts": [
    7247882,
    7256546
  ],
  "interrupts.CPU0.PMI:Performance_monitoring_interrupts": [
    2,
    2
  ],
  "interrupts.CPU1.PMI:Performance_monitoring_interrupts": [
    15,
    15
  ],
  "interrupts.CPU2.PMI:Performance_monitoring_interrupts": [
    9,
    9
  ],
  "interrupts.CPU3.PMI:Performance_monitoring_interrupts": [
    8,
    8
  ],
  "interrupts.PMI:Performance_monitoring_interrupts": [
    34,
    34
  ],
  "interrupts.CPU0.RTR:APIC_ICR_read_retries": [
    15,
    15
  ],
  "interrupts.RTR:APIC_ICR_read_retries": [
    15,
    15
  ],
  "interrupts.CPU0.RES:Rescheduling_interrupts": [
    60185,
    60241
  ],
  "interrupts.CPU1.RES:Rescheduling_interrupts": [
    69659,
    69719
  ],
  "interrupts.CPU2.RES:Rescheduling_interrupts": [
    59435,
    59479
  ],
  "interrupts.CPU3.RES:Rescheduling_interrupts": [
    46970,
    47016
  ],
  "interrupts.RES:Rescheduling_interrupts": [
    236249,
    236455
  ],
  "interrupts.CPU0.CAL:Function_call_interrupts": [
    164430,
    164539
  ],
  "interrupts.CPU1.CAL:Function_call_interrupts": [
    157515,
    157693
  ],
  "interrupts.CPU2.CAL:Function_call_interrupts": [
    166968,
    167173
  ],
  "interrupts.CPU3.CAL:Function_call_interrupts": [
    155284,
    155407
  ],
  "interrupts.CAL:Function_call_interrupts": [
    644197,
    644812
  ],
  "interrupts.CPU0.TLB:TLB_shootdowns": [
    35640,
    35653
  ],
  "interrupts.CPU1.TLB:TLB_shootdowns": [
    39161,
    39169
  ],
  "interrupts.CPU2.TLB:TLB_shootdowns": [
    31518,
    31548
  ],
  "interrupts.CPU3.TLB:TLB_shootdowns": [
    31053,
    31070
  ],
  "interrupts.TLB:TLB_shootdowns": [
    137372,
    137440
  ],
  "interrupts.CPU0.MCP:Machine_check_polls": [
    46,
    46
  ],
  "interrupts.CPU1.MCP:Machine_check_polls": [
    45,
    45
  ],
  "interrupts.CPU2.MCP:Machine_check_polls": [
    45,
    45
  ],
  "interrupts.CPU3.MCP:Machine_check_polls": [
    45,
    45
  ],
  "interrupts.MCP:Machine_check_polls": [
    181,
    181
  ],
  "interrupts.ERR": [
    33,
    33
  ]
}