{
  "meminfo.time": [
    1480661299.543655,
    1480661300.5480611,
    1480661301.5546284,
    1480661302.5613482,
    1480661303.5683851,
    1480661304.5756814,
    1480661305.5823183,
    1480661306.5900486,
    1480661307.5993352,
    1480661308.6100345,
    1480661309.618513
  ],
  "meminfo.MemTotal": [
    8091280,
    8091280,
    8091280,
    8091280,
    8091280,
    8091280,
    8091280,
    8091280,
    8091280,
    8091280,
    8091280
  ],
  "meminfo.MemFree": [
    4800020,
    4795036,
    4792044,
    4792236,
    4791888,
    4791720,
    4791688,
    4791584,
    4791816,
    4792040,
    4791556
  ],
  "meminfo.MemAvailable": [
    7334636,
    7329684,
    7326712,
    7326912,
    7326548,
    7326380,
    7326360,
    7326256,
    7326456,
    7326680,
    7326196
  ],
  "meminfo.Buffers": [
    58332,
    58336,
    58344,
    58344,
    58344,
    58356,
    58356,
    58364,
    58364,
    58364,
    58372
  ],
  "meminfo.Cached": [
    2674436,
    2674412,
    2674420,
    2674428,
    2674428,
    2674416,
    2674428,
    2674420,
    2674428,
    2674428,
    2674420
  ],
  "meminfo.Active": [
    1701460,
    1705040,
    1706696,
    1706700,
    1706824,
    1707012,
    1707096,
    1707240,
    1707648,
    1707488,
    1707676
  ],
  "meminfo.Inactive": [
    1396624,
    1396492,
    1396428,
    1396372,
    1396372,
    1396372,
    1396372,
    1396372,
    1396372,
    1396372,
    1396372
  ],
  "meminfo.Active(anon)": [
    373220,
    376636,
    378212,
    378152,
    378276,
    378464,
    378536,
    378680,
    379080,
    378920,
    379108
  ],
  "meminfo.Inactive(anon)": [
    177124,
    177124,
    177124,
    177124,
    177124,
    177124,
    177124,
    177124,
    177124,
    177124,
    177124
  ],
  "meminfo.Active(file)": [
    1328240,
    1328404,
    1328484,
    1328548,
    1328548,
    1328548,
    1328560,
    1328560,
    1328568,
    1328568,
    1328568
  ],
  "meminfo.Inactive(file)": [
    1219500,
    1219368,
    1219304,
    1219248,
    1219248,
    1219248,
    1219248,
    1219248,
    1219248,
    1219248,
    1219248
  ],
  "meminfo.Dirty": [
    180,
    172,
    188,
    200,
    200,
    200,
    220,
    224,
    240,
    240,
    240
  ],
  "meminfo.AnonPages": [
    365376,
    368628,
    370348,
    370284,
    370408,
    370604,
    370692,
    370812,
    371048,
    371060,
    371216
  ],
  "meminfo.Mapped": [
    343912,
    345656,
    346836,
    346764,
    346772,
    346780,
    346780,
    346772,
    346768,
    346772,
    347040
  ],
  "meminfo.Shmem": [
    184992,
    184992,
    184992,
    184992,
    184992,
    184992,
    184992,
    184992,
    184992,
    184992,
    184992
  ],
  "meminfo.Slab": [
    137188,
    137496,
    137640,
    137640,
    137612,
    137616,
    137616,
    137636,
    137512,
    137516,
    137524
  ],
  "meminfo.SReclaimable": [
    101524,
    101524,
    101528,
    101528,
    101512,
    101512,
    101512,
    101512,
    101472,
    101472,
    101472
  ],
  "meminfo.SUnreclaim": [
    35664,
    35972,
    36112,
    36112,
    36100,
    36104,
    36104,
    36124,
    36040,
    36044,
    36052
  ],
  "meminfo.KernelStack": [
    12880,
    13488,
    13712,
    13632,
    13632,
    13632,
    13632,
    13632,
    13632,
    13632,
    13632
  ],
  "meminfo.PageTables": [
    16284,
    16816,
    17208,
    17140,
    17148,
    17148,
    17152,
    17140,
    17148,
    17152,
    17152
  ],
  "meminfo.CommitLimit": [
    4045640,
    4045640,
    4045640,
    4045640,
    4045640,
    4045640,
    4045640,
    4045640,
    4045640,
    4045640,
    4045640
  ],
  "meminfo.Committed_AS": [
    40701888,
    40721120,
    40754156,
    40754156,
    40754156,
    40754668,
    40761496,
    40761768,
    40756076,
    40755796,
    40762720
  ],
  "meminfo.VmallocTotal": [
    34359738367,
    34359738367,
    34359738367,
    34359738367,
    34359738367,
    34359738367,
    34359738367,
    34359738367,
    34359738367,
    34359738367,
    34359738367
  ],
  "meminfo.DirectMap4k": [
    37036,
    37036,
    37036,
    37036,
    37036,
    37036,
    37036,
    37036,
    37036,
    37036,
    37036
  ],
  "meminfo.DirectMap2M": [
    1970176,
    1970176,
    1970176,
    1970176,
    1970176,
    1970176,
    1970176,
    1970176,
    1970176,
    1970176,
    1970176
  ],
  "meminfo.DirectMap1G": [
    7340032,
    7340032,
    7340032,
    7340032,
    7340032,
    7340032,
    7340032,
    7340032,
    7340032,
    7340032,
    7340032
  ]
}