{
  "proc-vmstat.time": [
    1480661299.5371993,
    1480661300.5412014,
    1480661301.548952,
    1480661302.556544,
    1480661303.5658698,
    1480661304.5743754,
    1480661305.58232,
    1480661306.5918963,
    1480661307.5993352,
    1480661308.6091416,
    1480661309.6183302
  ],
  "proc-vmstat.nr_free_pages": [
    1200299,
    1198887,
    1198032,
    1198016,
    1197972,
    1197930,
    1197922,
    1197896,
    1197954,
    1198010,
    1197932
  ],
  "proc-vmstat.nr_alloc_batch": [
    581,
    781,
    710,
    409,
    492,
    544,
    416,
    622,
    404,
    363,
    309
  ],
  "proc-vmstat.nr_inactive_anon": [
    44281,
    44281,
    44281,
    44281,
    44281,
    44281,
    44281,
    44281,
    44281,
    44281,
    44281
  ],
  "proc-vmstat.nr_active_anon": [
    93065,
    94079,
    94547,
    94581,
    94569,
    94616,
    94634,
    94670,
    94727,
    94730,
    94777
  ],
  "proc-vmstat.nr_inactive_file": [
    304875,
    304842,
    304826,
    304812,
    304812,
    304812,
    304812,
    304812,
    304812,
    304812,
    304812
  ],
  "proc-vmstat.nr_active_file": [
    332060,
    332101,
    332121,
    332137,
    332137,
    332137,
    332140,
    332140,
    332142,
    332142,
    332142
  ],
  "proc-vmstat.nr_anon_pages": [
    91098,
    92114,
    92624,
    92614,
    92602,
    92651,
    92673,
    92703,
    92762,
    92765,
    92804
  ],
  "proc-vmstat.nr_mapped": [
    85978,
    86359,
    86709,
    86691,
    86693,
    86695,
    86695,
    86693,
    86692,
    86693,
    86760
  ],
  "proc-vmstat.nr_file_pages": [
    683192,
    683187,
    683191,
    683193,
    683193,
    683193,
    683196,
    683196,
    683198,
    683198,
    683198
  ],
  "proc-vmstat.nr_dirty": [
    45,
    43,
    47,
    50,
    50,
    50,
    55,
    56,
    60,
    60,
    60
  ],
  "proc-vmstat.nr_slab_reclaimable": [
    25381,
    25381,
    25382,
    25382,
    25378,
    25378,
    25378,
    25378,
    25368,
    25368,
    25368
  ],
  "proc-vmstat.nr_slab_unreclaimable": [
    8916,
    8993,
    9028,
    9028,
    9025,
    9026,
    9026,
    9031,
    9010,
    9011,
    9013
  ],
  "proc-vmstat.nr_page_table_pages": [
    4071,
    4204,
    4302,
    4285,
    4287,
    4287,
    4288,
    4285,
    4287,
    4288,
    4288
  ],
  "proc-vmstat.nr_kernel_stack": [
    805,
    843,
    857,
    852,
    852,
    852,
    852,
    852,
    852,
    852,
    852
  ],
  "proc-vmstat.nr_shmem": [
    46248,
    46248,
    46248,
    46248,
    46248,
    46248,
    46248,
    46248,
    46248,
    46248,
    46248
  ],
  "proc-vmstat.nr_dirtied": [
    711423,
    711478,
    711483,
    711489,
    711490,
    711491,
    711547,
    711549,
    711556,
    711557,
    711558
  ],
  "proc-vmstat.nr_written": [
    699662,
    699714,
    699715,
    699718,
    699719,
    699720,
    699771,
    699772,
    699775,
    699776,
    699777
  ],
  "proc-vmstat.nr_dirty_threshold": [
    363540,
    363259,
    363089,
    363086,
    363077,
    363069,
    363068,
    363063,
    363075,
    363086,
    363070
  ],
  "proc-vmstat.nr_dirty_background_threshold": [
    90885,
    90814,
    90772,
    90771,
    90769,
    90767,
    90767,
    90765,
    90768,
    90771,
    90767
  ],
  "proc-vmstat.pgpgin": [
    924346,
    924346,
    924346,
    924346,
    924346,
    924346,
    924346,
    924346,
    924346,
    924346,
    924346
  ],
  "proc-vmstat.pgpgout": [
    2916168,
    2916172,
    2916212,
    2916224,
    2916228,
    2916696,
    2916700,
    2916740,
    2916752,
    2916756,
    2917052
  ],
  "proc-vmstat.pgalloc_dma32": [
    2378699,
    2382834,
    2384403,
    2384879,
    2385396,
    2385895,
    2386345,
    2386907,
    2387427,
    2387890,
    2388454
  ],
  "proc-vmstat.pgalloc_normal": [
    4825443,
    4833684,
    4835983,
    4837326,
    4838345,
    4839281,
    4840362,
    4841164,
    4842426,
    4843377,
    4844469
  ],
  "proc-vmstat.pgfree": [
    8405313,
    8416181,
    8419516,
    8421316,
    8422810,
    8424223,
    8425699,
    8427070,
    8428811,
    8430194,
    8431834
  ],
  "proc-vmstat.pgactivate": [
    475417,
    475447,
    475464,
    475466,
    475467,
    475468,
    475469,
    475470,
    475472,
    475473,
    475473
  ],
  "proc-vmstat.pgfault": [
    9048683,
    9063781,
    9075081,
    9077516,
    9079361,
    9081076,
    9082943,
    9084573,
    9086977,
    9088679,
    9090664
  ],
  "proc-vmstat.pgmajfault": [
    5317,
    5317,
    5317,
    5317,
    5317,
    5317,
    5317,
    5317,
    5317,
    5317,
    5317
  ],
  "proc-vmstat.pageoutrun": [
    1,
    1,
    1,
    1,
    1,
    1,
    1,
    1,
    1,
    1,
    1
  ],
  "proc-vmstat.pgrotated": [
    5,
    5,
    5,
    5,
    5,
    5,
    5,
    5,
    5,
    5,
    5
  ]
}