{
  "softirqs.time": [
    1480661299.5590487,
    1480661310.0507343
  ],
  "softirqs.CPU0.HI": [
    54,
    54
  ],
  "softirqs.CPU1.HI": [
    4,
    4
  ],
  "softirqs.CPU2.HI": [
    4,
    4
  ],
  "softirqs.CPU3.HI": [
    9,
    9
  ],
  "softirqs.HI": [
    71,
    71
  ],
  "softirqs.CPU0.TIMER": [
    1946365,
    1948677
  ],
  "softirqs.CPU1.TIMER": [
    1693516,
    1695112
  ],
  "softirqs.CPU2.TIMER": [
    1070081,
    1071629
  ],
  "softirqs.CPU3.TIMER": [
    1030976,
    1032515
  ],
  "softirqs.TIMER": [
    5740938,
    5747933
  ],
  "softirqs.CPU0.NET_TX": [
    1193,
    1195
  ],
  "softirqs.CPU1.NET_TX": [
    3,
    3
  ],
  "softirqs.CPU2.NET_TX": [
    10,
    10
  ],
  "softirqs.CPU3.NET_TX": [
    307,
    307
  ],
  "softirqs.NET_TX": [
    1513,
    1515
  ],
  "softirqs.CPU0.NET_RX": [
    760914,
    761054
  ],
  "softirqs.CPU1.NET_RX": [
    88,
    104
  ],
  "softirqs.CPU2.NET_RX": [
    467,
    479
  ],
  "softirqs.CPU3.NET_RX": [
    125,
    147
  ],
  "softirqs.NET_RX": [
    761594,
    761784
  ],
  "softirqs.CPU0.BLOCK": [
    52663,
    52730
  ],
  "softirqs.CPU1.BLOCK": [
    2587,
    2587
  ],
  "softirqs.CPU2.BLOCK": [
    14806,
    14806
  ],
  "softirqs.CPU3.BLOCK": [
    2271,
    2271
  ],
  "softirqs.BLOCK": [
    72327,
    72394
  ],
  "softirqs.CPU0.BLOCK_IOPOLL": [
    6,
    6
  ],
  "softirqs.CPU2.BLOCK_IOPOLL": [
    1,
    1
  ],
  "softirqs.CPU3.BLOCK_IOPOLL": [
    5,
    5
  ],
  "softirqs.BLOCK_IOPOLL": [
    12,
    12
  ],
  "softirqs.CPU0.TASKLET": [
    2530,
    2530
  ],
  "softirqs.CPU1.TASKLET": [
    57,
    57
  ],
  "softirqs.CPU2.TASKLET": [
    57,
    57
  ],
  "softirqs.CPU3.TASKLET": [
    56,
    56
  ],
  "softirqs.TASKLET": [
    2700,
    2700
  ],
  "softirqs.CPU0.SCHED": [
    932941,
    933993
  ],
  "softirqs.CPU1.SCHED": [
    738275,
    739012
  ],
  "softirqs.CPU2.SCHED": [
    524130,
    524712
  ],
  "softirqs.CPU3.SCHED": [
    482818,
    483445
  ],
  "softirqs.SCHED": [
    2678164,
    2681162
  ],
  "softirqs.CPU0.RCU": [
    1287252,
    1288834
  ],
  "softirqs.CPU1.RCU": [
    1085626,
    1086778
  ],
  "softirqs.CPU2.RCU": [
    745880,
    747004
  ],
  "softirqs.CPU3.RCU": [
    700897,
    702019
  ],
  "softirqs.RCU": [
    3819655,
    3824635
  ]
}