{
  "proc-vmstat.time": [
    1481001297.6070852,
    1481001298.6108472
  ],
  "proc-vmstat.nr_free_pages": [
    1479766,
    1478286
  ],
  "proc-vmstat.nr_alloc_batch": [
    154,
    74
  ],
  "proc-vmstat.nr_inactive_anon": [
    33205,
    33205
  ],
  "proc-vmstat.nr_active_anon": [
    81070,
    82158
  ],
  "proc-vmstat.nr_inactive_file": [
    129330,
    129300
  ],
  "proc-vmstat.nr_active_file": [
    257337,
    257425
  ],
  "proc-vmstat.nr_anon_pages": [
    79143,
    80158
  ],
  "proc-vmstat.nr_mapped": [
    83698,
    84122
  ],
  "proc-vmstat.nr_file_pages": [
    421901,
    421896
  ],
  "proc-vmstat.nr_dirty": [
    49,
    97
  ],
  "proc-vmstat.nr_slab_reclaimable": [
    19399,
    19401
  ],
  "proc-vmstat.nr_slab_unreclaimable": [
    10063,
    10098
  ],
  "proc-vmstat.nr_page_table_pages": [
    3331,
    3531
  ],
  "proc-vmstat.nr_kernel_stack": [
    683,
    721
  ],
  "proc-vmstat.nr_shmem": [
    35175,
    35175
  ],
  "proc-vmstat.nr_dirtied": [
    1419101,
    1419210
  ],
  "proc-vmstat.nr_written": [
    1385490,
    1385549
  ],
  "proc-vmstat.nr_dirty_threshold": [
    369380,
    369095
  ],
  "proc-vmstat.nr_dirty_background_threshold": [
    92345,
    92273
  ],
  "proc-vmstat.pgpgin": [
    758958,
    758958
  ],
  "proc-vmstat.pgpgout": [
    5672804,
    5672940
  ],
  "proc-vmstat.pgalloc_dma32": [
    3314541,
    3318829
  ],
  "proc-vmstat.pgalloc_normal": [
    6670050,
    6678098
  ],
  "proc-vmstat.pgfree": [
    11465034,
    11475966
  ],
  "proc-vmstat.pgactivate": [
    737793,
    737811
  ],
  "proc-vmstat.pgfault": [
    12592631,
    12607648
  ],
  "proc-vmstat.pgmajfault": [
    5534,
    5534
  ],
  "proc-vmstat.pageoutrun": [
    1,
    1
  ],
  "proc-vmstat.pgrotated": [
    2,
    2
  ]
}