{
  "ebizzy.throughput": [
    66598,
    66412,
    66668,
    66843,
    66408
  ],
  "ebizzy.throughput.per_thread.min": [
    4030,
    4078,
    4058,
    4077,
    4043
  ],
  "ebizzy.throughput.per_thread.max": [
    4414,
    4389,
    4421,
    4378,
    4383
  ],
  "ebizzy.throughput.per_thread.stddev_percent": [
    0.14877155877764184,
    0.10484034647036361,
    0.15176286884640225,
    0.1021024921071588,
    0.13981900089589744
  ],
  "ebizzy.time.real": [
    5.0,
    5.0,
    5.0,
    5.0,
    5.0
  ],
  "ebizzy.time.user": [
    9.43,
    9.37,
    9.5,
    9.53,
    9.52
  ],
  "ebizzy.time.sys": [
    30.48,
    30.54,
    30.41,
    30.38,
    30.39
  ]
}