{
  "meminfo.time": [
    1480997600.183128,
    1480997601.1868234
  ],
  "meminfo.MemTotal": [
    8091280,
    8091280
  ],
  "meminfo.MemFree": [
    5713416,
    5707084
  ],
  "meminfo.MemAvailable": [
    7323536,
    7317440
  ],
  "meminfo.Buffers": [
    51088,
    51092
  ],
  "meminfo.Cached": [
    1735980,
    1736204
  ],
  "meminfo.Active": [
    1533656,
    1538004
  ],
  "meminfo.Inactive": [
    671136,
    671112
  ],
  "meminfo.Active(anon)": [
    425588,
    429684
  ],
  "meminfo.Inactive(anon)": [
    134692,
    134692
  ],
  "meminfo.Active(file)": [
    1108068,
    1108320
  ],
  "meminfo.Inactive(file)": [
    536444,
    536420
  ],
  "meminfo.Dirty": [
    1016,
    1236
  ],
  "meminfo.AnonPages": [
    417896,
    421848
  ],
  "meminfo.Mapped": [
    355660,
    357636
  ],
  "meminfo.Shmem": [
    142572,
    142572
  ],
  "meminfo.Slab": [
    118216,
    118476
  ],
  "meminfo.SReclaimable": [
    80256,
    80264
  ],
  "meminfo.SUnreclaim": [
    37960,
    38212
  ],
  "meminfo.KernelStack": [
    12320,
    12704
  ],
  "meminfo.PageTables": [
    16280,
    17220
  ],
  "meminfo.CommitLimit": [
    4045640,
    4045640
  ],
  "meminfo.Committed_AS": [
    37064176,
    37097600
  ],
  "meminfo.VmallocTotal": [
    34359738367,
    34359738367
  ],
  "meminfo.DirectMap4k": [
    41132,
    41132
  ],
  "meminfo.DirectMap2M": [
    3014656,
    3014656
  ],
  "meminfo.DirectMap1G": [
    6291456,
    6291456
  ]
}