{
  "softirqs.time": [
    1480997600.2026677,
    1480997601.2888377
  ],
  "softirqs.CPU0.HI": [
    5,
    5
  ],
  "softirqs.CPU1.HI": [
    2,
    2
  ],
  "softirqs.CPU2.HI": [
    4,
    4
  ],
  "softirqs.CPU3.HI": [
    15,
    15
  ],
  "softirqs.HI": [
    26,
    26
  ],
  "softirqs.CPU0.TIMER": [
    2105035,
    2105387
  ],
  "softirqs.CPU1.TIMER": [
    1914300,
    1914648
  ],
  "softirqs.CPU2.TIMER": [
    1238786,
    1239084
  ],
  "softirqs.CPU3.TIMER": [
    1121259,
    1121505
  ],
  "softirqs.TIMER": [
    6379380,
    6380624
  ],
  "softirqs.CPU0.NET_TX": [
    761,
    761
  ],
  "softirqs.CPU2.NET_TX": [
    691,
    691
  ],
  "softirqs.CPU3.NET_TX": [
    2,
    2
  ],
  "softirqs.NET_TX": [
    1454,
    1454
  ],
  "softirqs.CPU0.NET_RX": [
    973156,
    973362
  ],
  "softirqs.CPU1.NET_RX": [
    48168,
    48170
  ],
  "softirqs.CPU2.NET_RX": [
    115502,
    115506
  ],
  "softirqs.CPU3.NET_RX": [
    41801,
    41804
  ],
  "softirqs.NET_RX": [
    1178627,
    1178842
  ],
  "softirqs.CPU0.BLOCK": [
    33432,
    33435
  ],
  "softirqs.CPU1.BLOCK": [
    5819,
    5819
  ],
  "softirqs.CPU2.BLOCK": [
    17079,
    17079
  ],
  "softirqs.CPU3.BLOCK": [
    3766,
    3766
  ],
  "softirqs.BLOCK": [
    60096,
    60099
  ],
  "softirqs.CPU0.BLOCK_IOPOLL": [
    1,
    1
  ],
  "softirqs.CPU3.BLOCK_IOPOLL": [
    2,
    2
  ],
  "softirqs.BLOCK_IOPOLL": [
    3,
    3
  ],
  "softirqs.CPU0.TASKLET": [
    368,
    368
  ],
  "softirqs.CPU1.TASKLET": [
    215,
    215
  ],
  "softirqs.CPU2.TASKLET": [
    2515,
    2515
  ],
  "softirqs.CPU3.TASKLET": [
    327,
    327
  ],
  "softirqs.TASKLET": [
    3425,
    3425
  ],
  "softirqs.CPU0.SCHED": [
    954084,
    954234
  ],
  "softirqs.CPU1.SCHED": [
    821867,
    822007
  ],
  "softirqs.CPU2.SCHED": [
    630479,
    630592
  ],
  "softirqs.CPU3.SCHED": [
    536058,
    536166
  ],
  "softirqs.SCHED": [
    2942488,
    2942999
  ],
  "softirqs.CPU0.RCU": [
    1364757,
    1364995
  ],
  "softirqs.CPU1.RCU": [
    1228165,
    1228408
  ],
  "softirqs.CPU2.RCU": [
    881826,
    882065
  ],
  "softirqs.CPU3.RCU": [
    792896,
    793075
  ],
  "softirqs.RCU": [
    4267644,
    4268543
  ]
}