{
  "interrupts.time": [
    1478602782.6669507,
    1478602808.6168573
  ],
  "interrupts.CPU0.0:IO-APIC.2-edge.timer": [
    37,
    37
  ],
  "interrupts.0:IO-APIC.2-edge.timer": [
    37,
    37
  ],
  "interrupts.CPU2.1:IO-APIC.1-edge.i8042": [
    2,
    2
  ],
  "interrupts.1:IO-APIC.1-edge.i8042": [
    2,
    2
  ],
  "interrupts.CPU0.8:IO-APIC.8-edge.rtc0": [
    1,
    1
  ],
  "interrupts.8:IO-APIC.8-edge.rtc0": [
    1,
    1
  ],
  "interrupts.CPU4.9:IO-APIC.9-fasteoi.acpi": [
    3,
    3
  ],
  "interrupts.9:IO-APIC.9-fasteoi.acpi": [
    3,
    3
  ],
  "interrupts.CPU1.12:IO-APIC.12-edge.i8042": [
    1,
    1
  ],
  "interrupts.CPU5.12:IO-APIC.12-edge.i8042": [
    3,
    3
  ],
  "interrupts.12:IO-APIC.12-edge.i8042": [
    4,
    4
  ],
  "interrupts.CPU0.120:PCI-MSI.376832-edge.0000:00:17.0": [
    9479,
    9616
  ],
  "interrupts.CPU1.120:PCI-MSI.376832-edge.0000:00:17.0": [
    1513,
    1515
  ],
  "interrupts.CPU2.120:PCI-MSI.376832-edge.0000:00:17.0": [
    2153,
    2153
  ],
  "interrupts.CPU3.120:PCI-MSI.376832-edge.0000:00:17.0": [
    885,
    885
  ],
  "interrupts.CPU4.120:PCI-MSI.376832-edge.0000:00:17.0": [
    2655,
    2657
  ],
  "interrupts.CPU5.120:PCI-MSI.376832-edge.0000:00:17.0": [
    1886,
    1886
  ],
  "interrupts.CPU6.120:PCI-MSI.376832-edge.0000:00:17.0": [
    883,
    884
  ],
  "interrupts.CPU7.120:PCI-MSI.376832-edge.0000:00:17.0": [
    666,
    668
  ],
  "interrupts.120:PCI-MSI.376832-edge.0000:00:17.0": [
    20120,
    20264
  ],
  "interrupts.CPU0.121:PCI-MSI.327680-edge.xhci_hcd": [
    125,
    128
  ],
  "interrupts.CPU1.121:PCI-MSI.327680-edge.xhci_hcd": [
    7,
    7
  ],
  "interrupts.CPU2.121:PCI-MSI.327680-edge.xhci_hcd": [
    2,
    2
  ],
  "interrupts.CPU3.121:PCI-MSI.327680-edge.xhci_hcd": [
    5,
    5
  ],
  "interrupts.CPU4.121:PCI-MSI.327680-edge.xhci_hcd": [
    10,
    10
  ],
  "interrupts.CPU5.121:PCI-MSI.327680-edge.xhci_hcd": [
    33,
    33
  ],
  "interrupts.CPU7.121:PCI-MSI.327680-edge.xhci_hcd": [
    12,
    12
  ],
  "interrupts.121:PCI-MSI.327680-edge.xhci_hcd": [
    194,
    197
  ],
  "interrupts.CPU0.122:PCI-MSI.32768-edge.i915": [
    1603,
    1609
  ],
  "interrupts.CPU1.122:PCI-MSI.32768-edge.i915": [
    420,
    420
  ],
  "interrupts.CPU2.122:PCI-MSI.32768-edge.i915": [
    329,
    329
  ],
  "interrupts.CPU3.122:PCI-MSI.32768-edge.i915": [
    210,
    210
  ],
  "interrupts.CPU4.122:PCI-MSI.32768-edge.i915": [
    708,
    708
  ],
  "interrupts.CPU5.122:PCI-MSI.32768-edge.i915": [
    403,
    403
  ],
  "interrupts.CPU6.122:PCI-MSI.32768-edge.i915": [
    257,
    257
  ],
  "interrupts.CPU7.122:PCI-MSI.32768-edge.i915": [
    142,
    142
  ],
  "interrupts.122:PCI-MSI.32768-edge.i915": [
    4072,
    4078
  ],
  "interrupts.CPU0.123:PCI-MSI.514048-edge.snd_hda_intel": [
    310,
    310
  ],
  "interrupts.CPU1.123:PCI-MSI.514048-edge.snd_hda_intel": [
    2,
    2
  ],
  "interrupts.CPU2.123:PCI-MSI.514048-edge.snd_hda_intel": [
    4,
    4
  ],
  "interrupts.CPU3.123:PCI-MSI.514048-edge.snd_hda_intel": [
    3,
    3
  ],
  "interrupts.CPU4.123:PCI-MSI.514048-edge.snd_hda_intel": [
    80,
    80
  ],
  "interrupts.CPU5.123:PCI-MSI.514048-edge.snd_hda_intel": [
    55,
    55
  ],
  "interrupts.CPU6.123:PCI-MSI.514048-edge.snd_hda_intel": [
    50,
    50
  ],
  "interrupts.123:PCI-MSI.514048-edge.snd_hda_intel": [
    504,
    504
  ],
  "interrupts.CPU0.124:PCI-MSI.2097152-edge.eth0": [
    7142,
    7150
  ],
  "interrupts.CPU1.124:PCI-MSI.2097152-edge.eth0": [
    1155,
    1167
  ],
  "interrupts.CPU2.124:PCI-MSI.2097152-edge.eth0": [
    439,
    440
  ],
  "interrupts.CPU3.124:PCI-MSI.2097152-edge.eth0": [
    344,
    347
  ],
  "interrupts.CPU4.124:PCI-MSI.2097152-edge.eth0": [
    1892,
    1893
  ],
  "interrupts.CPU5.124:PCI-MSI.2097152-edge.eth0": [
    530,
    537
  ],
  "interrupts.CPU6.124:PCI-MSI.2097152-edge.eth0": [
    476,
    476
  ],
  "interrupts.CPU7.124:PCI-MSI.2097152-edge.eth0": [
    382,
    386
  ],
  "interrupts.124:PCI-MSI.2097152-edge.eth0": [
    12360,
    12396
  ],
  "interrupts.CPU0.NMI:Non-maskable_interrupts": [
    0,
    2
  ],
  "interrupts.CPU1.NMI:Non-maskable_interrupts": [
    0,
    2
  ],
  "interrupts.CPU2.NMI:Non-maskable_interrupts": [
    0,
    2
  ],
  "interrupts.CPU3.NMI:Non-maskable_interrupts": [
    0,
    2
  ],
  "interrupts.CPU4.NMI:Non-maskable_interrupts": [
    0,
    2
  ],
  "interrupts.CPU5.NMI:Non-maskable_interrupts": [
    0,
    2
  ],
  "interrupts.CPU6.NMI:Non-maskable_interrupts": [
    0,
    2
  ],
  "interrupts.CPU7.NMI:Non-maskable_interrupts": [
    0,
    2
  ],
  "interrupts.NMI:Non-maskable_interrupts": [
    0,
    16
  ],
  "interrupts.CPU0.LOC:Local_timer_interrupts": [
    35815,
    60958
  ],
  "interrupts.CPU1.LOC:Local_timer_interrupts": [
    29525,
    54639
  ],
  "interrupts.CPU2.LOC:Local_timer_interrupts": [
    30668,
    55807
  ],
  "interrupts.CPU3.LOC:Local_timer_interrupts": [
    31081,
    56595
  ],
  "interrupts.CPU4.LOC:Local_timer_interrupts": [
    16572,
    42177
  ],
  "interrupts.CPU5.LOC:Local_timer_interrupts": [
    18732,
    43896
  ],
  "interrupts.CPU6.LOC:Local_timer_interrupts": [
    14292,
    39402
  ],
  "interrupts.CPU7.LOC:Local_timer_interrupts": [
    10274,
    35406
  ],
  "interrupts.LOC:Local_timer_interrupts": [
    186959,
    388880
  ],
  "interrupts.CPU0.PMI:Performance_monitoring_interrupts": [
    0,
    2
  ],
  "interrupts.CPU1.PMI:Performance_monitoring_interrupts": [
    0,
    2
  ],
  "interrupts.CPU2.PMI:Performance_monitoring_interrupts": [
    0,
    2
  ],
  "interrupts.CPU3.PMI:Performance_monitoring_interrupts": [
    0,
    2
  ],
  "interrupts.CPU4.PMI:Performance_monitoring_interrupts": [
    0,
    2
  ],
  "interrupts.CPU5.PMI:Performance_monitoring_interrupts": [
    0,
    2
  ],
  "interrupts.CPU6.PMI:Performance_monitoring_interrupts": [
    0,
    2
  ],
  "interrupts.CPU7.PMI:Performance_monitoring_interrupts": [
    0,
    2
  ],
  "interrupts.PMI:Performance_monitoring_interrupts": [
    0,
    16
  ],
  "interrupts.CPU0.RTR:APIC_ICR_read_retries": [
    7,
    7
  ],
  "interrupts.RTR:APIC_ICR_read_retries": [
    7,
    7
  ],
  "interrupts.CPU0.RES:Rescheduling_interrupts": [
    1056,
    1121
  ],
  "interrupts.CPU1.RES:Rescheduling_interrupts": [
    778,
    848
  ],
  "interrupts.CPU2.RES:Rescheduling_interrupts": [
    927,
    1002
  ],
  "interrupts.CPU3.RES:Rescheduling_interrupts": [
    547,
    593
  ],
  "interrupts.CPU4.RES:Rescheduling_interrupts": [
    816,
    867
  ],
  "interrupts.CPU5.RES:Rescheduling_interrupts": [
    191,
    243
  ],
  "interrupts.CPU6.RES:Rescheduling_interrupts": [
    222,
    258
  ],
  "interrupts.CPU7.RES:Rescheduling_interrupts": [
    179,
    232
  ],
  "interrupts.RES:Rescheduling_interrupts": [
    4716,
    5164
  ],
  "interrupts.CPU0.CAL:Function_call_interrupts": [
    130,
    4294952931
  ],
  "interrupts.CPU1.CAL:Function_call_interrupts": [
    135,
    4294952459
  ],
  "interrupts.CPU2.CAL:Function_call_interrupts": [
    163,
    4294952822
  ],
  "interrupts.CPU3.CAL:Function_call_interrupts": [
    170,
    4294953082
  ],
  "interrupts.CPU4.CAL:Function_call_interrupts": [
    153,
    4294952876
  ],
  "interrupts.CPU5.CAL:Function_call_interrupts": [
    165,
    4294952338
  ],
  "interrupts.CPU6.CAL:Function_call_interrupts": [
    169,
    4294952766
  ],
  "interrupts.CPU7.CAL:Function_call_interrupts": [
    172,
    4294953038
  ],
  "interrupts.CAL:Function_call_interrupts": [
    1257,
    34359622312
  ],
  "interrupts.CPU0.TLB:TLB_shootdowns": [
    1567,
    1464726
  ],
  "interrupts.CPU1.TLB:TLB_shootdowns": [
    1127,
    1465289
  ],
  "interrupts.CPU2.TLB:TLB_shootdowns": [
    900,
    1466396
  ],
  "interrupts.CPU3.TLB:TLB_shootdowns": [
    1030,
    1466148
  ],
  "interrupts.CPU4.TLB:TLB_shootdowns": [
    769,
    1457990
  ],