{
  "diskstats.time": [
    1480388029.6003811,
    1480388030.6029453,
    1480388031.6056647,
    1480388032.6085088,
    1480388033.611045,
    1480388034.6145377,
    1480388035.6167977,
    1480388036.6185935,
    1480388037.62042,
    1480388038.622138,
    1480388039.6241841,
    1480388040.6265807
  ],
  "diskstats.sda.read_ios": [
    15921,
    15921,
    15921,
    15921,
    15921,
    15921,
    15921,
    15921,
    15921,
    15921,
    15921,
    15921
  ],
  "diskstats.sda.read_merges": [
    7,
    7,
    7,
    7,
    7,
    7,
    7,
    7,
    7,
    7,
    7,
    7
  ],
  "diskstats.sda.read_sectors": [
    1212872,
    1212872,
    1212872,
    1212872,
    1212872,
    1212872,
    1212872,
    1212872,
    1212872,
    1212872,
    1212872,
    1212872
  ],
  "diskstats.sda.read_ticks": [
    5497,
    5497,
    5497,
    5497,
    5497,
    5497,
    5497,
    5497,
    5497,
    5497,
    5497,
    5497
  ],
  "diskstats.sda.write_ios": [
    2072,
    2072,
    2073,
    2073,
    2119,
    2121,
    2121,
    2121,
    2121,
    2160,
    2174,
    2174
  ],
  "diskstats.sda.write_merges": [
    18983,
    18983,
    18983,
    18983,
    19004,
    19074,
    19074,
    19074,
    19074,
    19102,
    19130,
    19130
  ],
  "diskstats.sda.write_sectors": [
    1595760,
    1595760,
    1595760,
    1595760,
    1602688,
    1603264,
    1603264,
    1603264,
    1603264,
    1603800,
    1604136,
    1604136
  ],
  "diskstats.sda.write_ticks": [
    68066,
    68066,
    68070,
    68070,
    68169,
    68182,
    68182,
    68182,
    68182,
    68182,
    68226,
    68226
  ],
  "diskstats.sda.io_ticks": [
    6083,
    6083,
    6087,
    6087,
    6095,
    6108,
    6108,
    6108,
    6108,
    6108,
    6152,
    6152
  ],
  "diskstats.sda.time_in_queue": [
    73922,
    73922,
    73926,
    73926,
    74025,
    74038,
    74038,
    74038,
    74038,
    74038,
    74082,
    74082
  ],
  "diskstats.sda1.read_ios": [
    15,
    15,
    15,
    15,
    15,
    15,
    15,
    15,
    15,
    15,
    15,
    15
  ],
  "diskstats.sda1.read_sectors": [
    19,
    19,
    19,
    19,
    19,
    19,
    19,
    19,
    19,
    19,
    19,
    19
  ],
  "diskstats.sda1.read_ticks": [
    2,
    2,
    2,
    2,
    2,
    2,
    2,
    2,
    2,
    2,
    2,
    2
  ],
  "diskstats.sda1.io_ticks": [
    2,
    2,
    2,
    2,
    2,
    2,
    2,
    2,
    2,
    2,
    2,
    2
  ],
  "diskstats.sda1.time_in_queue": [
    2,
    2,
    2,
    2,
    2,
    2,
    2,
    2,
    2,
    2,
    2,
    2
  ],
  "diskstats.sda2.read_ios": [
    7988,
    7988,
    7988,
    7988,
    7988,
    7988,
    7988,
    7988,
    7988,
    7988,
    7988,
    7988
  ],
  "diskstats.sda2.read_merges": [
    3,
    3,
    3,
    3,
    3,
    3,
    3,
    3,
    3,
    3,
    3,
    3
  ],
  "diskstats.sda2.read_sectors": [
    473302,
    473302,
    473302,
    473302,
    473302,
    473302,
    473302,
    473302,
    473302,
    473302,
    473302,
    473302
  ],
  "diskstats.sda2.read_ticks": [
    2578,
    2578,
    2578,
    2578,
    2578,
    2578,
    2578,
    2578,
    2578,
    2578,
    2578,
    2578
  ],
  "diskstats.sda2.write_ios": [
    1579,
    1579,
    1579,
    1579,
    1625,
    1627,
    1627,
    1627,
    1627,
    1666,
    1668,
    1668
  ],
  "diskstats.sda2.write_merges": [
    18303,
    18303,
    18303,
    18303,
    18324,
    18394,
    18394,
    18394,
    18394,
    18422,
    18426,
    18426
  ],
  "diskstats.sda2.write_sectors": [
    1550376,
    1550376,
    1550376,
    1550376,
    1557304,
    1557880,
    1557880,
    1557880,
    1557880,
    1558416,
    1558464,
    1558464
  ],
  "diskstats.sda2.write_ticks": [
    66587,
    66587,
    66587,
    66587,
    66686,
    66699,
    66699,
    66699,
    66699,
    66699,
    66707,
    66707
  ],
  "diskstats.sda2.io_ticks": [
    3798,
    3798,
    3798,
    3798,
    3806,
    3819,
    3819,
    3819,
    3819,
    3819,
    3827,
    3827
  ],
  "diskstats.sda2.time_in_queue": [
    69525,
    69525,
    69525,
    69525,
    69624,
    69637,
    69637,
    69637,
    69637,
    69637,
    69645,
    69645
  ],
  "diskstats.sda3.read_ios": [
    98,
    98,
    98,
    98,
    98,
    98,
    98,
    98,
    98,
    98,
    98,
    98
  ],
  "diskstats.sda3.read_sectors": [
    222,
    222,
    222,
    222,
    222,
    222,
    222,
    222,
    222,
    222,
    222,
    222
  ],
  "diskstats.sda3.read_ticks": [
    4,
    4,
    4,
    4,
    4,
    4,
    4,
    4,
    4,
    4,
    4,
    4
  ],
  "diskstats.sda3.io_ticks": [
    3,
    3,
    3,
    3,
    3,
    3,
    3,
    3,
    3,
    3,
    3,
    3
  ],
  "diskstats.sda3.time_in_queue": [
    3,
    3,
    3,
    3,
    3,
    3,
    3,
    3,
    3,
    3,
    3,
    3
  ],
  "diskstats.sda4.read_ios": [
    7713,
    7713,
    7713,
    7713,
    7713,
    7713,
    7713,
    7713,
    7713,
    7713,
    7713,
    7713
  ],
  "diskstats.sda4.read_merges": [
    4,
    4,
    4,
    4,
    4,
    4,
    4,
    4,
    4,
    4,
    4,
    4
  ],
  "diskstats.sda4.read_sectors": [
    739028,
    739028,
    739028,
    739028,
    739028,
    739028,
    739028,
    739028,
    739028,
    739028,
    739028,
    739028
  ],
  "diskstats.sda4.read_ticks": [
    2910,
    2910,
    2910,
    2910,
    2910,
    2910,
    2910,
    2910,
    2910,
    2910,
    2910,
    2910
  ],
  "diskstats.sda4.write_ios": [
    452,
    452,
    452,
    452,
    452,
    452,
    452,
    452,
    452,
    452,
    464,
    464
  ],
  "diskstats.sda4.write_merges": [
    680,
    680,
    680,
    680,
    680,
    680,
    680,
    680,
    680,
    680,
    704,
    704
  ],
  "diskstats.sda4.write_sectors": [
    45384,
    45384,
    45384,
    45384,
    45384,
    45384,
    45384,
    45384,
    45384,
    45384,
    45672,
    45672
  ],
  "diskstats.sda4.write_ticks": [
    1335,
    1335,
    1335,
    1335,
    1335,
    1335,
    1335,
    1335,
    1335,
    1335,
    1371,
    1371
  ],
  "diskstats.sda4.io_ticks": [
    2269,
    2269,
    2269,
    2269,
    2269,
    2269,
    2269,
    2269,
    2269,
    2269,
    2305,
    2305
  ],
  "diskstats.sda4.time_in_queue": [
    4245,
    4245,
    4245,
    4245,
    4245,
    4245,
    4245,
    4245,
    4245,
    4245,
    4281,
    4281
  ]
}