{
  "meminfo.time": [
    1480388029.5803351,
    1480388030.5828965,
    1480388031.5856192,
    1480388032.5899322,
    1480388033.5944374,
    1480388034.5988488,
    1480388035.6022544,
    1480388036.6045642,
    1480388037.6076462,
    1480388038.610163,
    1480388039.6125503,
    1480388040.6158817
  ],
  "meminfo.MemTotal": [
    16360724,
    16360724,
    16360724,
    16360724,
    16360724,
    16360724,
    16360724,
    16360724,
    16360724,
    16360724,
    16360724,
    16360724
  ],
  "meminfo.MemFree": [
    15076116,
    15070300,
    15068428,
    15068568,
    15068220,
    15068764,
    15068188,
    15068720,
    15069144,
    15069144,
    15068520,
    15068244
  ],
  "meminfo.MemAvailable": [
    15835680,
    15829864,
    15828016,
    15828152,
    15827804,
    15828348,
    15827784,
    15828312,
    15828736,
    15828736,
    15828164,
    15827896
  ],
  "meminfo.Buffers": [
    20688,
    20692,
    20692,
    20692,
    20692,
    20704,
    20704,
    20704,
    20704,
    20704,
    20748,
    20748
  ],
  "meminfo.Cached": [
    936428,
    936760,
    936780,
    936780,
    936780,
    936768,
    936780,
    936780,
    936780,
    936780,
    936788,
    936796
  ],
  "meminfo.Active": [
    637640,
    641912,
    644232,
    644452,
    644156,
    644200,
    644260,
    644252,
    644280,
    644104,
    644224,
    644456
  ],
  "meminfo.Inactive": [
    528568,
    528376,
    526916,
    526916,
    526916,
    526916,
    526916,
    526916,
    526916,
    526916,
    526932,
    526932
  ],
  "meminfo.Active(anon)": [
    211444,
    215528,
    216368,
    216588,
    216292,
    216336,
    216384,
    216376,
    216404,
    216228,
    216312,
    216536
  ],
  "meminfo.Inactive(anon)": [
    137416,
    137416,
    137416,
    137416,
    137416,
    137416,
    137416,
    137416,
    137416,
    137416,
    137416,
    137416
  ],
  "meminfo.Active(file)": [
    426196,
    426384,
    427864,
    427864,
    427864,
    427864,
    427876,
    427876,
    427876,
    427876,
    427912,
    427920
  ],
  "meminfo.Inactive(file)": [
    391152,
    390960,
    389500,
    389500,
    389500,
    389500,
    389500,
    389500,
    389500,
    389500,
    389516,
    389516
  ],
  "meminfo.Dirty": [
    3824,
    3512,
    3528,
    3528,
    20,
    300,
    276,
    276,
    276,
    0,
    44,
    60
  ],
  "meminfo.AnonPages": [
    209088,
    212888,
    213592,
    213764,
    213476,
    213512,
    213524,
    213728,
    213604,
    213760,
    213848,
    213872
  ],
  "meminfo.Mapped": [
    275368,
    277972,
    277956,
    277932,
    277940,
    277932,
    277948,
    277956,
    277932,
    277932,
    277936,
    277956
  ],
  "meminfo.Shmem": [
    140120,
    140120,
    140120,
    140120,
    140120,
    140120,
    140120,
    140120,
    140120,
    140120,
    140120,
    140120
  ],
  "meminfo.Slab": [
    75448,
    75756,
    75912,
    75864,
    75868,
    75884,
    75904,
    75808,
    75828,
    75828,
    75844,
    75784
  ],
  "meminfo.SReclaimable": [
    47360,
    47364,
    47376,
    47368,
    47368,
    47368,
    47368,
    47356,
    47356,
    47356,
    47360,
    47356
  ],
  "meminfo.SUnreclaim": [
    28088,
    28392,
    28536,
    28496,
    28500,
    28516,
    28536,
    28452,
    28472,
    28472,
    28484,
    28428
  ],
  "meminfo.KernelStack": [
    10016,
    10624,
    10768,
    10768,
    10768,
    10768,
    10768,
    10768,
    10768,
    10768,
    10768,
    10768
  ],
  "meminfo.PageTables": [
    12260,
    12716,
    13080,
    13084,
    13076,
    13072,
    13076,
    13080,
    13076,
    13080,
    13072,
    13072
  ],
  "meminfo.CommitLimit": [
    8180360,
    8180360,
    8180360,
    8180360,
    8180360,
    8180360,
    8180360,
    8180360,
    8180360,
    8180360,
    8180360,
    8180360
  ],
  "meminfo.Committed_AS": [
    32984664,
    32988440,
    33006524,
    33006524,
    33006120,
    33008880,
    33029392,
    33008616,
    33012420,
    32996752,
    32996752,
    32996752
  ],
  "meminfo.VmallocTotal": [
    34359738367,
    34359738367,
    34359738367,
    34359738367,
    34359738367,
    34359738367,
    34359738367,
    34359738367,
    34359738367,
    34359738367,
    34359738367,
    34359738367
  ],
  "meminfo.DirectMap4k": [
    16044,
    16044,
    16044,
    16044,
    16044,
    16044,
    16044,
    16044,
    16044,
    16044,
    16044,
    16044
  ],
  "meminfo.DirectMap2M": [
    1998848,
    1998848,
    1998848,
    1998848,
    1998848,
    1998848,
    1998848,
    1998848,
    1998848,
    1998848,
    1998848,
    1998848
  ],
  "meminfo.DirectMap1G": [
    15728640,
    15728640,
    15728640,
    15728640,
    15728640,
    15728640,
    15728640,
    15728640,
    15728640,
    15728640,
    15728640,
    15728640
  ]
}