{
  "proc-vmstat.time": [
    1480388029.5744774,
    1480388030.5781794,
    1480388031.5811758,
    1480388032.5850608,
    1480388033.5881746,
    1480388034.5920424,
    1480388035.595323,
    1480388036.5970862,
    1480388037.5988562,
    1480388038.6011221,
    1480388039.604212,
    1480388040.6075802
  ],
  "proc-vmstat.nr_free_pages": [
    3769159,
    3767588,
    3767146,
    3767142,
    3767082,
    3767142,
    3767047,
    3767143,
    3767237,
    3767303,
    3767219,
    3767061
  ],
  "proc-vmstat.nr_alloc_batch": [
    886,
    374,
    100,
    1011,
    699,
    521,
    325,
    22,
    1011,
    913,
    491,
    202
  ],
  "proc-vmstat.nr_inactive_anon": [
    34354,
    34354,
    34354,
    34354,
    34354,
    34354,
    34354,
    34354,
    34354,
    34354,
    34354,
    34354
  ],
  "proc-vmstat.nr_active_anon": [
    52689,
    53882,
    54092,
    54098,
    54073,
    54084,
    54096,
    54094,
    54101,
    54106,
    54078,
    54134
  ],
  "proc-vmstat.nr_inactive_file": [
    97788,
    97740,
    97375,
    97375,
    97375,
    97375,
    97375,
    97375,
    97375,
    97375,
    97379,
    97379
  ],
  "proc-vmstat.nr_active_file": [
    106549,
    106596,
    106966,
    106966,
    106966,
    106966,
    106969,
    106969,
    106969,
    106969,
    106978,
    106980
  ],
  "proc-vmstat.nr_anon_pages": [
    52051,
    53222,
    53435,
    53441,
    53418,
    53427,
    53430,
    53432,
    53401,
    53440,
    53413,
    53468
  ],
  "proc-vmstat.nr_mapped": [
    68842,
    69493,
    69489,
    69483,
    69485,
    69483,
    69487,
    69489,
    69483,
    69483,
    69484,
    69489
  ],
  "proc-vmstat.nr_file_pages": [
    239279,
    239363,
    239368,
    239368,
    239368,
    239368,
    239371,
    239371,
    239371,
    239371,
    239384,
    239386
  ],
  "proc-vmstat.nr_dirty": [
    956,
    878,
    882,
    882,
    5,
    75,
    69,
    69,
    69,
    0,
    11,
    15
  ],
  "proc-vmstat.nr_slab_reclaimable": [
    11840,
    11841,
    11844,
    11842,
    11842,
    11842,
    11842,
    11839,
    11839,
    11839,
    11840,
    11839
  ],
  "proc-vmstat.nr_slab_unreclaimable": [
    7022,
    7098,
    7134,
    7124,
    7125,
    7129,
    7134,
    7113,
    7118,
    7118,
    7121,
    7107
  ],
  "proc-vmstat.nr_page_table_pages": [
    3065,
    3179,
    3270,
    3271,
    3269,
    3268,
    3269,
    3270,
    3269,
    3270,
    3268,
    3268
  ],
  "proc-vmstat.nr_kernel_stack": [
    626,
    664,
    673,
    673,
    673,
    673,
    673,
    673,
    673,
    673,
    673,
    673
  ],
  "proc-vmstat.nr_shmem": [
    35030,
    35030,
    35030,
    35030,
    35030,
    35030,
    35030,
    35030,
    35030,
    35030,
    35030,
    35030
  ],
  "proc-vmstat.nr_dirtied": [
    199939,
    200039,
    200043,
    200043,
    200043,
    200118,
    200112,
    200112,
    200112,
    200112,
    200127,
    200131
  ],
  "proc-vmstat.nr_written": [
    194109,
    194151,
    194151,
    194151,
    195028,
    195033,
    195033,
    195033,
    195033,
    195106,
    195106,
    195106
  ],
  "proc-vmstat.nr_dirty_threshold": [
    789158,
    788843,
    788756,
    788755,
    788743,
    788755,
    788737,
    788756,
    788775,
    788788,
    788774,
    788743
  ],
  "proc-vmstat.nr_dirty_background_threshold": [
    197289,
    197210,
    197189,
    197188,
    197185,
    197188,
    197184,
    197189,
    197193,
    197197,
    197193,
    197185
  ],
  "proc-vmstat.pgpgin": [
    606500,
    606500,
    606500,
    606500,
    606500,
    606500,
    606500,
    606500,
    606500,
    606500,
    606500,
    606500
  ],
  "proc-vmstat.pgpgout": [
    797856,
    797856,
    797856,
    797856,
    801320,
    801608,
    801608,
    801608,
    801608,
    801876,
    802044,
    802044
  ],
  "proc-vmstat.pgalloc_dma32": [
    335328,
    337854,
    338615,
    338971,
    339180,
    339428,
    339711,
    340129,
    340412,
    340628,
    340889,
    341127
  ],
  "proc-vmstat.pgalloc_normal": [
    1239973,
    1249654,
    1252293,
    1253180,
    1254271,
    1255281,
    1256247,
    1257237,
    1258201,
    1259233,
    1260502,
    1261561
  ],
  "proc-vmstat.pgfree": [
    5345315,
    5355825,
    5358998,
    5360251,
    5361552,
    5362798,
    5364062,
    5365471,
    5366703,
    5367957,
    5369466,
    5370747
  ],
  "proc-vmstat.pgactivate": [
    150413,
    150438,
    150791,
    150791,
    150791,
    150791,
    150791,
    150791,
    150791,
    150791,
    150791,
    150791
  ],
  "proc-vmstat.pgfault": [
    1973830,
    1988679,
    1999548,
    2001081,
    2002703,
    2004235,
    2005770,
    2007611,
    2009136,
    2010667,
    2012518,
    2014069
  ],
  "proc-vmstat.pgmajfault": [
    3820,
    3820,
    3820,
    3820,
    3820,
    3820,
    3820,
    3820,
    3820,
    3820,
    3820,
    3820
  ],
  "proc-vmstat.pageoutrun": [
    1,
    1,
    1,
    1,
    1,
    1,
    1,
    1,
    1,
    1,
    1,
    1
  ]
}