{
  "diskstats.time": [
    1480993959.0151658,
    1480993960.0189948,
    1480993961.025545,
    1480993962.040508,
    1480993963.0727892,
    1480993964.0853407,
    1480993965.0919647,
    1480993966.0981433,
    1480993967.1053774,
    1480993968.1130755,
    1480993969.1210601,
    1480993970.1273263
  ],
  "diskstats.sda.read_ios": [
    20255,
    20255,
    20255,
    20255,
    20255,
    20255,
    20255,
    20255,
    20256,
    20256,
    20256,
    20256
  ],
  "diskstats.sda.read_merges": [
    584,
    584,
    584,
    584,
    584,
    584,
    584,
    584,
    584,
    584,
    584,
    584
  ],
  "diskstats.sda.read_sectors": [
    1512892,
    1512892,
    1512892,
    1512892,
    1512892,
    1512892,
    1512892,
    1512892,
    1512900,
    1512900,
    1512900,
    1512900
  ],
  "diskstats.sda.read_ticks": [
    280518,
    280518,
    280518,
    280518,
    280518,
    280518,
    280518,
    280518,
    280550,
    280550,
    280550,
    280550
  ],
  "diskstats.sda.write_ios": [
    19641,
    19642,
    19687,
    19752,
    19802,
    19837,
    19840,
    19841,
    19911,
    19912,
    19917,
    19920
  ],
  "diskstats.sda.write_merges": [
    21612,
    21612,
    21710,
    21743,
    21836,
    21959,
    21959,
    21959,
    21982,
    21982,
    22019,
    22019
  ],
  "diskstats.sda.write_sectors": [
    4206065,
    4206073,
    4215337,
    4228633,
    4250465,
    4251697,
    4251721,
    4251729,
    4258465,
    4258473,
    4258809,
    4258833
  ],
  "diskstats.sda.write_ticks": [
    1190973,
    1190973,
    1191410,
    1192123,
    1193129,
    1193556,
    1193557,
    1193557,
    1201464,
    1201465,
    1201585,
    1201587
  ],
  "diskstats.sda.in_flight": [
    0,
    0,
    7,
    0,
    1,
    0,
    0,
    0,
    0,
    0,
    0,
    0
  ],
  "diskstats.sda.io_ticks": [
    178639,
    178639,
    179031,
    179140,
    179615,
    179937,
    179938,
    179938,
    180142,
    180143,
    180243,
    180245
  ],
  "diskstats.sda.time_in_queue": [
    1471624,
    1471624,
    1472325,
    1472774,
    1473788,
    1474207,
    1474208,
    1474208,
    1482147,
    1482148,
    1482268,
    1482270
  ],
  "diskstats.sda1.read_ios": [
    21,
    21,
    21,
    21,
    21,
    21,
    21,
    21,
    21,
    21,
    21,
    21
  ],
  "diskstats.sda1.read_sectors": [
    1128,
    1128,
    1128,
    1128,
    1128,
    1128,
    1128,
    1128,
    1128,
    1128,
    1128,
    1128
  ],
  "diskstats.sda1.read_ticks": [
    121,
    121,
    121,
    121,
    121,
    121,
    121,
    121,
    121,
    121,
    121,
    121
  ],
  "diskstats.sda1.io_ticks": [
    121,
    121,
    121,
    121,
    121,
    121,
    121,
    121,
    121,
    121,
    121,
    121
  ],
  "diskstats.sda1.time_in_queue": [
    121,
    121,
    121,
    121,
    121,
    121,
    121,
    121,
    121,
    121,
    121,
    121
  ],
  "diskstats.sda2.read_ios": [
    8351,
    8351,
    8351,
    8351,
    8351,
    8351,
    8351,
    8351,
    8351,
    8351,
    8351,
    8351
  ],
  "diskstats.sda2.read_merges": [
    161,
    161,
    161,
    161,
    161,
    161,
    161,
    161,
    161,
    161,
    161,
    161
  ],
  "diskstats.sda2.read_sectors": [
    379690,
    379690,
    379690,
    379690,
    379690,
    379690,
    379690,
    379690,
    379690,
    379690,
    379690,
    379690
  ],
  "diskstats.sda2.read_ticks": [
    49066,
    49066,
    49066,
    49066,
    49066,
    49066,
    49066,
    49066,
    49066,
    49066,
    49066,
    49066
  ],
  "diskstats.sda2.write_ios": [
    3719,
    3719,
    3719,
    3748,
    3748,
    3750,
    3750,
    3750,
    3794,
    3794,
    3796,
    3796
  ],
  "diskstats.sda2.write_merges": [
    9851,
    9851,
    9851,
    9863,
    9863,
    9933,
    9933,
    9933,
    9953,
    9953,
    9963,
    9963
  ],
  "diskstats.sda2.write_sectors": [
    3665848,
    3665848,
    3665848,
    3666352,
    3666352,
    3666928,
    3666928,
    3666928,
    3667440,
    3667440,
    3667536,
    3667536
  ],
  "diskstats.sda2.write_ticks": [
    770351,
    770351,
    770351,
    770408,
    770408,
    770482,
    770482,
    770482,
    777054,
    777054,
    777114,
    777114
  ],
  "diskstats.sda2.io_ticks": [
    47283,
    47283,
    47283,
    47286,
    47286,
    47360,
    47360,
    47360,
    47532,
    47532,
    47592,
    47592
  ],
  "diskstats.sda2.time_in_queue": [
    819569,
    819569,
    819569,
    819626,
    819626,
    819700,
    819700,
    819700,
    826272,
    826272,
    826332,
    826332
  ],
  "diskstats.sda3.read_ios": [
    32,
    32,
    32,
    32,
    32,
    32,
    32,
    32,
    32,
    32,
    32,
    32
  ],
  "diskstats.sda3.read_sectors": [
    3840,
    3840,
    3840,
    3840,
    3840,
    3840,
    3840,
    3840,
    3840,
    3840,
    3840,
    3840
  ],
  "diskstats.sda3.read_ticks": [
    107,
    107,
    107,
    107,
    107,
    107,
    107,
    107,
    107,
    107,
    107,
    107
  ],
  "diskstats.sda3.io_ticks": [
    103,
    103,
    103,
    103,
    103,
    103,
    103,
    103,
    103,
    103,
    103,
    103
  ],
  "diskstats.sda3.time_in_queue": [
    107,
    107,
    107,
    107,
    107,
    107,
    107,
    107,
    107,
    107,
    107,
    107
  ],
  "diskstats.sda4.read_ios": [
    48,
    48,
    48,
    48,
    48,
    48,
    48,
    48,
    48,
    48,
    48,
    48
  ],
  "diskstats.sda4.read_sectors": [
    2596,
    2596,
    2596,
    2596,
    2596,
    2596,
    2596,
    2596,
    2596,
    2596,
    2596,
    2596
  ],
  "diskstats.sda4.read_ticks": [
    242,
    242,
    242,
    242,
    242,
    242,
    242,
    242,
    242,
    242,
    242,
    242
  ],
  "diskstats.sda4.write_ios": [
    1,
    1,
    1,
    1,
    1,
    1,
    1,
    1,
    1,
    1,
    1,
    1
  ],
  "diskstats.sda4.write_sectors": [
    1,
    1,
    1,
    1,
    1,
    1,
    1,
    1,
    1,
    1,
    1,
    1
  ],
  "diskstats.sda4.write_ticks": [
    431,
    431,
    431,
    431,
    431,
    431,
    431,
    431,
    431,
    431,
    431,
    431
  ],
  "diskstats.sda4.io_ticks": [
    529,
    529,
    529,
    529,
    529,
    529,
    529,
    529,
    529,
    529,
    529,
    529
  ],
  "diskstats.sda4.time_in_queue": [
    673,
    673,
    673,
    673,
    673,
    673,
    673,
    673,
    673,
    673,
    673,
    673
  ],
  "diskstats.sda5.read_ios": [
    5513,
    5513,
    5513,
    5513,
    5513,
    5513,
    5513,
    5513,
    5513,
    5513,
    5513,
    5513
  ],
  "diskstats.sda5.read_merges": [
    62,
    62,
    62,
    62,
    62,
    62,
    62,
    62,
    62,
    62,
    62,
    62
  ],
  "diskstats.sda5.read_sectors": [
    459658,
    459658,
    459658,
    459658,
    459658,
    459658,
    459658,
    459658,
    459658,
    459658,
    459658,
    459658
  ],
  "diskstats.sda5.read_ticks": [
    96508,
    96508,
    96508,
    96508,
    96508,
    96508,
    96508,
    96508,
    96508,
    96508,
    96508,
    96508
  ],
  "diskstats.sda5.write_ios": [
    58,
    58,
    58,
    58,
    58,
    58,
    58,
    58,
    58,
    58,
    58,
    58
  ],
  "diskstats.sda5.write_merges": [
    30,
    30,
    30,
    30,
    30,
    30,
    30,
    30,
    30,
    30,
    30,
    30
  ],
  "diskstats.sda5.write_sectors": [
    12224,
    12224,
    12224,
    12224,
    12224,
    12224,
    12224,
    12224,
    12224,
    12224,
    12224,
    12224
  ],
  "diskstats.sda5.write_ticks": [
    6819,
    6819,
    6819,
    6819,
    6819,
    6819,
    6819,
    6819,
    6819,
    6819,
    6819,
    6819
  ],
  "diskstats.sda5.io_ticks": [
    34585,
    34585,
    34585,
    34585,
    34585,
    34585,
    34585,
    34585,
    34585,
    34585,
    34585,
    34585
  ],