{
  "meminfo.time": [
    1480993958.984877,
    1480993959.9889686,
    1480993960.9923582,
    1480993962.0063958,
    1480993963.0327535,
    1480993964.04189,
    1480993965.0497565,
    1480993966.0573933,
    1480993967.0634434,
    1480993968.0706103,
    1480993969.0775023,
    1480993970.0858757
  ],
  "meminfo.MemTotal": [
    8091280,
    8091280,
    8091280,
    8091280,
    8091280,
    8091280,
    8091280,
    8091280,
    8091280,
    8091280,
    8091280,
    8091280
  ],
  "meminfo.MemFree": [
    5938364,
    5933488,
    5886884,
    5840212,
    5862704,
    5853656,
    5844592,
    5844416,
    5844524,
    5845036,
    5844664,
    5845308
  ],
  "meminfo.MemAvailable": [
    7402732,
    7397880,
    7364248,
    7318324,
    7351176,
    7342584,
    7333768,
    7333592,
    7333704,
    7334232,
    7333848,
    7334508
  ],
  "meminfo.Buffers": [
    39876,
    39880,
    39952,
    39960,
    40032,
    40092,
    40092,
    40092,
    40096,
    40096,
    40112,
    40112
  ],
  "meminfo.Cached": [
    1590068,
    1590056,
    1611852,
    1611936,
    1628004,
    1628032,
    1636232,
    1636444,
    1636440,
    1636452,
    1636436,
    1636452
  ],
  "meminfo.Active": [
    1325620,
    1329516,
    1354356,
    1400772,
    1370384,
    1378636,
    1378688,
    1377180,
    1377088,
    1377292,
    1377140,
    1377240
  ],
  "meminfo.Inactive": [
    659748,
    659524,
    678368,
    678308,
    686252,
    686388,
    694656,
    694728,
    694728,
    694736,
    694736,
    694736
  ],
  "meminfo.Active(anon)": [
    363448,
    366968,
    389232,
    435048,
    396984,
    404764,
    404744,
    403236,
    403144,
    403344,
    403192,
    403276
  ],
  "meminfo.Inactive(anon)": [
    120012,
    120012,
    128648,
    128672,
    134108,
    134372,
    142492,
    142564,
    142564,
    142564,
    142564,
    142564
  ],
  "meminfo.Active(file)": [
    962172,
    962548,
    965124,
    965724,
    973400,
    973872,
    973944,
    973944,
    973944,
    973948,
    973948,
    973964
  ],
  "meminfo.Inactive(file)": [
    539736,
    539512,
    549720,
    549636,
    552144,
    552016,
    552164,
    552164,
    552164,
    552172,
    552172,
    552172
  ],
  "meminfo.Dirty": [
    104,
    300,
    3280,
    2864,
    2884,
    3000,
    3456,
    3456,
    16,
    16,
    16,
    132
  ],
  "meminfo.Writeback": [
    0,
    0,
    9224,
    0,
    0,
    0,
    0,
    0,
    0,
    0,
    0,
    0
  ],
  "meminfo.AnonPages": [
    355104,
    358920,
    381368,
    427388,
    389044,
    396820,
    396708,
    395244,
    395300,
    395324,
    395348,
    395452
  ],
  "meminfo.Mapped": [
    348716,
    351108,
    370660,
    383228,
    379400,
    380692,
    380736,
    380752,
    380760,
    380760,
    380728,
    380740
  ],
  "meminfo.Shmem": [
    127892,
    127892,
    136604,
    136552,
    142188,
    142252,
    150232,
    150444,
    150444,
    150444,
    150444,
    150444
  ],
  "meminfo.Slab": [
    111968,
    112240,
    112872,
    113400,
    113588,
    113804,
    113808,
    113844,
    113868,
    113888,
    113844,
    113848
  ],
  "meminfo.SReclaimable": [
    77108,
    76980,
    77168,
    77400,
    77576,
    77688,
    77716,
    77716,
    77720,
    77724,
    77712,
    77712
  ],
  "meminfo.SUnreclaim": [
    34860,
    35260,
    35704,
    36000,
    36012,
    36116,
    36092,
    36128,
    36148,
    36164,
    36132,
    36136
  ],
  "meminfo.KernelStack": [
    12576,
    13184,
    13424,
    13856,
    13920,
    14112,
    14288,
    14288,
    14288,
    14288,
    14272,
    14272
  ],
  "meminfo.PageTables": [
    16528,
    17064,
    18244,
    18616,
    18596,
    18788,
    18880,
    18872,
    18880,
    18880,
    18876,
    18884
  ],
  "meminfo.CommitLimit": [
    4045640,
    4045640,
    4045640,
    4045640,
    4045640,
    4045640,
    4045640,
    4045640,
    4045640,
    4045640,
    4045640,
    4045640
  ],
  "meminfo.Committed_AS": [
    39484340,
    39498924,
    41057240,
    43467004,
    42290300,
    42352840,
    42361660,
    42365300,
    42369456,
    42369896,
    42369528,
    42368244
  ],
  "meminfo.VmallocTotal": [
    34359738367,
    34359738367,
    34359738367,
    34359738367,
    34359738367,
    34359738367,
    34359738367,
    34359738367,
    34359738367,
    34359738367,
    34359738367,
    34359738367
  ],
  "meminfo.DirectMap4k": [
    37036,
    37036,
    39084,
    39084,
    39084,
    39084,
    39084,
    39084,
    39084,
    39084,
    39084,
    39084
  ],
  "meminfo.DirectMap2M": [
    3018752,
    3018752,
    3016704,
    3016704,
    3016704,
    3016704,
    3016704,
    3016704,
    3016704,
    3016704,
    3016704,
    3016704
  ],
  "meminfo.DirectMap1G": [
    6291456,
    6291456,
    6291456,
    6291456,
    6291456,
    6291456,
    6291456,
    6291456,
    6291456,
    6291456,
    6291456,
    6291456
  ]
}