{
  "proc-vmstat.time": [
    1480993958.9797726,
    1480993959.9835165,
    1480993960.9893005,
    1480993962.0038338,
    1480993963.030752,
    1480993964.0418913,
    1480993965.0505214,
    1480993966.0589461,
    1480993967.0635197,
    1480993968.071454,
    1480993969.077533,
    1480993970.0874393
  ],
  "proc-vmstat.nr_free_pages": [
    1484717,
    1483354,
    1471872,
    1460053,
    1465676,
    1463414,
    1461109,
    1461104,
    1461088,
    1461259,
    1461166,
    1461282
  ],
  "proc-vmstat.nr_alloc_batch": [
    205,
    247,
    236,
    537,
    120,
    423,
    600,
    249,
    155,
    273,
    507,
    492
  ],
  "proc-vmstat.nr_inactive_anon": [
    30003,
    30003,
    32162,
    32168,
    33527,
    33593,
    35623,
    35641,
    35641,
    35641,
    35641,
    35641
  ],
  "proc-vmstat.nr_active_anon": [
    90739,
    91822,
    97197,
    108762,
    99209,
    101234,
    101186,
    100809,
    100786,
    100836,
    100841,
    100819
  ],
  "proc-vmstat.nr_inactive_file": [
    134934,
    134878,
    137430,
    137409,
    138036,
    138004,
    138041,
    138041,
    138041,
    138043,
    138043,
    138043
  ],
  "proc-vmstat.nr_active_file": [
    240543,
    240637,
    241281,
    241431,
    243350,
    243468,
    243486,
    243486,
    243486,
    243487,
    243487,
    243491
  ],
  "proc-vmstat.nr_anon_pages": [
    88696,
    89810,
    95274,
    106847,
    97224,
    99205,
    99177,
    98854,
    98868,
    98831,
    98880,
    98863
  ],
  "proc-vmstat.nr_mapped": [
    87179,
    87594,
    92537,
    95807,
    94795,
    95173,
    95184,
    95188,
    95245,
    95190,
    95182,
    95185
  ],
  "proc-vmstat.nr_file_pages": [
    407486,
    407484,
    412951,
    412974,
    417009,
    417031,
    419081,
    419134,
    419134,
    419137,
    419137,
    419141
  ],
  "proc-vmstat.nr_dirty": [
    26,
    75,
    820,
    716,
    721,
    750,
    864,
    864,
    4,
    4,
    4,
    33
  ],
  "proc-vmstat.nr_writeback": [
    0,
    0,
    2489,
    0,
    0,
    0,
    0,
    0,
    0,
    0,
    0,
    0
  ],
  "proc-vmstat.nr_slab_reclaimable": [
    19277,
    19245,
    19292,
    19350,
    19394,
    19422,
    19429,
    19429,
    19430,
    19431,
    19428,
    19428
  ],
  "proc-vmstat.nr_slab_unreclaimable": [
    8715,
    8815,
    8926,
    9000,
    9003,
    9029,
    9023,
    9032,
    9037,
    9041,
    9033,
    9034
  ],
  "proc-vmstat.nr_page_table_pages": [
    4196,
    4330,
    4561,
    4654,
    4649,
    4697,
    4720,
    4718,
    4720,
    4720,
    4719,
    4721
  ],
  "proc-vmstat.nr_kernel_stack": [
    786,
    824,
    839,
    866,
    870,
    882,
    893,
    893,
    893,
    893,
    892,
    892
  ],
  "proc-vmstat.nr_shmem": [
    31973,
    31973,
    34151,
    34138,
    35547,
    35563,
    37558,
    37611,
    37611,
    37611,
    37611,
    37611
  ],
  "proc-vmstat.nr_dirtied": [
    521512,
    521577,
    524869,
    524934,
    527562,
    527593,
    527718,
    527721,
    527722,
    527727,
    527728,
    527758
  ],
  "proc-vmstat.nr_written": [
    511063,
    511072,
    511075,
    513788,
    516411,
    516412,
    516421,
    516424,
    517285,
    517290,
    517291,
    517292
  ],
  "proc-vmstat.nr_dirty_threshold": [
    368132,
    367867,
    366210,
    363872,
    365506,
    365070,
    364620,
    364619,
    364616,
    364651,
    364632,
    364656
  ],
  "proc-vmstat.nr_dirty_background_threshold": [
    92033,
    91966,
    91552,
    90968,
    91376,
    91267,
    91155,
    91154,
    91154,
    91162,
    91158,
    91164
  ],
  "proc-vmstat.pgpgin": [
    758758,
    758758,
    758758,
    758758,
    758758,
    758758,
    758758,
    758758,
    758762,
    758762,
    758762,
    758762
  ],
  "proc-vmstat.pgpgout": [
    2103032,
    2103036,
    2113860,
    2114316,
    2125228,
    2125848,
    2125852,
    2125864,
    2129232,
    2129236,
    2129404,
    2129408
  ],
  "proc-vmstat.pgalloc_dma32": [
    1358053,
    1362175,
    1369348,
    1375710,
    1380404,
    1382392,
    1383689,
    1384170,
    1384685,
    1385164,
    1385997,
    1386499
  ],
  "proc-vmstat.pgalloc_normal": [
    2734571,
    2742644,
    2756980,
    2769334,
    2778822,
    2782665,
    2785039,
    2786480,
    2787472,
    2788470,
    2789683,
    2790685
  ],
  "proc-vmstat.pgfree": [
    5578312,
    5588857,
    5598671,
    5605664,
    5625322,
    5629113,
    5630688,
    5632975,
    5634457,
    5635959,
    5637942,
    5639449
  ],
  "proc-vmstat.pgactivate": [
    322031,
    322072,
    322116,
    322163,
    324165,
    324172,
    324173,
    324175,
    324176,
    324177,
    324178,
    324179
  ],
  "proc-vmstat.pgfault": [
    4977974,
    4992812,
    5030424,
    5050735,
    5070302,
    5099831,
    5102054,
    5104883,
    5106967,
    5109046,
    5116773,
    5118858
  ],
  "proc-vmstat.pgmajfault": [
    5230,
    5230,
    5230,
    5230,
    5230,
    5230,
    5230,
    5230,
    5230,
    5230,
    5230,
    5230
  ],
  "proc-vmstat.pageoutrun": [
    1,
    1,
    1,
    1,
    1,
    1,
    1,
    1,
    1,
    1,
    1,
    1
  ],
  "proc-vmstat.pgrotated": [
    2,
    2,
    2,
    2,
    2,
    2,
    2,
    2,
    2,
    2,
    2,
    2
  ]
}