{
  "diskstats.time": [
    1480387057.5431156,
    1480387058.545978,
    1480387059.5477023,
    1480387060.5495796,
    1480387061.5510726,
    1480387062.552891,
    1480387063.5549786,
    1480387064.55778,
    1480387065.561406,
    1480387066.5645964,
    1480387067.5675685,
    1480387068.570047
  ],
  "diskstats.sda.read_ios": [
    15596,
    15601,
    15621,
    15621,
    15621,
    15632,
    15632,
    15632,
    15632,
    15632,
    15632,
    15632
  ],
  "diskstats.sda.read_merges": [
    7,
    7,
    7,
    7,
    7,
    7,
    7,
    7,
    7,
    7,
    7,
    7
  ],
  "diskstats.sda.read_sectors": [
    1203016,
    1203208,
    1206032,
    1206032,
    1206032,
    1207352,
    1207352,
    1207352,
    1207352,
    1207352,
    1207352,
    1207352
  ],
  "diskstats.sda.read_ticks": [
    5431,
    5432,
    5441,
    5441,
    5441,
    5463,
    5463,
    5463,
    5463,
    5463,
    5463,
    5463
  ],
  "diskstats.sda.write_ios": [
    1150,
    1150,
    1160,
    1160,
    1160,
    1195,
    1195,
    1195,
    1198,
    1201,
    1265,
    1265
  ],
  "diskstats.sda.write_merges": [
    10150,
    10150,
    10171,
    10171,
    10171,
    10324,
    10324,
    10324,
    10335,
    10342,
    10397,
    10397
  ],
  "diskstats.sda.write_sectors": [
    806464,
    806464,
    806704,
    806704,
    806704,
    814720,
    814720,
    814720,
    814832,
    814912,
    815864,
    815864
  ],
  "diskstats.sda.write_ticks": [
    33592,
    33592,
    33620,
    33620,
    33620,
    33771,
    33771,
    33771,
    33782,
    33790,
    33810,
    33810
  ],
  "diskstats.sda.io_ticks": [
    4478,
    4479,
    4513,
    4513,
    4513,
    4572,
    4572,
    4572,
    4583,
    4591,
    4599,
    4599
  ],
  "diskstats.sda.time_in_queue": [
    39238,
    39239,
    39276,
    39276,
    39276,
    39449,
    39449,
    39449,
    39460,
    39468,
    39488,
    39488
  ],
  "diskstats.sda1.read_ios": [
    15,
    15,
    15,
    15,
    15,
    15,
    15,
    15,
    15,
    15,
    15,
    15
  ],
  "diskstats.sda1.read_sectors": [
    19,
    19,
    19,
    19,
    19,
    19,
    19,
    19,
    19,
    19,
    19,
    19
  ],
  "diskstats.sda1.read_ticks": [
    2,
    2,
    2,
    2,
    2,
    2,
    2,
    2,
    2,
    2,
    2,
    2
  ],
  "diskstats.sda1.io_ticks": [
    2,
    2,
    2,
    2,
    2,
    2,
    2,
    2,
    2,
    2,
    2,
    2
  ],
  "diskstats.sda1.time_in_queue": [
    2,
    2,
    2,
    2,
    2,
    2,
    2,
    2,
    2,
    2,
    2,
    2
  ],
  "diskstats.sda2.read_ios": [
    7693,
    7698,
    7698,
    7698,
    7698,
    7699,
    7699,
    7699,
    7699,
    7699,
    7699,
    7699
  ],
  "diskstats.sda2.read_merges": [
    3,
    3,
    3,
    3,
    3,
    3,
    3,
    3,
    3,
    3,
    3,
    3
  ],
  "diskstats.sda2.read_sectors": [
    467582,
    467774,
    467774,
    467774,
    467774,
    467782,
    467782,
    467782,
    467782,
    467782,
    467782,
    467782
  ],
  "diskstats.sda2.read_ticks": [
    2524,
    2525,
    2525,
    2525,
    2525,
    2544,
    2544,
    2544,
    2544,
    2544,
    2544,
    2544
  ],
  "diskstats.sda2.write_ios": [
    756,
    756,
    756,
    756,
    756,
    775,
    775,
    775,
    775,
    775,
    837,
    837
  ],
  "diskstats.sda2.write_merges": [
    9594,
    9594,
    9594,
    9594,
    9594,
    9716,
    9716,
    9716,
    9716,
    9716,
    9769,
    9769
  ],
  "diskstats.sda2.write_sectors": [
    774392,
    774392,
    774392,
    774392,
    774392,
    782032,
    782032,
    782032,
    782032,
    782032,
    782952,
    782952
  ],
  "diskstats.sda2.write_ticks": [
    32713,
    32713,
    32713,
    32713,
    32713,
    32829,
    32829,
    32829,
    32829,
    32829,
    32847,
    32847
  ],
  "diskstats.sda2.io_ticks": [
    2383,
    2384,
    2384,
    2384,
    2384,
    2406,
    2406,
    2406,
    2406,
    2406,
    2414,
    2414
  ],
  "diskstats.sda2.time_in_queue": [
    35453,
    35454,
    35454,
    35454,
    35454,
    35589,
    35589,
    35589,
    35589,
    35589,
    35607,
    35607
  ],
  "diskstats.sda3.read_ios": [
    98,
    98,
    98,
    98,
    98,
    98,
    98,
    98,
    98,
    98,
    98,
    98
  ],
  "diskstats.sda3.read_sectors": [
    222,
    222,
    222,
    222,
    222,
    222,
    222,
    222,
    222,
    222,
    222,
    222
  ],
  "diskstats.sda3.read_ticks": [
    4,
    4,
    4,
    4,
    4,
    4,
    4,
    4,
    4,
    4,
    4,
    4
  ],
  "diskstats.sda3.io_ticks": [
    3,
    3,
    3,
    3,
    3,
    3,
    3,
    3,
    3,
    3,
    3,
    3
  ],
  "diskstats.sda3.time_in_queue": [
    3,
    3,
    3,
    3,
    3,
    3,
    3,
    3,
    3,
    3,
    3,
    3
  ],
  "diskstats.sda4.read_ios": [
    7683,
    7683,
    7703,
    7703,
    7703,
    7713,
    7713,
    7713,
    7713,
    7713,
    7713,
    7713
  ],
  "diskstats.sda4.read_merges": [
    4,
    4,
    4,
    4,
    4,
    4,
    4,
    4,
    4,
    4,
    4,
    4
  ],
  "diskstats.sda4.read_sectors": [
    734892,
    734892,
    737716,
    737716,
    737716,
    739028,
    739028,
    739028,
    739028,
    739028,
    739028,
    739028
  ],
  "diskstats.sda4.read_ticks": [
    2898,
    2898,
    2907,
    2907,
    2907,
    2910,
    2910,
    2910,
    2910,
    2910,
    2910,
    2910
  ],
  "diskstats.sda4.write_ios": [
    359,
    359,
    368,
    368,
    368,
    384,
    384,
    384,
    387,
    390,
    392,
    392
  ],
  "diskstats.sda4.write_merges": [
    556,
    556,
    577,
    577,
    577,
    608,
    608,
    608,
    619,
    626,
    628,
    628
  ],
  "diskstats.sda4.write_sectors": [
    32072,
    32072,
    32312,
    32312,
    32312,
    32688,
    32688,
    32688,
    32800,
    32880,
    32912,
    32912
  ],
  "diskstats.sda4.write_ticks": [
    753,
    753,
    778,
    778,
    778,
    813,
    813,
    813,
    824,
    832,
    834,
    834
  ],
  "diskstats.sda4.io_ticks": [
    1994,
    1994,
    2025,
    2025,
    2025,
    2062,
    2062,
    2062,
    2073,
    2081,
    2082,
    2082
  ],
  "diskstats.sda4.time_in_queue": [
    3651,
    3651,
    3685,
    3685,
    3685,
    3723,
    3723,
    3723,
    3734,
    3742,
    3744,
    3744
  ]
}