{
  "meminfo.time": [
    1480387057.5215015,
    1480387058.5242848,
    1480387059.5259678,
    1480387060.5282285,
    1480387061.5302422,
    1480387062.5320356,
    1480387063.5345924,
    1480387064.5389645,
    1480387065.5434139,
    1480387066.5478094,
    1480387067.5520656,
    1480387068.555916
  ],
  "meminfo.MemTotal": [
    16360724,
    16360724,
    16360724,
    16360724,
    16360724,
    16360724,
    16360724,
    16360724,
    16360724,
    16360724,
    16360724,
    16360724
  ],
  "meminfo.MemFree": [
    15096832,
    15090904,
    15072300,
    15072632,
    15070800,
    15076380,
    15070448,
    15071072,
    15071264,
    15071048,
    15070816,
    15071484
  ],
  "meminfo.MemAvailable": [
    15849344,
    15844012,
    15826816,
    15827340,
    15825508,
    15831692,
    15825876,
    15826508,
    15826700,
    15826496,
    15826284,
    15826996
  ],
  "meminfo.Buffers": [
    19956,
    19960,
    19988,
    19988,
    19988,
    20032,
    20032,
    20032,
    20040,
    20048,
    20056,
    20056
  ],
  "meminfo.Cached": [
    925324,
    925892,
    932876,
    932960,
    932960,
    929712,
    933548,
    933692,
    933660,
    933668,
    933680,
    933688
  ],
  "meminfo.Active": [
    566296,
    570996,
    608920,
    609368,
    611376,
    608888,
    610264,
    609612,
    609604,
    610076,
    609936,
    610024
  ],
  "meminfo.Inactive": [
    578256,
    577976,
    555732,
    555920,
    555920,
    552828,
    556376,
    556640,
    556616,
    556604,
    556604,
    556604
  ],
  "meminfo.Active(anon)": [
    201684,
    205812,
    214592,
    215032,
    217040,
    214540,
    215872,
    215220,
    215212,
    215656,
    215496,
    215576
  ],
  "meminfo.Inactive(anon)": [
    131860,
    131860,
    137404,
    137408,
    137408,
    133724,
    137208,
    137472,
    137448,
    137448,
    137448,
    137448
  ],
  "meminfo.Active(file)": [
    364612,
    365184,
    394328,
    394336,
    394336,
    394348,
    394392,
    394392,
    394392,
    394420,
    394440,
    394448
  ],
  "meminfo.Inactive(file)": [
    446396,
    446116,
    418328,
    418512,
    418512,
    419104,
    419168,
    419168,
    419168,
    419156,
    419156,
    419156
  ],
  "meminfo.Dirty": [
    3332,
    3364,
    3408,
    3408,
    3408,
    500,
    428,
    428,
    428,
    472,
    200,
    72
  ],
  "meminfo.AnonPages": [
    198796,
    202836,
    211384,
    212328,
    214336,
    211836,
    213016,
    212412,
    212576,
    212800,
    212724,
    212948
  ],
  "meminfo.Mapped": [
    263552,
    265864,
    277248,
    277196,
    277184,
    271624,
    278168,
    277968,
    277944,
    277948,
    277964,
    277960
  ],
  "meminfo.Shmem": [
    134564,
    134564,
    140028,
    140112,
    140112,
    136236,
    140032,
    140176,
    140152,
    140152,
    140152,
    140152
  ],
  "meminfo.Slab": [
    74224,
    75452,
    75820,
    75860,
    75888,
    75900,
    75932,
    75836,
    75840,
    75844,
    75848,
    75816
  ],
  "meminfo.SReclaimable": [
    45932,
    46540,
    46648,
    46648,
    46648,
    46648,
    46660,
    46676,
    46676,
    46668,
    46668,
    46744
  ],
  "meminfo.SUnreclaim": [
    28292,
    28912,
    29172,
    29212,
    29240,
    29252,
    29272,
    29160,
    29164,
    29176,
    29180,
    29072
  ],
  "meminfo.KernelStack": [
    11296,
    11856,
    12112,
    12112,
    12112,
    12112,
    12112,
    12112,
    12112,
    12112,
    12112,
    12112
  ],
  "meminfo.PageTables": [
    11992,
    13112,
    13048,
    13056,
    13068,
    13072,
    13072,
    13080,
    13084,
    13080,
    13084,
    13080
  ],
  "meminfo.CommitLimit": [
    8180360,
    8180360,
    8180360,
    8180360,
    8180360,
    8180360,
    8180360,
    8180360,
    8180360,
    8180360,
    8180360,
    8180360
  ],
  "meminfo.Committed_AS": [
    32962112,
    32980388,
    33009360,
    33021120,
    33003000,
    33021528,
    33018896,
    33018896,
    32993260,
    33009240,
    33026732,
    33026732
  ],
  "meminfo.VmallocTotal": [
    34359738367,
    34359738367,
    34359738367,
    34359738367,
    34359738367,
    34359738367,
    34359738367,
    34359738367,
    34359738367,
    34359738367,
    34359738367,
    34359738367
  ],
  "meminfo.DirectMap4k": [
    16044,
    16044,
    16044,
    16044,
    16044,
    16044,
    16044,
    16044,
    16044,
    16044,
    16044,
    16044
  ],
  "meminfo.DirectMap2M": [
    1998848,
    1998848,
    1998848,
    1998848,
    1998848,
    1998848,
    1998848,
    1998848,
    1998848,
    1998848,
    1998848,
    1998848
  ],
  "meminfo.DirectMap1G": [
    15728640,
    15728640,
    15728640,
    15728640,
    15728640,
    15728640,
    15728640,
    15728640,
    15728640,
    15728640,
    15728640,
    15728640
  ]
}