{
  "proc-vmstat.time": [
    1480387057.5147722,
    1480387058.518046,
    1480387059.5197837,
    1480387060.5213988,
    1480387061.5231276,
    1480387062.524917,
    1480387063.5276637,
    1480387064.532231,
    1480387065.5368748,
    1480387066.5407739,
    1480387067.5452585,
    1480387068.5490224
  ],
  "proc-vmstat.nr_free_pages": [
    3774495,
    3772800,
    3768089,
    3767680,
    3768076,
    3769046,
    3767602,
    3767774,
    3767867,
    3767836,
    3767704,
    3767871
  ],
  "proc-vmstat.nr_alloc_batch": [
    782,
    562,
    570,
    374,
    374,
    18,
    175,
    0,
    683,
    467,
    1011,
    777
  ],
  "proc-vmstat.nr_inactive_anon": [
    32965,
    32965,
    34351,
    34352,
    34352,
    33431,
    34302,
    34368,
    34362,
    34362,
    34362,
    34362
  ],
  "proc-vmstat.nr_active_anon": [
    50090,
    51355,
    53648,
    54187,
    53585,
    53635,
    54017,
    53805,
    53803,
    53865,
    53923,
    53894
  ],
  "proc-vmstat.nr_inactive_file": [
    111599,
    111529,
    104582,
    104628,
    104628,
    104776,
    104792,
    104792,
    104792,
    104789,
    104789,
    104789
  ],
  "proc-vmstat.nr_active_file": [
    91153,
    91296,
    98582,
    98584,
    98584,
    98587,
    98598,
    98598,
    98598,
    98605,
    98610,
    98612
  ],
  "proc-vmstat.nr_anon_pages": [
    49417,
    50709,
    52846,
    53560,
    52860,
    52959,
    53303,
    53140,
    53144,
    53200,
    53181,
    53237
  ],
  "proc-vmstat.nr_mapped": [
    65888,
    66466,
    69312,
    69299,
    69296,
    67906,
    69542,
    69492,
    69486,
    69487,
    69491,
    69490
  ],
  "proc-vmstat.nr_file_pages": [
    236320,
    236463,
    238216,
    238237,
    238237,
    237436,
    238395,
    238431,
    238425,
    238429,
    238434,
    238436
  ],
  "proc-vmstat.nr_dirty": [
    833,
    841,
    852,
    852,
    852,
    125,
    107,
    107,
    107,
    118,
    50,
    18
  ],
  "proc-vmstat.nr_slab_reclaimable": [
    11483,
    11635,
    11662,
    11662,
    11662,
    11662,
    11665,
    11669,
    11669,
    11667,
    11667,
    11686
  ],
  "proc-vmstat.nr_slab_unreclaimable": [
    7073,
    7228,
    7293,
    7303,
    7310,
    7313,
    7318,
    7290,
    7291,
    7294,
    7295,
    7268
  ],
  "proc-vmstat.nr_page_table_pages": [
    2925,
    3278,
    3262,
    3264,
    3267,
    3268,
    3268,
    3270,
    3271,
    3270,
    3271,
    3270
  ],
  "proc-vmstat.nr_kernel_stack": [
    706,
    741,
    757,
    757,
    757,
    757,
    757,
    757,
    757,
    757,
    757,
    757
  ],
  "proc-vmstat.nr_shmem": [
    33641,
    33641,
    35007,
    35028,
    35028,
    34059,
    35008,
    35044,
    35038,
    35038,
    35038,
    35038
  ],
  "proc-vmstat.nr_dirtied": [
    101074,
    101172,
    101186,
    101186,
    101186,
    101264,
    101301,
    101301,
    101301,
    101314,
    101319,
    101332
  ],
  "proc-vmstat.nr_written": [
    97827,
    97909,
    97912,
    97912,
    97912,
    98717,
    98772,
    98772,
    98772,
    98774,
    98847,
    98892
  ],
  "proc-vmstat.nr_dirty_threshold": [
    789908,
    789584,
    788709,
    788637,
    788716,
    788940,
    788657,
    788691,
    788710,
    788705,
    788679,
    788713
  ],
  "proc-vmstat.nr_dirty_background_threshold": [
    197477,
    197396,
    197177,
    197159,
    197179,
    197235,
    197164,
    197172,
    197177,
    197176,
    197169,
    197178
  ],
  "proc-vmstat.pgpgin": [
    601572,
    601668,
    603080,
    603080,
    603080,
    603740,
    603740,
    603740,
    603740,
    603740,
    603740,
    603740
  ],
  "proc-vmstat.pgpgout": [
    403220,
    403220,
    403340,
    403340,
    403340,
    407348,
    407348,
    407348,
    407404,
    407444,
    407920,
    407920
  ],
  "proc-vmstat.pgalloc_dma32": [
    143162,
    145831,
    156020,
    166004,
    176036,
    183418,
    184044,
    184466,
    184755,
    185031,
    185495,
    185699
  ],
  "proc-vmstat.pgalloc_normal": [
    529272,
    539347,
    577395,
    615020,
    652325,
    679100,
    682388,
    683232,
    684372,
    685439,
    686554,
    687599
  ],
  "proc-vmstat.pgfree": [
    4447838,
    4458723,
    4502957,
    4549814,
    4597896,
    4632627,
    4635202,
    4636696,
    4638111,
    4639360,
    4640943,
    4642204
  ],
  "proc-vmstat.pgactivate": [
    80279,
    80335,
    87565,
    87567,
    87567,
    87567,
    87740,
    87740,
    87740,
    87743,
    87743,
    87743
  ],
  "proc-vmstat.pgfault": [
    601273,
    616616,
    674692,
    722620,
    770123,
    805175,
    808938,
    810476,
    812328,
    813943,
    815777,
    817318
  ],
  "proc-vmstat.pgmajfault": [
    3748,
    3750,
    3765,
    3765,
    3765,
    3773,
    3773,
    3773,
    3773,
    3773,
    3773,
    3773
  ],
  "proc-vmstat.pageoutrun": [
    1,
    1,
    1,
    1,
    1,
    1,
    1,
    1,
    1,
    1,
    1,
    1
  ]
}