{
  "diskstats.time": [
    1479910847.1362529,
    1479910848.1386042,
    1479910849.140315,
    1479910850.1423101,
    1479910851.146339,
    1479910852.151172,
    1479910853.1561553,
    1479910854.1612499,
    1479910855.1649575,
    1479910856.1675239,
    1479910857.1726592,
    1479910858.177644
  ],
  "diskstats.sda.read_ios": [
    17239,
    17245,
    17267,
    17267,
    17267,
    17269,
    17269,
    17269,
    17269,
    17269,
    17269,
    17269
  ],
  "diskstats.sda.read_merges": [
    453,
    453,
    453,
    453,
    453,
    453,
    453,
    453,
    453,
    453,
    453,
    453
  ],
  "diskstats.sda.read_sectors": [
    1265622,
    1265822,
    1267222,
    1267222,
    1267222,
    1267254,
    1267254,
    1267254,
    1267254,
    1267254,
    1267254,
    1267254
  ],
  "diskstats.sda.read_ticks": [
    141706,
    141762,
    141916,
    141916,
    141916,
    141933,
    141933,
    141933,
    141933,
    141933,
    141933,
    141933
  ],
  "diskstats.sda.write_ios": [
    2213,
    2214,
    2253,
    2307,
    2310,
    2323,
    2324,
    2325,
    2405,
    2411,
    2412,
    2413
  ],
  "diskstats.sda.write_merges": [
    10923,
    10923,
    10963,
    11524,
    11649,
    11683,
    11683,
    11683,
    11741,
    11759,
    11759,
    11759
  ],
  "diskstats.sda.write_sectors": [
    835704,
    835712,
    836320,
    841456,
    842480,
    842856,
    842864,
    842872,
    843976,
    844168,
    844176,
    844184
  ],
  "diskstats.sda.write_ticks": [
    381340,
    381340,
    381699,
    382291,
    382313,
    382436,
    382437,
    382437,
    383303,
    383364,
    383364,
    383365
  ],
  "diskstats.sda.io_ticks": [
    46104,
    46144,
    46505,
    46523,
    46545,
    46668,
    46669,
    46669,
    46794,
    46855,
    46855,
    46856
  ],
  "diskstats.sda.time_in_queue": [
    523647,
    523703,
    524216,
    524808,
    524830,
    524970,
    524971,
    524971,
    525837,
    525898,
    525898,
    525899
  ],
  "diskstats.sda1.read_ios": [
    15,
    15,
    15,
    15,
    15,
    15,
    15,
    15,
    15,
    15,
    15,
    15
  ],
  "diskstats.sda1.read_sectors": [
    19,
    19,
    19,
    19,
    19,
    19,
    19,
    19,
    19,
    19,
    19,
    19
  ],
  "diskstats.sda1.read_ticks": [
    63,
    63,
    63,
    63,
    63,
    63,
    63,
    63,
    63,
    63,
    63,
    63
  ],
  "diskstats.sda1.io_ticks": [
    35,
    35,
    35,
    35,
    35,
    35,
    35,
    35,
    35,
    35,
    35,
    35
  ],
  "diskstats.sda1.time_in_queue": [
    63,
    63,
    63,
    63,
    63,
    63,
    63,
    63,
    63,
    63,
    63,
    63
  ],
  "diskstats.sda2.read_ios": [
    8970,
    8975,
    8975,
    8975,
    8975,
    8975,
    8975,
    8975,
    8975,
    8975,
    8975,
    8975
  ],
  "diskstats.sda2.read_merges": [
    273,
    273,
    273,
    273,
    273,
    273,
    273,
    273,
    273,
    273,
    273,
    273
  ],
  "diskstats.sda2.read_sectors": [
    483444,
    483636,
    483636,
    483636,
    483636,
    483636,
    483636,
    483636,
    483636,
    483636,
    483636,
    483636
  ],
  "diskstats.sda2.read_ticks": [
    47923,
    47965,
    47965,
    47965,
    47965,
    47965,
    47965,
    47965,
    47965,
    47965,
    47965,
    47965
  ],
  "diskstats.sda2.write_ios": [
    1118,
    1118,
    1118,
    1156,
    1158,
    1158,
    1158,
    1158,
    1232,
    1234,
    1234,
    1234
  ],
  "diskstats.sda2.write_merges": [
    9167,
    9167,
    9167,
    9724,
    9849,
    9849,
    9849,
    9849,
    9895,
    9904,
    9904,
    9904
  ],
  "diskstats.sda2.write_sectors": [
    782296,
    782296,
    782296,
    787272,
    788288,
    788288,
    788288,
    788288,
    789248,
    789336,
    789336,
    789336
  ],
  "diskstats.sda2.write_ticks": [
    310766,
    310766,
    310766,
    311123,
    311145,
    311145,
    311145,
    311145,
    311870,
    311895,
    311895,
    311895
  ],
  "diskstats.sda2.io_ticks": [
    18914,
    18940,
    18940,
    18958,
    18980,
    18980,
    18980,
    18980,
    18996,
    19021,
    19021,
    19021
  ],
  "diskstats.sda2.time_in_queue": [
    359297,
    359339,
    359339,
    359696,
    359718,
    359718,
    359718,
    359718,
    360443,
    360468,
    360468,
    360468
  ],
  "diskstats.sda3.read_ios": [
    98,
    98,
    98,
    98,
    98,
    98,
    98,
    98,
    98,
    98,
    98,
    98
  ],
  "diskstats.sda3.read_sectors": [
    222,
    222,
    222,
    222,
    222,
    222,
    222,
    222,
    222,
    222,
    222,
    222
  ],
  "diskstats.sda3.read_ticks": [
    22,
    22,
    22,
    22,
    22,
    22,
    22,
    22,
    22,
    22,
    22,
    22
  ],
  "diskstats.sda3.io_ticks": [
    22,
    22,
    22,
    22,
    22,
    22,
    22,
    22,
    22,
    22,
    22,
    22
  ],
  "diskstats.sda3.time_in_queue": [
    22,
    22,
    22,
    22,
    22,
    22,
    22,
    22,
    22,
    22,
    22,
    22
  ],
  "diskstats.sda40.read_ios": [
    8049,
    8050,
    8072,
    8072,
    8072,
    8074,
    8074,
    8074,
    8074,
    8074,
    8074,
    8074
  ],
  "diskstats.sda40.read_merges": [
    180,
    180,
    180,
    180,
    180,
    180,
    180,
    180,
    180,
    180,
    180,
    180
  ],
  "diskstats.sda40.read_sectors": [
    781636,
    781644,
    783044,
    783044,
    783044,
    783076,
    783076,
    783076,
    783076,
    783076,
    783076,
    783076
  ],
  "diskstats.sda40.read_ticks": [
    93646,
    93660,
    93814,
    93814,
    93814,
    93831,
    93831,
    93831,
    93831,
    93831,
    93831,
    93831
  ],
  "diskstats.sda40.write_ios": [
    1003,
    1004,
    1034,
    1050,
    1051,
    1064,
    1065,
    1066,
    1072,
    1076,
    1077,
    1078
  ],
  "diskstats.sda40.write_merges": [
    1756,
    1756,
    1796,
    1800,
    1800,
    1834,
    1834,
    1834,
    1846,
    1855,
    1855,
    1855
  ],
  "diskstats.sda40.write_sectors": [
    53408,
    53416,
    54024,
    54184,
    54192,
    54568,
    54576,
    54584,
    54728,
    54832,
    54840,
    54848
  ],
  "diskstats.sda40.write_ticks": [
    68417,
    68417,
    68673,
    68908,
    68908,
    69031,
    69032,
    69032,
    69173,
    69209,
    69209,
    69210
  ],
  "diskstats.sda40.io_ticks": [
    31935,
    31949,
    32207,
    32224,
    32224,
    32347,
    32348,
    32348,
    32473,
    32509,
    32509,
    32510
  ],
  "diskstats.sda40.time_in_queue": [
    162056,
    162070,
    162480,
    162715,
    162715,
    162855,
    162856,
    162856,
    162997,
    163033,
    163033,
    163034
  ]
}