{
  "diskstats.time": [
    1480052232.009052,
    1480052233.0112543,
    1480052234.0138144,
    1480052235.0154846,
    1480052236.0172493,
    1480052237.0190117,
    1480052238.0209136,
    1480052239.0230775,
    1480052240.025297,
    1480052241.027094,
    1480052242.0287988,
    1480052243.0305345
  ],
  "diskstats.sda.read_ios": [
    15822,
    15822,
    15873,
    15873,
    15873,
    15884,
    15884,
    15884,
    15884,
    15884,
    15884,
    15884
  ],
  "diskstats.sda.read_merges": [
    23,
    23,
    23,
    23,
    23,
    23,
    23,
    23,
    23,
    23,
    23,
    23
  ],
  "diskstats.sda.read_sectors": [
    1252048,
    1252048,
    1257648,
    1257648,
    1257648,
    1258960,
    1258960,
    1258960,
    1258960,
    1258960,
    1258960,
    1258960
  ],
  "diskstats.sda.read_ticks": [
    5354,
    5354,
    5531,
    5531,
    5531,
    5541,
    5541,
    5541,
    5541,
    5541,
    5541,
    5541
  ],
  "diskstats.sda.write_ios": [
    1924,
    1924,
    1969,
    1969,
    2024,
    2038,
    2038,
    2038,
    2041,
    2089,
    2091,
    2091
  ],
  "diskstats.sda.write_merges": [
    17826,
    17826,
    17878,
    17878,
    17902,
    17999,
    17999,
    17999,
    18010,
    18047,
    18051,
    18051
  ],
  "diskstats.sda.write_sectors": [
    1557088,
    1557088,
    1557840,
    1557840,
    1564864,
    1565752,
    1565752,
    1565752,
    1565864,
    1566544,
    1566592,
    1566592
  ],
  "diskstats.sda.write_ticks": [
    85358,
    85358,
    85488,
    85488,
    85826,
    85872,
    85872,
    85872,
    85884,
    85894,
    85900,
    85900
  ],
  "diskstats.sda.io_ticks": [
    5891,
    5891,
    6012,
    6012,
    6020,
    6068,
    6068,
    6068,
    6080,
    6090,
    6096,
    6096
  ],
  "diskstats.sda.time_in_queue": [
    91139,
    91139,
    91446,
    91446,
    91784,
    91840,
    91840,
    91840,
    91852,
    91862,
    91868,
    91868
  ],
  "diskstats.sda1.read_ios": [
    15,
    15,
    15,
    15,
    15,
    15,
    15,
    15,
    15,
    15,
    15,
    15
  ],
  "diskstats.sda1.read_sectors": [
    19,
    19,
    19,
    19,
    19,
    19,
    19,
    19,
    19,
    19,
    19,
    19
  ],
  "diskstats.sda2.read_ios": [
    8276,
    8276,
    8276,
    8276,
    8276,
    8276,
    8276,
    8276,
    8276,
    8276,
    8276,
    8276
  ],
  "diskstats.sda2.read_merges": [
    10,
    10,
    10,
    10,
    10,
    10,
    10,
    10,
    10,
    10,
    10,
    10
  ],
  "diskstats.sda2.read_sectors": [
    515430,
    515430,
    515430,
    515430,
    515430,
    515430,
    515430,
    515430,
    515430,
    515430,
    515430,
    515430
  ],
  "diskstats.sda2.read_ticks": [
    2408,
    2408,
    2408,
    2408,
    2408,
    2408,
    2408,
    2408,
    2408,
    2408,
    2408,
    2408
  ],
  "diskstats.sda2.write_ios": [
    1540,
    1540,
    1540,
    1540,
    1586,
    1588,
    1588,
    1588,
    1588,
    1629,
    1631,
    1631
  ],
  "diskstats.sda2.write_merges": [
    17158,
    17158,
    17158,
    17158,
    17176,
    17249,
    17249,
    17249,
    17249,
    17278,
    17282,
    17282
  ],
  "diskstats.sda2.write_sectors": [
    1506352,
    1506352,
    1506352,
    1506352,
    1513256,
    1513856,
    1513856,
    1513856,
    1513856,
    1514416,
    1514464,
    1514464
  ],
  "diskstats.sda2.write_ticks": [
    83357,
    83357,
    83357,
    83357,
    83623,
    83632,
    83632,
    83632,
    83632,
    83632,
    83638,
    83638
  ],
  "diskstats.sda2.io_ticks": [
    3851,
    3851,
    3851,
    3851,
    3859,
    3868,
    3868,
    3868,
    3868,
    3868,
    3874,
    3874
  ],
  "diskstats.sda2.time_in_queue": [
    86184,
    86184,
    86184,
    86184,
    86450,
    86459,
    86459,
    86459,
    86459,
    86459,
    86465,
    86465
  ],
  "diskstats.sda3.read_ios": [
    98,
    98,
    98,
    98,
    98,
    98,
    98,
    98,
    98,
    98,
    98,
    98
  ],
  "diskstats.sda3.read_sectors": [
    222,
    222,
    222,
    222,
    222,
    222,
    222,
    222,
    222,
    222,
    222,
    222
  ],
  "diskstats.sda3.read_ticks": [
    2,
    2,
    2,
    2,
    2,
    2,
    2,
    2,
    2,
    2,
    2,
    2
  ],
  "diskstats.sda3.io_ticks": [
    2,
    2,
    2,
    2,
    2,
    2,
    2,
    2,
    2,
    2,
    2,
    2
  ],
  "diskstats.sda3.time_in_queue": [
    2,
    2,
    2,
    2,
    2,
    2,
    2,
    2,
    2,
    2,
    2,
    2
  ],
  "diskstats.sda4.read_ios": [
    7326,
    7326,
    7377,
    7377,
    7377,
    7388,
    7388,
    7388,
    7388,
    7388,
    7388,
    7388
  ],
  "diskstats.sda4.read_merges": [
    13,
    13,
    13,
    13,
    13,
    13,
    13,
    13,
    13,
    13,
    13,
    13
  ],
  "diskstats.sda4.read_sectors": [
    736076,
    736076,
    741676,
    741676,
    741676,
    742988,
    742988,
    742988,
    742988,
    742988,
    742988,
    742988
  ],
  "diskstats.sda4.read_ticks": [
    2941,
    2941,
    3118,
    3118,
    3118,
    3128,
    3128,
    3128,
    3128,
    3128,
    3128,
    3128
  ],
  "diskstats.sda4.write_ios": [
    357,
    357,
    393,
    393,
    402,
    414,
    414,
    414,
    417,
    424,
    424,
    424
  ],
  "diskstats.sda4.write_merges": [
    668,
    668,
    720,
    720,
    726,
    750,
    750,
    750,
    761,
    769,
    769,
    769
  ],
  "diskstats.sda4.write_sectors": [
    50736,
    50736,
    51488,
    51488,
    51608,
    51896,
    51896,
    51896,
    52008,
    52128,
    52128,
    52128
  ],
  "diskstats.sda4.write_ticks": [
    1900,
    1900,
    1994,
    1994,
    2066,
    2103,
    2103,
    2103,
    2115,
    2125,
    2125,
    2125
  ],
  "diskstats.sda4.io_ticks": [
    2210,
    2210,
    2329,
    2329,
    2337,
    2376,
    2376,
    2376,
    2388,
    2398,
    2398,
    2398
  ],
  "diskstats.sda4.time_in_queue": [
    4840,
    4840,
    5111,
    5111,
    5183,
    5230,
    5230,
    5230,
    5242,
    5252,
    5252,
    5252
  ]
}