{
  "meminfo.time": [
    1480052231.9874306,
    1480052232.9902549,
    1480052233.992969,
    1480052234.9946487,
    1480052235.996422,
    1480052236.9990287,
    1480052238.0028098,
    1480052239.0054471,
    1480052240.008557,
    1480052241.0110016,
    1480052242.0126479,
    1480052243.01428
  ],
  "meminfo.MemTotal": [
    16360724,
    16360724,
    16360724,
    16360724,
    16360724,
    16360724,
    16360724,
    16360724,
    16360724,
    16360724,
    16360724,
    16360724
  ],
  "meminfo.MemFree": [
    15130092,
    15124088,
    15094380,
    15093984,
    15096044,
    15101716,
    15095044,
    15095980,
    15095484,
    15095828,
    15095688,
    15095656
  ],
  "meminfo.MemAvailable": [
    15914316,
    15908428,
    15881700,
    15881304,
    15883364,
    15889652,
    15883068,
    15884012,
    15883512,
    15883868,
    15883728,
    15883704
  ],
  "meminfo.Buffers": [
    20884,
    20888,
    20972,
    20972,
    20972,
    21016,
    21016,
    21016,
    21024,
    21032,
    21040,
    21040
  ],
  "meminfo.Cached": [
    918416,
    918516,
    932180,
    932180,
    932180,
    925656,
    932836,
    932840,
    932840,
    932840,
    932832,
    932840
  ],
  "meminfo.Active": [
    592220,
    596600,
    626748,
    626932,
    624124,
    625096,
    624900,
    624628,
    624672,
    624860,
    624728,
    624740
  ],
  "meminfo.Inactive": [
    521284,
    521020,
    517684,
    517684,
    517676,
    511008,
    518044,
    518332,
    518332,
    518332,
    518332,
    518332
  ],
  "meminfo.Active(anon)": [
    176896,
    180908,
    193972,
    194156,
    191340,
    192292,
    192068,
    191796,
    191840,
    192012,
    191880,
    191884
  ],
  "meminfo.Inactive(anon)": [
    94628,
    94628,
    105436,
    105436,
    105436,
    98168,
    105148,
    105436,
    105436,
    105436,
    105436,
    105436
  ],
  "meminfo.Active(file)": [
    415324,
    415692,
    432776,
    432776,
    432784,
    432804,
    432832,
    432832,
    432832,
    432848,
    432848,
    432856
  ],
  "meminfo.Inactive(file)": [
    426656,
    426392,
    412248,
    412248,
    412240,
    412840,
    412896,
    412896,
    412896,
    412896,
    412896,
    412896
  ],
  "meminfo.Dirty": [
    3392,
    3520,
    3600,
    3600,
    20,
    340,
    336,
    336,
    340,
    48,
    4,
    16
  ],
  "meminfo.AnonPages": [
    174020,
    177880,
    191464,
    191452,
    188636,
    189608,
    189408,
    189132,
    188976,
    189344,
    189064,
    189216
  ],
  "meminfo.Mapped": [
    260944,
    263452,
    277468,
    277428,
    277428,
    271696,
    278320,
    278360,
    278328,
    278356,
    278296,
    278304
  ],
  "meminfo.Shmem": [
    97332,
    97332,
    108140,
    108140,
    108140,
    100968,
    108136,
    108140,
    108140,
    108140,
    108140,
    108140
  ],
  "meminfo.Slab": [
    74948,
    75332,
    75912,
    75932,
    75952,
    75924,
    75956,
    75976,
    75984,
    75864,
    75880,
    75900
  ],
  "meminfo.SReclaimable": [
    47412,
    47440,
    47516,
    47516,
    47516,
    47512,
    47520,
    47532,
    47528,
    47520,
    47520,
    47520
  ],
  "meminfo.SUnreclaim": [
    27536,
    27892,
    28396,
    28416,
    28436,
    28412,
    28436,
    28444,
    28456,
    28344,
    28360,
    28380
  ],
  "meminfo.KernelStack": [
    10016,
    10624,
    11088,
    11088,
    11088,
    11088,
    11088,
    11088,
    11088,
    11088,
    11088,
    11088
  ],
  "meminfo.PageTables": [
    12044,
    12564,
    13376,
    13384,
    13388,
    13372,
    13384,
    13384,
    13384,
    13380,
    13392,
    13388
  ],
  "meminfo.CommitLimit": [
    8180360,
    8180360,
    8180360,
    8180360,
    8180360,
    8180360,
    8180360,
    8180360,
    8180360,
    8180360,
    8180360,
    8180360
  ],
  "meminfo.Committed_AS": [
    32873016,
    32909864,
    34167208,
    34183884,
    34165928,
    34165928,
    34183748,
    34167668,
    34183772,
    34183772,
    34180684,
    34178020
  ],
  "meminfo.VmallocTotal": [
    34359738367,
    34359738367,
    34359738367,
    34359738367,
    34359738367,
    34359738367,
    34359738367,
    34359738367,
    34359738367,
    34359738367,
    34359738367,
    34359738367
  ],
  "meminfo.DirectMap4k": [
    16044,
    16044,
    16044,
    16044,
    16044,
    16044,
    16044,
    16044,
    16044,
    16044,
    16044,
    16044
  ],
  "meminfo.DirectMap2M": [
    1998848,
    1998848,
    1998848,
    1998848,
    1998848,
    1998848,
    1998848,
    1998848,
    1998848,
    1998848,
    1998848,
    1998848
  ],
  "meminfo.DirectMap1G": [
    15728640,
    15728640,
    15728640,
    15728640,
    15728640,
    15728640,
    15728640,
    15728640,
    15728640,
    15728640,
    15728640,
    15728640
  ]
}