{
  "meminfo.time": [
    1479910847.0954347,
    1479910848.1014373,
    1479910849.104975,
    1479910850.106907,
    1479910851.1089873,
    1479910852.1120975,
    1479910853.1169808,
    1479910854.1217308,
    1479910855.126858,
    1479910856.1318865,
    1479910857.1369407,
    1479910858.1418417
  ],
  "meminfo.MemTotal": [
    16317260,
    16317260,
    16317260,
    16317260,
    16317260,
    16317260,
    16317260,
    16317260,
    16317260,
    16317260,
    16317260,
    16317260
  ],
  "meminfo.MemFree": [
    15016980,
    15009716,
    14993600,
    14994484,
    14994444,
    15001032,
    14993348,
    14993860,
    14993472,
    14993756,
    14994020,
    14993396
  ],
  "meminfo.MemAvailable": [
    15805812,
    15799816,
    15784416,
    15785304,
    15785268,
    15791892,
    15784232,
    15784732,
    15784348,
    15784628,
    15784944,
    15784304
  ],
  "meminfo.Buffers": [
    26820,
    26824,
    26888,
    26892,
    26904,
    26936,
    26936,
    26936,
    26944,
    26960,
    26960,
    26960
  ],
  "meminfo.Cached": [
    943404,
    944260,
    944736,
    944736,
    944728,
    936900,
    944476,
    944788,
    944792,
    944780,
    944788,
    944788
  ],
  "meminfo.Active": [
    610916,
    617180,
    641012,
    641076,
    641284,
    642372,
    642824,
    642744,
    642828,
    642608,
    642560,
    642864
  ],
  "meminfo.Inactive": [
    553604,
    553884,
    541048,
    541048,
    541052,
    533084,
    540748,
    541100,
    541092,
    541096,
    541096,
    541096
  ],
  "meminfo.Active(anon)": [
    197040,
    202416,
    213128,
    213188,
    213396,
    214452,
    214892,
    214812,
    214884,
    214664,
    214600,
    214904
  ],
  "meminfo.Inactive(anon)": [
    117136,
    117136,
    116760,
    116760,
    116760,
    108792,
    116440,
    116792,
    116792,
    116792,
    116792,
    116792
  ],
  "meminfo.Active(file)": [
    413876,
    414764,
    427884,
    427888,
    427888,
    427920,
    427932,
    427932,
    427944,
    427944,
    427960,
    427960
  ],
  "meminfo.Inactive(file)": [
    436468,
    436748,
    424288,
    424288,
    424292,
    424292,
    424308,
    424308,
    424300,
    424304,
    424304,
    424304
  ],
  "meminfo.Dirty": [
    2368,
    2544,
    2648,
    16,
    408,
    556,
    564,
    564,
    0,
    56,
    88,
    88
  ],
  "meminfo.AnonPages": [
    194536,
    199824,
    210484,
    210520,
    210692,
    211788,
    212224,
    212172,
    212200,
    211968,
    211992,
    212280
  ],
  "meminfo.Mapped": [
    274132,
    276404,
    289728,
    289728,
    289748,
    282368,
    289936,
    290052,
    290052,
    290044,
    290032,
    290064
  ],
  "meminfo.Shmem": [
    119840,
    119840,
    119464,
    119464,
    119464,
    111636,
    119184,
    119496,
    119496,
    119496,
    119496,
    119496
  ],
  "meminfo.Slab": [
    86244,
    86828,
    87496,
    87448,
    87472,
    87496,
    87528,
    87412,
    87424,
    87356,
    87440,
    87316
  ],
  "meminfo.SReclaimable": [
    54240,
    54440,
    54548,
    54548,
    54548,
    54556,
    54548,
    54524,
    54524,
    54508,
    54580,
    54548
  ],
  "meminfo.SUnreclaim": [
    32004,
    32388,
    32948,
    32900,
    32924,
    32940,
    32980,
    32888,
    32900,
    32848,
    32860,
    32768
  ],
  "meminfo.KernelStack": [
    12208,
    12816,
    13440,
    13440,
    13440,
    13456,
    13440,
    13440,
    13440,
    13440,
    13440,
    13440
  ],
  "meminfo.PageTables": [
    12652,
    13740,
    14600,
    14600,
    14596,
    14596,
    14596,
    14596,
    14592,
    14596,
    14592,
    14592
  ],
  "meminfo.CommitLimit": [
    8158628,
    8158628,
    8158628,
    8158628,
    8158628,
    8158628,
    8158628,
    8158628,
    8158628,
    8158628,
    8158628,
    8158628
  ],
  "meminfo.Committed_AS": [
    34364180,
    34424656,
    35691556,
    35687748,
    35681104,
    35676080,
    35681568,
    35697208,
    35704752,
    35695240,
    35688352,
    35700300
  ],
  "meminfo.VmallocTotal": [
    34359738367,
    34359738367,
    34359738367,
    34359738367,
    34359738367,
    34359738367,
    34359738367,
    34359738367,
    34359738367,
    34359738367,
    34359738367,
    34359738367
  ],
  "meminfo.DirectMap4k": [
    18012,
    18012,
    20060,
    20060,
    20060,
    20060,
    20060,
    20060,
    20060,
    20060,
    20060,
    20060
  ],
  "meminfo.DirectMap2M": [
    1953792,
    1953792,
    1951744,
    1951744,
    1951744,
    1951744,
    1951744,
    1951744,
    1951744,
    1951744,
    1951744,
    1951744
  ],
  "meminfo.DirectMap1G": [
    14680064,
    14680064,
    14680064,
    14680064,
    14680064,
    14680064,
    14680064,
    14680064,
    14680064,
    14680064,
    14680064,
    14680064
  ]
}