{
  "proc-vmstat.time": [
    1480052231.980088,
    1480052232.9821315,
    1480052233.9851708,
    1480052234.9870572,
    1480052235.989147,
    1480052236.9909158,
    1480052237.9931922,
    1480052238.9964752,
    1480052239.9997554,
    1480052241.0015323,
    1480052242.003259,
    1480052243.0050216
  ],
  "proc-vmstat.nr_free_pages": [
    3782989,
    3781111,
    3774006,
    3773991,
    3773594,
    3775503,
    3773778,
    3773995,
    3773871,
    3773996,
    3773922,
    3773914
  ],
  "proc-vmstat.nr_alloc_batch": [
    921,
    800,
    373,
    141,
    435,
    815,
    815,
    636,
    262,
    22,
    864,
    581
  ],
  "proc-vmstat.nr_inactive_anon": [
    23657,
    23657,
    26359,
    26359,
    26359,
    24542,
    26287,
    26359,
    26359,
    26359,
    26359,
    26359
  ],
  "proc-vmstat.nr_active_anon": [
    43967,
    45031,
    47818,
    47828,
    48547,
    48073,
    48066,
    47949,
    47960,
    47966,
    47970,
    47971
  ],
  "proc-vmstat.nr_inactive_file": [
    106664,
    106598,
    103062,
    103062,
    103060,
    103210,
    103224,
    103224,
    103224,
    103224,
    103224,
    103224
  ],
  "proc-vmstat.nr_active_file": [
    103831,
    103923,
    108194,
    108194,
    108196,
    108201,
    108208,
    108208,
    108208,
    108212,
    108212,
    108214
  ],
  "proc-vmstat.nr_anon_pages": [
    43309,
    44372,
    47142,
    47152,
    47920,
    47402,
    47401,
    47283,
    47293,
    47299,
    47266,
    47304
  ],
  "proc-vmstat.nr_mapped": [
    65163,
    65863,
    69367,
    69357,
    69357,
    67924,
    69580,
    69590,
    69582,
    69589,
    69574,
    69576
  ],
  "proc-vmstat.nr_file_pages": [
    234825,
    234851,
    238288,
    238288,
    238288,
    236668,
    238463,
    238464,
    238466,
    238468,
    238468,
    238470
  ],
  "proc-vmstat.nr_dirty": [
    848,
    880,
    900,
    900,
    5,
    85,
    84,
    84,
    85,
    12,
    1,
    4
  ],
  "proc-vmstat.nr_slab_reclaimable": [
    11853,
    11860,
    11879,
    11879,
    11879,
    11878,
    11880,
    11883,
    11882,
    11880,
    11880,
    11880
  ],
  "proc-vmstat.nr_slab_unreclaimable": [
    6884,
    6973,
    7099,
    7104,
    7109,
    7103,
    7109,
    7111,
    7114,
    7086,
    7090,
    7095
  ],
  "proc-vmstat.nr_page_table_pages": [
    3011,
    3141,
    3344,
    3346,
    3347,
    3343,
    3346,
    3346,
    3346,
    3345,
    3348,
    3347
  ],
  "proc-vmstat.nr_kernel_stack": [
    626,
    664,
    693,
    693,
    693,
    693,
    693,
    693,
    693,
    693,
    693,
    693
  ],
  "proc-vmstat.nr_shmem": [
    24333,
    24333,
    27035,
    27035,
    27035,
    25242,
    27034,
    27035,
    27035,
    27035,
    27035,
    27035
  ],
  "proc-vmstat.nr_dirtied": [
    193683,
    193715,
    193761,
    193761,
    193761,
    193850,
    193849,
    193849,
    193851,
    193852,
    193853,
    193856
  ],
  "proc-vmstat.nr_written": [
    189897,
    189897,
    189923,
    189923,
    190818,
    190827,
    190827,
    190827,
    190828,
    190902,
    190914,
    190914
  ],
  "proc-vmstat.nr_dirty_threshold": [
    793155,
    792785,
    791511,
    791508,
    791429,
    791841,
    791501,
    791544,
    791519,
    791545,
    791530,
    791529
  ],
  "proc-vmstat.nr_dirty_background_threshold": [
    198288,
    198196,
    197877,
    197877,
    197857,
    197960,
    197875,
    197886,
    197879,
    197886,
    197882,
    197882
  ],
  "proc-vmstat.pgpgin": [
    626088,
    626088,
    628888,
    628888,
    628888,
    629544,
    629544,
    629544,
    629544,
    629544,
    629544,
    629544
  ],
  "proc-vmstat.pgpgout": [
    778512,
    778512,
    778888,
    778888,
    782400,
    782844,
    782844,
    782844,
    782900,
    783240,
    783264,
    783264
  ],
  "proc-vmstat.pgalloc_dma32": [
    12473599,
    12476354,
    12485265,
    12495367,
    12505546,
    12513949,
    12514609,
    12514893,
    12515114,
    12515489,
    12515837,
    12516069
  ],
  "proc-vmstat.pgalloc_normal": [
    42264967,
    42274938,
    42308567,
    42346080,
    42383999,
    42415191,
    42417600,
    42418567,
    42419771,
    42420658,
    42421815,
    42422833
  ],
  "proc-vmstat.pgfree": [
    58522198,
    58533234,
    58569238,
    58616835,
    58664175,
    58705916,
    58707151,
    58708520,
    58709966,
    58711213,
    58712709,
    58713957
  ],
  "proc-vmstat.pgactivate": [
    142923,
    143015,
    147194,
    147194,
    147196,
    147196,
    147196,
    147196,
    147196,
    147196,
    147196,
    147196
  ],
  "proc-vmstat.pgfault": [
    54695611,
    54711050,
    54769159,
    54817102,
    54865375,
    54905783,
    54908972,
    54910510,
    54912365,
    54913908,
    54915750,
    54917285
  ],
  "proc-vmstat.pgmajfault": [
    3798,
    3798,
    3835,
    3835,
    3835,
    3844,
    3844,
    3844,
    3844,
    3844,
    3844,
    3844
  ],
  "proc-vmstat.pageoutrun": [
    1,
    1,
    1,
    1,
    1,
    1,
    1,
    1,
    1,
    1,
    1,
    1
  ]
}