{
  "softirqs.time": [
    1479910847.1290042,
    1479910858.4904783
  ],
  "softirqs.CPU3.HI": [
    1,
    1
  ],
  "softirqs.CPU7.HI": [
    1,
    1
  ],
  "softirqs.HI": [
    2,
    2
  ],
  "softirqs.CPU0.TIMER": [
    30253,
    32069
  ],
  "softirqs.CPU1.TIMER": [
    20806,
    22673
  ],
  "softirqs.CPU2.TIMER": [
    22763,
    24580
  ],
  "softirqs.CPU3.TIMER": [
    19880,
    21482
  ],
  "softirqs.CPU4.TIMER": [
    15357,
    16828
  ],
  "softirqs.CPU5.TIMER": [
    11532,
    13419
  ],
  "softirqs.CPU6.TIMER": [
    9748,
    10760
  ],
  "softirqs.CPU7.TIMER": [
    10925,
    13078
  ],
  "softirqs.TIMER": [
    141264,
    154889
  ],
  "softirqs.CPU4.NET_TX": [
    40,
    42
  ],
  "softirqs.NET_TX": [
    40,
    42
  ],
  "softirqs.CPU0.NET_RX": [
    10135,
    10195
  ],
  "softirqs.CPU1.NET_RX": [
    3065,
    3088
  ],
  "softirqs.CPU2.NET_RX": [
    4072,
    4093
  ],
  "softirqs.CPU3.NET_RX": [
    1202,
    1221
  ],
  "softirqs.CPU4.NET_RX": [
    18877,
    18892
  ],
  "softirqs.CPU5.NET_RX": [
    2465,
    2471
  ],
  "softirqs.CPU6.NET_RX": [
    1221,
    1267
  ],
  "softirqs.CPU7.NET_RX": [
    787,
    794
  ],
  "softirqs.NET_RX": [
    41824,
    42021
  ],
  "softirqs.CPU0.BLOCK": [
    9235,
    9366
  ],
  "softirqs.CPU1.BLOCK": [
    2061,
    2075
  ],
  "softirqs.CPU2.BLOCK": [
    818,
    837
  ],
  "softirqs.CPU3.BLOCK": [
    657,
    680
  ],
  "softirqs.CPU4.BLOCK": [
    3092,
    3128
  ],
  "softirqs.CPU5.BLOCK": [
    1553,
    1584
  ],
  "softirqs.CPU6.BLOCK": [
    1602,
    1608
  ],
  "softirqs.CPU7.BLOCK": [
    590,
    596
  ],
  "softirqs.BLOCK": [
    19608,
    19874
  ],
  "softirqs.CPU0.TASKLET": [
    46,
    46
  ],
  "softirqs.CPU1.TASKLET": [
    4,
    4
  ],
  "softirqs.CPU2.TASKLET": [
    2,
    2
  ],
  "softirqs.CPU3.TASKLET": [
    112,
    112
  ],
  "softirqs.CPU4.TASKLET": [
    4,
    4
  ],
  "softirqs.CPU5.TASKLET": [
    1,
    1
  ],
  "softirqs.CPU6.TASKLET": [
    2,
    2
  ],
  "softirqs.CPU7.TASKLET": [
    24,
    24
  ],
  "softirqs.TASKLET": [
    195,
    195
  ],
  "softirqs.CPU0.SCHED": [
    10662,
    11469
  ],
  "softirqs.CPU1.SCHED": [
    8296,
    8966
  ],
  "softirqs.CPU2.SCHED": [
    8451,
    9140
  ],
  "softirqs.CPU3.SCHED": [
    7348,
    7988
  ],
  "softirqs.CPU4.SCHED": [
    5756,
    6205
  ],
  "softirqs.CPU5.SCHED": [
    4456,
    5058
  ],
  "softirqs.CPU6.SCHED": [
    3929,
    4304
  ],
  "softirqs.CPU7.SCHED": [
    4287,
    4846
  ],
  "softirqs.SCHED": [
    53185,
    57976
  ],
  "softirqs.CPU0.RCU": [
    22599,
    23964
  ],
  "softirqs.CPU1.RCU": [
    15639,
    17125
  ],
  "softirqs.CPU2.RCU": [
    16473,
    17757
  ],
  "softirqs.CPU3.RCU": [
    14309,
    15564
  ],
  "softirqs.CPU4.RCU": [
    11057,
    12236
  ],
  "softirqs.CPU5.RCU": [
    8876,
    10275
  ],
  "softirqs.CPU6.RCU": [
    7377,
    8153
  ],
  "softirqs.CPU7.RCU": [
    8452,
    10113
  ],
  "softirqs.RCU": [
    104782,
    115187
  ]
}