{
  "diskstats.time": [
    1480661594.9824514,
    1480661595.9851656,
    1480661596.9891942,
    1480661597.9965377,
    1480661599.003646,
    1480661600.0129328,
    1480661601.021969,
    1480661602.0280175,
    1480661603.038037,
    1480661604.0465307,
    1480661605.0541403,
    1480661606.0600731
  ],
  "diskstats.sda.read_ios": [
    31323,
    31323,
    31323,
    31323,
    31323,
    31323,
    31323,
    31323,
    31323,
    31323,
    31323,
    31323
  ],
  "diskstats.sda.read_merges": [
    979,
    979,
    979,
    979,
    979,
    979,
    979,
    979,
    979,
    979,
    979,
    979
  ],
  "diskstats.sda.read_sectors": [
    1844068,
    1844068,
    1844068,
    1844068,
    1844068,
    1844068,
    1844068,
    1844068,
    1844068,
    1844068,
    1844068,
    1844068
  ],
  "diskstats.sda.read_ticks": [
    315440,
    315440,
    315440,
    315440,
    315440,
    315440,
    315440,
    315440,
    315440,
    315440,
    315440,
    315440
  ],
  "diskstats.sda.write_ios": [
    39094,
    39095,
    39116,
    39119,
    39122,
    39126,
    39127,
    39142,
    39145,
    39148,
    39150,
    39152
  ],
  "diskstats.sda.write_merges": [
    44518,
    44518,
    44523,
    44530,
    44530,
    44597,
    44597,
    44611,
    44611,
    44611,
    44628,
    44628
  ],
  "diskstats.sda.write_sectors": [
    7224161,
    7224169,
    7224369,
    7224449,
    7224473,
    7225041,
    7225049,
    7225497,
    7225521,
    7225545,
    7225705,
    7225713
  ],
  "diskstats.sda.write_ticks": [
    2292930,
    2292930,
    2292949,
    2293031,
    2293032,
    2293061,
    2293061,
    2293084,
    2293146,
    2293146,
    2293147,
    2293259
  ],
  "diskstats.sda.in_flight": [
    0,
    0,
    0,
    0,
    1,
    0,
    0,
    2,
    0,
    0,
    1,
    0
  ],
  "diskstats.sda.io_ticks": [
    333856,
    333856,
    333857,
    333908,
    333909,
    333938,
    333938,
    333952,
    333981,
    333981,
    334089,
    334093
  ],
  "diskstats.sda.time_in_queue": [
    2608370,
    2608370,
    2608389,
    2608471,
    2608472,
    2608501,
    2608501,
    2608547,
    2608586,
    2608586,
    2608695,
    2608699
  ],
  "diskstats.sda1.read_ios": [
    21,
    21,
    21,
    21,
    21,
    21,
    21,
    21,
    21,
    21,
    21,
    21
  ],
  "diskstats.sda1.read_sectors": [
    1128,
    1128,
    1128,
    1128,
    1128,
    1128,
    1128,
    1128,
    1128,
    1128,
    1128,
    1128
  ],
  "diskstats.sda1.read_ticks": [
    91,
    91,
    91,
    91,
    91,
    91,
    91,
    91,
    91,
    91,
    91,
    91
  ],
  "diskstats.sda1.io_ticks": [
    91,
    91,
    91,
    91,
    91,
    91,
    91,
    91,
    91,
    91,
    91,
    91
  ],
  "diskstats.sda1.time_in_queue": [
    91,
    91,
    91,
    91,
    91,
    91,
    91,
    91,
    91,
    91,
    91,
    91
  ],
  "diskstats.sda2.read_ios": [
    9667,
    9667,
    9667,
    9667,
    9667,
    9667,
    9667,
    9667,
    9667,
    9667,
    9667,
    9667
  ],
  "diskstats.sda2.read_merges": [
    289,
    289,
    289,
    289,
    289,
    289,
    289,
    289,
    289,
    289,
    289,
    289
  ],
  "diskstats.sda2.read_sectors": [
    512970,
    512970,
    512970,
    512970,
    512970,
    512970,
    512970,
    512970,
    512970,
    512970,
    512970,
    512970
  ],
  "diskstats.sda2.read_ticks": [
    44539,
    44539,
    44539,
    44539,
    44539,
    44539,
    44539,
    44539,
    44539,
    44539,
    44539,
    44539
  ],
  "diskstats.sda2.write_ios": [
    6681,
    6681,
    6700,
    6700,
    6700,
    6702,
    6702,
    6714,
    6714,
    6714,
    6715,
    6716
  ],
  "diskstats.sda2.write_merges": [
    19143,
    19143,
    19148,
    19148,
    19148,
    19215,
    19215,
    19224,
    19224,
    19224,
    19241,
    19241
  ],
  "diskstats.sda2.write_sectors": [
    5232536,
    5232536,
    5232728,
    5232728,
    5232728,
    5233280,
    5233280,
    5233664,
    5233664,
    5233664,
    5233816,
    5233816
  ],
  "diskstats.sda2.write_ticks": [
    1554376,
    1554376,
    1554395,
    1554395,
    1554395,
    1554424,
    1554424,
    1554447,
    1554447,
    1554447,
    1554447,
    1554559
  ],
  "diskstats.sda2.in_flight": [
    0,
    0,
    0,
    0,
    0,
    0,
    0,
    0,
    0,
    0,
    1,
    0
  ],
  "diskstats.sda2.io_ticks": [
    69718,
    69718,
    69719,
    69719,
    69719,
    69748,
    69748,
    69750,
    69750,
    69750,
    69858,
    69862
  ],
  "diskstats.sda2.time_in_queue": [
    1599011,
    1599011,
    1599030,
    1599030,
    1599030,
    1599059,
    1599059,
    1599082,
    1599082,
    1599082,
    1599190,
    1599194
  ],
  "diskstats.sda3.read_ios": [
    32,
    32,
    32,
    32,
    32,
    32,
    32,
    32,
    32,
    32,
    32,
    32
  ],
  "diskstats.sda3.read_sectors": [
    3840,
    3840,
    3840,
    3840,
    3840,
    3840,
    3840,
    3840,
    3840,
    3840,
    3840,
    3840
  ],
  "diskstats.sda3.read_ticks": [
    95,
    95,
    95,
    95,
    95,
    95,
    95,
    95,
    95,
    95,
    95,
    95
  ],
  "diskstats.sda3.io_ticks": [
    92,
    92,
    92,
    92,
    92,
    92,
    92,
    92,
    92,
    92,
    92,
    92
  ],
  "diskstats.sda3.time_in_queue": [
    95,
    95,
    95,
    95,
    95,
    95,
    95,
    95,
    95,
    95,
    95,
    95
  ],
  "diskstats.sda4.read_ios": [
    48,
    48,
    48,
    48,
    48,
    48,
    48,
    48,
    48,
    48,
    48,
    48
  ],
  "diskstats.sda4.read_sectors": [
    2596,
    2596,
    2596,
    2596,
    2596,
    2596,
    2596,
    2596,
    2596,
    2596,
    2596,
    2596
  ],
  "diskstats.sda4.read_ticks": [
    296,
    296,
    296,
    296,
    296,
    296,
    296,
    296,
    296,
    296,
    296,
    296
  ],
  "diskstats.sda4.write_ios": [
    1,
    1,
    1,
    1,
    1,
    1,
    1,
    1,
    1,
    1,
    1,
    1
  ],
  "diskstats.sda4.write_sectors": [
    1,
    1,
    1,
    1,
    1,
    1,
    1,
    1,
    1,
    1,
    1,
    1
  ],
  "diskstats.sda4.write_ticks": [
    2493,
    2493,
    2493,
    2493,
    2493,
    2493,
    2493,
    2493,
    2493,
    2493,
    2493,
    2493
  ],
  "diskstats.sda4.io_ticks": [
    2605,
    2605,
    2605,
    2605,
    2605,
    2605,
    2605,
    2605,
    2605,
    2605,
    2605,
    2605
  ],
  "diskstats.sda4.time_in_queue": [
    2789,
    2789,
    2789,
    2789,
    2789,
    2789,
    2789,
    2789,
    2789,
    2789,
    2789,
    2789
  ],
  "diskstats.sda5.read_ios": [
    6093,
    6093,
    6093,
    6093,
    6093,
    6093,
    6093,
    6093,
    6093,
    6093,
    6093,
    6093
  ],
  "diskstats.sda5.read_merges": [
    96,
    96,
    96,
    96,
    96,
    96,
    96,
    96,
    96,
    96,
    96,
    96
  ],
  "diskstats.sda5.read_sectors": [
    565490,
    565490,
    565490,
    565490,
    565490,
    565490,
    565490,
    565490,
    565490,
    565490,
    565490,
    565490
  ],
  "diskstats.sda5.read_ticks": [
    98690,
    98690,
    98690,
    98690,
    98690,
    98690,
    98690,
    98690,
    98690,
    98690,
    98690,
    98690
  ],
  "diskstats.sda5.write_ios": [
    230,
    230,
    230,
    230,
    230,
    230,
    230,
    230,
    230,
    230,
    230,
    230
  ],
  "diskstats.sda5.write_merges": [
    406,
    406,
    406,
    406,
    406,
    406,
    406,
    406,
    406,
    406,
    406,
    406
  ],
  "diskstats.sda5.write_sectors": [
    28176,
    28176,
    28176,
    28176,
    28176,
    28176,
    28176,
    28176,
    28176,
    28176,
    28176,
    28176
  ],
  "diskstats.sda5.write_ticks": [
    15862,
    15862,
    15862,
    15862,
    15862,
    15862,
    15862,
    15862,
    15862,
    15862,
    15862,
    15862
  ],