{
  "interrupts.time": [
    1480661594.9690158,
    1480661606.4765592
  ],
  "interrupts.CPU0.0:IO-APIC.2-edge.timer": [
    45,
    45
  ],
  "interrupts.0:IO-APIC.2-edge.timer": [
    45,
    45
  ],
  "interrupts.CPU0.1:IO-APIC.1-edge.i8042": [
    548,
    548
  ],
  "interrupts.CPU1.1:IO-APIC.1-edge.i8042": [
    2,
    2
  ],
  "interrupts.CPU2.1:IO-APIC.1-edge.i8042": [
    10,
    10
  ],
  "interrupts.CPU3.1:IO-APIC.1-edge.i8042": [
    2,
    2
  ],
  "interrupts.1:IO-APIC.1-edge.i8042": [
    562,
    562
  ],
  "interrupts.CPU0.7:IO-APIC.7-edge": [
    33,
    33
  ],
  "interrupts.7:IO-APIC.7-edge": [
    33,
    33
  ],
  "interrupts.CPU0.8:IO-APIC.8-edge.rtc0": [
    3,
    3
  ],
  "interrupts.CPU2.8:IO-APIC.8-edge.rtc0": [
    1,
    1
  ],
  "interrupts.CPU3.8:IO-APIC.8-edge.rtc0": [
    1,
    1
  ],
  "interrupts.8:IO-APIC.8-edge.rtc0": [
    5,
    5
  ],
  "interrupts.CPU0.9:IO-APIC.9-fasteoi.acpi": [
    4460,
    4486
  ],
  "interrupts.CPU1.9:IO-APIC.9-fasteoi.acpi": [
    51,
    51
  ],
  "interrupts.CPU2.9:IO-APIC.9-fasteoi.acpi": [
    659,
    659
  ],
  "interrupts.CPU3.9:IO-APIC.9-fasteoi.acpi": [
    54,
    54
  ],
  "interrupts.9:IO-APIC.9-fasteoi.acpi": [
    5224,
    5250
  ],
  "interrupts.CPU0.12:IO-APIC.12-edge.i8042": [
    6491,
    6491
  ],
  "interrupts.CPU1.12:IO-APIC.12-edge.i8042": [
    21,
    21
  ],
  "interrupts.CPU2.12:IO-APIC.12-edge.i8042": [
    159,
    159
  ],
  "interrupts.CPU3.12:IO-APIC.12-edge.i8042": [
    9,
    9
  ],
  "interrupts.12:IO-APIC.12-edge.i8042": [
    6680,
    6680
  ],
  "interrupts.CPU0.120:PCI-MSI.376832-edge.0000:00:17.0": [
    55093,
    55187
  ],
  "interrupts.CPU1.120:PCI-MSI.376832-edge.0000:00:17.0": [
    2556,
    2556
  ],
  "interrupts.CPU2.120:PCI-MSI.376832-edge.0000:00:17.0": [
    14761,
    14761
  ],
  "interrupts.CPU3.120:PCI-MSI.376832-edge.0000:00:17.0": [
    2260,
    2260
  ],
  "interrupts.120:PCI-MSI.376832-edge.0000:00:17.0": [
    74670,
    74764
  ],
  "interrupts.CPU0.121:PCI-MSI.327680-edge.xhci_hcd": [
    6316,
    6316
  ],
  "interrupts.CPU1.121:PCI-MSI.327680-edge.xhci_hcd": [
    13,
    13
  ],
  "interrupts.CPU2.121:PCI-MSI.327680-edge.xhci_hcd": [
    40,
    40
  ],
  "interrupts.CPU3.121:PCI-MSI.327680-edge.xhci_hcd": [
    13,
    13
  ],
  "interrupts.121:PCI-MSI.327680-edge.xhci_hcd": [
    6382,
    6382
  ],
  "interrupts.CPU0.122:PCI-MSI.32768-edge.i915": [
    644587,
    645435
  ],
  "interrupts.CPU1.122:PCI-MSI.32768-edge.i915": [
    9111,
    9111
  ],
  "interrupts.CPU2.122:PCI-MSI.32768-edge.i915": [
    76619,
    76619
  ],
  "interrupts.CPU3.122:PCI-MSI.32768-edge.i915": [
    13452,
    13452
  ],
  "interrupts.122:PCI-MSI.32768-edge.i915": [
    743769,
    744617
  ],
  "interrupts.CPU0.123:PCI-MSI.514048-edge.snd_hda_intel": [
    1540,
    1540
  ],
  "interrupts.CPU1.123:PCI-MSI.514048-edge.snd_hda_intel": [
    1964,
    1964
  ],
  "interrupts.CPU2.123:PCI-MSI.514048-edge.snd_hda_intel": [
    1777,
    1777
  ],
  "interrupts.CPU3.123:PCI-MSI.514048-edge.snd_hda_intel": [
    1672,
    1672
  ],
  "interrupts.123:PCI-MSI.514048-edge.snd_hda_intel": [
    6953,
    6953
  ],
  "interrupts.CPU0.124:PCI-MSI.524288-edge": [
    5,
    5
  ],
  "interrupts.CPU1.124:PCI-MSI.524288-edge": [
    9,
    9
  ],
  "interrupts.CPU2.124:PCI-MSI.524288-edge": [
    12,
    12
  ],
  "interrupts.CPU3.124:PCI-MSI.524288-edge": [
    7,
    7
  ],
  "interrupts.124:PCI-MSI.524288-edge": [
    33,
    33
  ],
  "interrupts.CPU0.125:PCI-MSI.1048576-edge.iwlwifi": [
    8,
    8
  ],
  "interrupts.CPU1.125:PCI-MSI.1048576-edge.iwlwifi": [
    1,
    1
  ],
  "interrupts.CPU2.125:PCI-MSI.1048576-edge.iwlwifi": [
    19,
    19
  ],
  "interrupts.CPU3.125:PCI-MSI.1048576-edge.iwlwifi": [
    1,
    1
  ],
  "interrupts.125:PCI-MSI.1048576-edge.iwlwifi": [
    29,
    29
  ],
  "interrupts.CPU0.126:PCI-MSI.1572864-edge.rtsx_pci": [
    59,
    59
  ],
  "interrupts.CPU1.126:PCI-MSI.1572864-edge.rtsx_pci": [
    3,
    3
  ],
  "interrupts.CPU2.126:PCI-MSI.1572864-edge.rtsx_pci": [
    3,
    3
  ],
  "interrupts.126:PCI-MSI.1572864-edge.rtsx_pci": [
    65,
    65
  ],
  "interrupts.CPU0.127:PCI-MSI.1574912-edge.eth0": [
    880965,
    881123
  ],
  "interrupts.CPU1.127:PCI-MSI.1574912-edge.eth0": [
    44,
    44
  ],
  "interrupts.CPU2.127:PCI-MSI.1574912-edge.eth0": [
    429,
    429
  ],
  "interrupts.CPU3.127:PCI-MSI.1574912-edge.eth0": [
    51,
    51
  ],
  "interrupts.127:PCI-MSI.1574912-edge.eth0": [
    881489,
    881647
  ],
  "interrupts.CPU0.NMI:Non-maskable_interrupts": [
    2,
    2
  ],
  "interrupts.CPU1.NMI:Non-maskable_interrupts": [
    15,
    15
  ],
  "interrupts.CPU2.NMI:Non-maskable_interrupts": [
    11,
    11
  ],
  "interrupts.CPU3.NMI:Non-maskable_interrupts": [
    9,
    9
  ],
  "interrupts.NMI:Non-maskable_interrupts": [
    37,
    37
  ],
  "interrupts.CPU0.LOC:Local_timer_interrupts": [
    2408982,
    2412254
  ],
  "interrupts.CPU1.LOC:Local_timer_interrupts": [
    2178930,
    2181501
  ],
  "interrupts.CPU2.LOC:Local_timer_interrupts": [
    1467857,
    1469777
  ],
  "interrupts.CPU3.LOC:Local_timer_interrupts": [
    1444164,
    1445734
  ],
  "interrupts.LOC:Local_timer_interrupts": [
    7499933,
    7509266
  ],
  "interrupts.CPU0.PMI:Performance_monitoring_interrupts": [
    2,
    2
  ],
  "interrupts.CPU1.PMI:Performance_monitoring_interrupts": [
    15,
    15
  ],
  "interrupts.CPU2.PMI:Performance_monitoring_interrupts": [
    11,
    11
  ],
  "interrupts.CPU3.PMI:Performance_monitoring_interrupts": [
    9,
    9
  ],
  "interrupts.PMI:Performance_monitoring_interrupts": [
    37,
    37
  ],
  "interrupts.CPU0.RTR:APIC_ICR_read_retries": [
    15,
    15
  ],
  "interrupts.RTR:APIC_ICR_read_retries": [
    15,
    15
  ],
  "interrupts.CPU0.RES:Rescheduling_interrupts": [
    63193,
    63266
  ],
  "interrupts.CPU1.RES:Rescheduling_interrupts": [
    80613,
    80693
  ],
  "interrupts.CPU2.RES:Rescheduling_interrupts": [
    72468,
    72519
  ],
  "interrupts.CPU3.RES:Rescheduling_interrupts": [
    57221,
    57255
  ],
  "interrupts.RES:Rescheduling_interrupts": [
    273495,
    273733
  ],
  "interrupts.CPU0.CAL:Function_call_interrupts": [
    169072,
    169277
  ],
  "interrupts.CPU1.CAL:Function_call_interrupts": [
    161673,
    161866
  ],
  "interrupts.CPU2.CAL:Function_call_interrupts": [
    171796,
    171880
  ],
  "interrupts.CPU3.CAL:Function_call_interrupts": [
    159020,
    159219
  ],
  "interrupts.CAL:Function_call_interrupts": [
    661561,
    662242
  ],
  "interrupts.CPU0.TLB:TLB_shootdowns": [
    36235,
    36257
  ],
  "interrupts.CPU1.TLB:TLB_shootdowns": [
    39567,
    39586
  ],
  "interrupts.CPU2.TLB:TLB_shootdowns": [
    31770,
    31785
  ],
  "interrupts.CPU3.TLB:TLB_shootdowns": [
    31327,
    31334
  ],
  "interrupts.TLB:TLB_shootdowns": [
    138899,
    138962
  ],
  "interrupts.CPU0.MCP:Machine_check_polls": [
    47,
    47
  ],
  "interrupts.CPU1.MCP:Machine_check_polls": [
    46,
    46
  ],
  "interrupts.CPU2.MCP:Machine_check_polls": [
    46,
    46
  ],
  "interrupts.CPU3.MCP:Machine_check_polls": [
    46,
    46
  ],
  "interrupts.MCP:Machine_check_polls": [
    185,
    185
  ],
  "interrupts.ERR": [
    33,
    33
  ]
}