{
  "meminfo.time": [
    1480661594.9592118,
    1480661595.9628577,
    1480661596.9707143,
    1480661597.9777489,
    1480661598.9847054,
    1480661599.9917448,
    1480661600.99889,
    1480661602.0029974,
    1480661603.0122552,
    1480661604.0194983,
    1480661605.0281615,
    1480661606.0371614
  ],
  "meminfo.MemTotal": [
    8091280,
    8091280,
    8091280,
    8091280,
    8091280,
    8091280,
    8091280,
    8091280,
    8091280,
    8091280,
    8091280,
    8091280
  ],
  "meminfo.MemFree": [
    4801336,
    4797312,
    4793852,
    4793688,
    4793208,
    4793208,
    4792952,
    4793380,
    4792920,
    4793240,
    4793208,
    4793564
  ],
  "meminfo.MemAvailable": [
    7337444,
    7333568,
    7330116,
    7329960,
    7329480,
    7329448,
    7329184,
    7329612,
    7329152,
    7329464,
    7329420,
    7329784
  ],
  "meminfo.Buffers": [
    59428,
    59432,
    59432,
    59440,
    59440,
    59452,
    59452,
    59452,
    59460,
    59460,
    59468,
    59468
  ],
  "meminfo.Cached": [
    2674640,
    2674772,
    2674788,
    2674788,
    2674788,
    2674776,
    2674788,
    2674788,
    2674788,
    2674788,
    2674780,
    2674788
  ],
  "meminfo.Active": [
    1699944,
    1703628,
    1705496,
    1705576,
    1705676,
    1705720,
    1705848,
    1705908,
    1706008,
    1705932,
    1706116,
    1706052
  ],
  "meminfo.Inactive": [
    1395868,
    1395704,
    1395520,
    1395520,
    1395520,
    1395520,
    1395520,
    1395520,
    1395520,
    1395520,
    1395520,
    1395520
  ],
  "meminfo.Active(anon)": [
    369596,
    372980,
    374648,
    374720,
    374820,
    374864,
    374980,
    375040,
    375132,
    375056,
    375240,
    375168
  ],
  "meminfo.Inactive(anon)": [
    177124,
    177124,
    177124,
    177124,
    177124,
    177124,
    177124,
    177124,
    177124,
    177124,
    177124,
    177124
  ],
  "meminfo.Active(file)": [
    1330348,
    1330648,
    1330848,
    1330856,
    1330856,
    1330856,
    1330868,
    1330868,
    1330876,
    1330876,
    1330876,
    1330884
  ],
  "meminfo.Inactive(file)": [
    1218744,
    1218580,
    1218396,
    1218396,
    1218396,
    1218396,
    1218396,
    1218396,
    1218396,
    1218396,
    1218396,
    1218396
  ],
  "meminfo.Dirty": [
    188,
    360,
    192,
    204,
    204,
    460,
    468,
    268,
    276,
    276,
    276,
    292
  ],
  "meminfo.AnonPages": [
    362096,
    365136,
    366780,
    366852,
    366964,
    367028,
    366940,
    367172,
    367264,
    367188,
    367408,
    367316
  ],
  "meminfo.Mapped": [
    341380,
    343036,
    343924,
    343964,
    343924,
    343924,
    343916,
    343916,
    343916,
    343916,
    343916,
    343928
  ],
  "meminfo.Shmem": [
    184992,
    184992,
    184992,
    184992,
    184992,
    184992,
    184992,
    184992,
    184992,
    184992,
    184992,
    184992
  ],
  "meminfo.Slab": [
    137956,
    138244,
    138380,
    138392,
    138412,
    138388,
    138268,
    138284,
    138288,
    138292,
    138240,
    138252
  ],
  "meminfo.SReclaimable": [
    101664,
    101676,
    101668,
    101668,
    101668,
    101636,
    101616,
    101616,
    101608,
    101600,
    101588,
    101588
  ],
  "meminfo.SUnreclaim": [
    36292,
    36568,
    36712,
    36724,
    36744,
    36752,
    36652,
    36668,
    36680,
    36692,
    36652,
    36664
  ],
  "meminfo.KernelStack": [
    12832,
    13440,
    13584,
    13584,
    13584,
    13584,
    13584,
    13584,
    13584,
    13600,
    13600,
    13600
  ],
  "meminfo.PageTables": [
    16424,
    16804,
    17136,
    17136,
    17128,
    17136,
    17132,
    17132,
    17132,
    17132,
    17128,
    17140
  ],
  "meminfo.CommitLimit": [
    4045640,
    4045640,
    4045640,
    4045640,
    4045640,
    4045640,
    4045640,
    4045640,
    4045640,
    4045640,
    4045640,
    4045640
  ],
  "meminfo.Committed_AS": [
    40701752,
    40717508,
    40757632,
    40753652,
    40753992,
    40759968,
    40756552,
    40761036,
    40753560,
    40752488,
    40753452,
    40762512
  ],
  "meminfo.VmallocTotal": [
    34359738367,
    34359738367,
    34359738367,
    34359738367,
    34359738367,
    34359738367,
    34359738367,
    34359738367,
    34359738367,
    34359738367,
    34359738367,
    34359738367
  ],
  "meminfo.DirectMap4k": [
    37036,
    37036,
    37036,
    37036,
    37036,
    37036,
    37036,
    37036,
    37036,
    37036,
    37036,
    37036
  ],
  "meminfo.DirectMap2M": [
    1970176,
    1970176,
    1970176,
    1970176,
    1970176,
    1970176,
    1970176,
    1970176,
    1970176,
    1970176,
    1970176,
    1970176
  ],
  "meminfo.DirectMap1G": [
    7340032,
    7340032,
    7340032,
    7340032,
    7340032,
    7340032,
    7340032,
    7340032,
    7340032,
    7340032,
    7340032,
    7340032
  ]
}