{
  "proc-vmstat.time": [
    1480661594.9531357,
    1480661595.9568334,
    1480661596.9642837,
    1480661597.9719272,
    1480661598.9799042,
    1480661599.9877815,
    1480661600.9958422,
    1480661602.0029938,
    1480661603.0111766,
    1480661604.019128,
    1480661605.0301385,
    1480661606.039939
  ],
  "proc-vmstat.nr_free_pages": [
    1200496,
    1199418,
    1198463,
    1198422,
    1198347,
    1198302,
    1198277,
    1198345,
    1198230,
    1198310,
    1198302,
    1198391
  ],
  "proc-vmstat.nr_alloc_batch": [
    184,
    75,
    667,
    6,
    580,
    0,
    103,
    108,
    179,
    619,
    396,
    452
  ],
  "proc-vmstat.nr_inactive_anon": [
    44281,
    44281,
    44281,
    44281,
    44281,
    44281,
    44281,
    44281,
    44281,
    44281,
    44281,
    44281
  ],
  "proc-vmstat.nr_active_anon": [
    92313,
    93128,
    93662,
    93680,
    93705,
    93716,
    93745,
    93760,
    93783,
    93764,
    93853,
    93792
  ],
  "proc-vmstat.nr_inactive_file": [
    304686,
    304645,
    304599,
    304599,
    304599,
    304599,
    304599,
    304599,
    304599,
    304599,
    304599,
    304599
  ],
  "proc-vmstat.nr_active_file": [
    332587,
    332662,
    332712,
    332714,
    332714,
    332714,
    332717,
    332717,
    332719,
    332719,
    332719,
    332721
  ],
  "proc-vmstat.nr_anon_pages": [
    90278,
    91161,
    91695,
    91713,
    91741,
    91757,
    91735,
    91793,
    91816,
    91797,
    91895,
    91829
  ],
  "proc-vmstat.nr_mapped": [
    85345,
    85704,
    85981,
    85991,
    85981,
    85981,
    85979,
    85979,
    85979,
    85979,
    85979,
    86046
  ],
  "proc-vmstat.nr_file_pages": [
    683517,
    683551,
    683555,
    683557,
    683557,
    683557,
    683560,
    683560,
    683562,
    683562,
    683562,
    683564
  ],
  "proc-vmstat.nr_dirty": [
    47,
    90,
    48,
    51,
    51,
    115,
    117,
    67,
    69,
    69,
    69,
    73
  ],
  "proc-vmstat.nr_slab_reclaimable": [
    25416,
    25419,
    25417,
    25417,
    25417,
    25409,
    25404,
    25404,
    25402,
    25400,
    25397,
    25397
  ],
  "proc-vmstat.nr_slab_unreclaimable": [
    9073,
    9142,
    9178,
    9181,
    9186,
    9188,
    9163,
    9167,
    9170,
    9173,
    9163,
    9166
  ],
  "proc-vmstat.nr_page_table_pages": [
    4051,
    4201,
    4284,
    4284,
    4282,
    4284,
    4283,
    4283,
    4283,
    4283,
    4282,
    4285
  ],
  "proc-vmstat.nr_kernel_stack": [
    802,
    840,
    849,
    849,
    849,
    849,
    849,
    849,
    849,
    850,
    850,
    850
  ],
  "proc-vmstat.nr_shmem": [
    46248,
    46248,
    46248,
    46248,
    46248,
    46248,
    46248,
    46248,
    46248,
    46248,
    46248,
    46248
  ],
  "proc-vmstat.nr_dirtied": [
    896929,
    896973,
    896978,
    896982,
    896985,
    897050,
    897053,
    897055,
    897058,
    897061,
    897062,
    897067
  ],
  "proc-vmstat.nr_written": [
    871989,
    871990,
    872037,
    872038,
    872041,
    872042,
    872043,
    872095,
    872096,
    872099,
    872100,
    872101
  ],
  "proc-vmstat.nr_dirty_threshold": [
    363647,
    363438,
    363248,
    363240,
    363225,
    363216,
    363212,
    363225,
    363203,
    363219,
    363217,
    363235
  ],
  "proc-vmstat.nr_dirty_background_threshold": [
    90911,
    90859,
    90812,
    90810,
    90806,
    90804,
    90803,
    90806,
    90800,
    90804,
    90804,
    90808
  ],
  "proc-vmstat.pgpgin": [
    924346,
    924346,
    924346,
    924346,
    924346,
    924346,
    924346,
    924346,
    924346,
    924346,
    924346,
    924346
  ],
  "proc-vmstat.pgpgout": [
    3612080,
    3612084,
    3612184,
    3612224,
    3612236,
    3612516,
    3612520,
    3612724,
    3612756,
    3612768,
    3612848,
    3612856
  ],
  "proc-vmstat.pgalloc_dma32": [
    2706303,
    2710555,
    2711887,
    2712361,
    2712872,
    2713431,
    2713837,
    2714226,
    2714699,
    2715426,
    2715905,
    2716464
  ],
  "proc-vmstat.pgalloc_normal": [
    5474475,
    5482554,
    5485115,
    5486046,
    5487368,
    5488256,
    5489293,
    5490378,
    5491331,
    5492424,
    5493732,
    5494628
  ],
  "proc-vmstat.pgfree": [
    9382234,
    9393107,
    9396454,
    9397821,
    9399639,
    9401133,
    9402510,
    9403979,
    9405383,
    9407166,
    9408891,
    9410361
  ],
  "proc-vmstat.pgactivate": [
    576502,
    576522,
    576567,
    576568,
    576570,
    576571,
    576572,
    576573,
    576574,
    576576,
    576577,
    576578
  ],
  "proc-vmstat.pgfault": [
    10452917,
    10467910,
    10479203,
    10480892,
    10483331,
    10485060,
    10486804,
    10488572,
    10490286,
    10492732,
    10494883,
    10496630
  ],
  "proc-vmstat.pgmajfault": [
    5385,
    5385,
    5385,
    5385,
    5385,
    5385,
    5385,
    5385,
    5385,
    5385,
    5385,
    5385
  ],
  "proc-vmstat.pageoutrun": [
    1,
    1,
    1,
    1,
    1,
    1,
    1,
    1,
    1,
    1,
    1,
    1
  ],
  "proc-vmstat.pgrotated": [
    5,
    5,
    5,
    5,
    5,
    5,
    5,
    5,
    5,
    5,
    5,
    5
  ]
}