{
  "softirqs.time": [
    1480661594.9762545,
    1480661606.47908
  ],
  "softirqs.CPU0.HI": [
    54,
    54
  ],
  "softirqs.CPU1.HI": [
    4,
    4
  ],
  "softirqs.CPU2.HI": [
    4,
    4
  ],
  "softirqs.CPU3.HI": [
    9,
    9
  ],
  "softirqs.HI": [
    71,
    71
  ],
  "softirqs.CPU0.TIMER": [
    2014907,
    2017746
  ],
  "softirqs.CPU1.TIMER": [
    1744357,
    1746395
  ],
  "softirqs.CPU2.TIMER": [
    1118676,
    1120134
  ],
  "softirqs.CPU3.TIMER": [
    1069298,
    1070470
  ],
  "softirqs.TIMER": [
    5947238,
    5954745
  ],
  "softirqs.CPU0.NET_TX": [
    1243,
    1244
  ],
  "softirqs.CPU1.NET_TX": [
    3,
    3
  ],
  "softirqs.CPU2.NET_TX": [
    10,
    10
  ],
  "softirqs.CPU3.NET_TX": [
    307,
    307
  ],
  "softirqs.NET_TX": [
    1563,
    1564
  ],
  "softirqs.CPU0.NET_RX": [
    881017,
    881204
  ],
  "softirqs.CPU1.NET_RX": [
    106,
    119
  ],
  "softirqs.CPU2.NET_RX": [
    487,
    506
  ],
  "softirqs.CPU3.NET_RX": [
    152,
    157
  ],
  "softirqs.NET_RX": [
    881762,
    881986
  ],
  "softirqs.CPU0.BLOCK": [
    54738,
    54829
  ],
  "softirqs.CPU1.BLOCK": [
    2587,
    2587
  ],
  "softirqs.CPU2.BLOCK": [
    14806,
    14806
  ],
  "softirqs.CPU3.BLOCK": [
    2271,
    2271
  ],
  "softirqs.BLOCK": [
    74402,
    74493
  ],
  "softirqs.CPU0.BLOCK_IOPOLL": [
    6,
    6
  ],
  "softirqs.CPU2.BLOCK_IOPOLL": [
    1,
    1
  ],
  "softirqs.CPU3.BLOCK_IOPOLL": [
    5,
    5
  ],
  "softirqs.BLOCK_IOPOLL": [
    12,
    12
  ],
  "softirqs.CPU0.TASKLET": [
    2540,
    2540
  ],
  "softirqs.CPU1.TASKLET": [
    57,
    57
  ],
  "softirqs.CPU2.TASKLET": [
    57,
    57
  ],
  "softirqs.CPU3.TASKLET": [
    56,
    56
  ],
  "softirqs.TASKLET": [
    2710,
    2710
  ],
  "softirqs.CPU0.SCHED": [
    961669,
    962841
  ],
  "softirqs.CPU1.SCHED": [
    761774,
    762695
  ],
  "softirqs.CPU2.SCHED": [
    539566,
    540186
  ],
  "softirqs.CPU3.SCHED": [
    499664,
    500175
  ],
  "softirqs.SCHED": [
    2762673,
    2765897
  ],
  "softirqs.CPU0.RCU": [
    1329812,
    1331657
  ],
  "softirqs.CPU1.RCU": [
    1119405,
    1120782
  ],
  "softirqs.CPU2.RCU": [
    772370,
    773418
  ],
  "softirqs.CPU3.RCU": [
    727523,
    728479
  ],
  "softirqs.RCU": [
    3949110,
    3954336
  ]
}