{
  "ebizzy.throughput": [
    66643,
    66870,
    66754,
    66590,
    67060
  ],
  "ebizzy.throughput.per_thread.min": [
    4072,
    3973,
    3973,
    4040,
    4074
  ],
  "ebizzy.throughput.per_thread.max": [
    4392,
    4386,
    4319,
    4426,
    4409
  ],
  "ebizzy.throughput.per_thread.stddev_percent": [
    0.14039456075709464,
    0.19834621728322982,
    0.12340606603470126,
    0.16405548461291364,
    0.1450561578735119
  ],
  "ebizzy.time.real": [
    5.0,
    5.0,
    5.0,
    5.0,
    5.0
  ],
  "ebizzy.time.user": [
    9.46,
    9.64,
    9.52,
    9.54,
    9.45
  ],
  "ebizzy.time.sys": [
    30.43,
    30.25,
    30.37,
    30.35,
    30.42
  ]
}