{
  "interrupts.time": [
    1478102969.1576586,
    1478102995.1612148
  ],
  "interrupts.CPU0.0:IO-APIC.2-edge.timer": [
    37,
    37
  ],
  "interrupts.0:IO-APIC.2-edge.timer": [
    37,
    37
  ],
  "interrupts.CPU4.1:IO-APIC.1-edge.i8042": [
    2,
    2
  ],
  "interrupts.1:IO-APIC.1-edge.i8042": [
    2,
    2
  ],
  "interrupts.CPU0.8:IO-APIC.8-edge.rtc0": [
    1,
    1
  ],
  "interrupts.8:IO-APIC.8-edge.rtc0": [
    1,
    1
  ],
  "interrupts.CPU0.9:IO-APIC.9-fasteoi.acpi": [
    1,
    1
  ],
  "interrupts.CPU3.9:IO-APIC.9-fasteoi.acpi": [
    2,
    2
  ],
  "interrupts.9:IO-APIC.9-fasteoi.acpi": [
    3,
    3
  ],
  "interrupts.CPU0.12:IO-APIC.12-edge.i8042": [
    1,
    1
  ],
  "interrupts.CPU3.12:IO-APIC.12-edge.i8042": [
    1,
    1
  ],
  "interrupts.CPU4.12:IO-APIC.12-edge.i8042": [
    1,
    1
  ],
  "interrupts.CPU7.12:IO-APIC.12-edge.i8042": [
    1,
    1
  ],
  "interrupts.12:IO-APIC.12-edge.i8042": [
    4,
    4
  ],
  "interrupts.CPU0.120:PCI-MSI.376832-edge.0000:00:17.0": [
    30238,
    30501
  ],
  "interrupts.CPU1.120:PCI-MSI.376832-edge.0000:00:17.0": [
    3965,
    3965
  ],
  "interrupts.CPU2.120:PCI-MSI.376832-edge.0000:00:17.0": [
    1840,
    1840
  ],
  "interrupts.CPU3.120:PCI-MSI.376832-edge.0000:00:17.0": [
    2040,
    2041
  ],
  "interrupts.CPU4.120:PCI-MSI.376832-edge.0000:00:17.0": [
    10074,
    10074
  ],
  "interrupts.CPU5.120:PCI-MSI.376832-edge.0000:00:17.0": [
    3608,
    3608
  ],
  "interrupts.CPU6.120:PCI-MSI.376832-edge.0000:00:17.0": [
    3205,
    3205
  ],
  "interrupts.CPU7.120:PCI-MSI.376832-edge.0000:00:17.0": [
    2343,
    2343
  ],
  "interrupts.120:PCI-MSI.376832-edge.0000:00:17.0": [
    57313,
    57577
  ],
  "interrupts.CPU0.121:PCI-MSI.327680-edge.xhci_hcd": [
    70,
    70
  ],
  "interrupts.CPU1.121:PCI-MSI.327680-edge.xhci_hcd": [
    16,
    16
  ],
  "interrupts.CPU2.121:PCI-MSI.327680-edge.xhci_hcd": [
    1,
    1
  ],
  "interrupts.CPU3.121:PCI-MSI.327680-edge.xhci_hcd": [
    6,
    6
  ],
  "interrupts.CPU4.121:PCI-MSI.327680-edge.xhci_hcd": [
    11,
    11
  ],
  "interrupts.CPU5.121:PCI-MSI.327680-edge.xhci_hcd": [
    6,
    6
  ],
  "interrupts.CPU6.121:PCI-MSI.327680-edge.xhci_hcd": [
    3,
    3
  ],
  "interrupts.CPU7.121:PCI-MSI.327680-edge.xhci_hcd": [
    7,
    7
  ],
  "interrupts.121:PCI-MSI.327680-edge.xhci_hcd": [
    120,
    120
  ],
  "interrupts.CPU0.122:PCI-MSI.32768-edge.i915": [
    1672,
    1672
  ],
  "interrupts.CPU1.122:PCI-MSI.32768-edge.i915": [
    387,
    387
  ],
  "interrupts.CPU2.122:PCI-MSI.32768-edge.i915": [
    246,
    246
  ],
  "interrupts.CPU3.122:PCI-MSI.32768-edge.i915": [
    206,
    206
  ],
  "interrupts.CPU4.122:PCI-MSI.32768-edge.i915": [
    709,
    709
  ],
  "interrupts.CPU5.122:PCI-MSI.32768-edge.i915": [
    377,
    377
  ],
  "interrupts.CPU6.122:PCI-MSI.32768-edge.i915": [
    283,
    283
  ],
  "interrupts.CPU7.122:PCI-MSI.32768-edge.i915": [
    175,
    175
  ],
  "interrupts.122:PCI-MSI.32768-edge.i915": [
    4055,
    4055
  ],
  "interrupts.CPU0.123:PCI-MSI.2097152-edge.eth0": [
    14029,
    14048
  ],
  "interrupts.CPU1.123:PCI-MSI.2097152-edge.eth0": [
    592,
    598
  ],
  "interrupts.CPU2.123:PCI-MSI.2097152-edge.eth0": [
    780,
    780
  ],
  "interrupts.CPU3.123:PCI-MSI.2097152-edge.eth0": [
    696,
    699
  ],
  "interrupts.CPU4.123:PCI-MSI.2097152-edge.eth0": [
    6300,
    6300
  ],
  "interrupts.CPU5.123:PCI-MSI.2097152-edge.eth0": [
    948,
    957
  ],
  "interrupts.CPU6.123:PCI-MSI.2097152-edge.eth0": [
    1189,
    1196
  ],
  "interrupts.CPU7.123:PCI-MSI.2097152-edge.eth0": [
    951,
    958
  ],
  "interrupts.123:PCI-MSI.2097152-edge.eth0": [
    25485,
    25536
  ],
  "interrupts.CPU0.124:PCI-MSI.514048-edge.snd_hda_intel": [
    43,
    43
  ],
  "interrupts.CPU1.124:PCI-MSI.514048-edge.snd_hda_intel": [
    2,
    2
  ],
  "interrupts.CPU2.124:PCI-MSI.514048-edge.snd_hda_intel": [
    48,
    48
  ],
  "interrupts.CPU4.124:PCI-MSI.514048-edge.snd_hda_intel": [
    292,
    292
  ],
  "interrupts.CPU5.124:PCI-MSI.514048-edge.snd_hda_intel": [
    119,
    119
  ],
  "interrupts.124:PCI-MSI.514048-edge.snd_hda_intel": [
    504,
    504
  ],
  "interrupts.CPU0.NMI:Non-maskable_interrupts": [
    4,
    7
  ],
  "interrupts.CPU1.NMI:Non-maskable_interrupts": [
    4,
    6
  ],
  "interrupts.CPU2.NMI:Non-maskable_interrupts": [
    4,
    6
  ],
  "interrupts.CPU3.NMI:Non-maskable_interrupts": [
    4,
    6
  ],
  "interrupts.CPU4.NMI:Non-maskable_interrupts": [
    4,
    6
  ],
  "interrupts.CPU5.NMI:Non-maskable_interrupts": [
    4,
    6
  ],
  "interrupts.CPU6.NMI:Non-maskable_interrupts": [
    3,
    6
  ],
  "interrupts.CPU7.NMI:Non-maskable_interrupts": [
    4,
    6
  ],
  "interrupts.NMI:Non-maskable_interrupts": [
    31,
    49
  ],
  "interrupts.CPU0.LOC:Local_timer_interrupts": [
    514267,
    539482
  ],
  "interrupts.CPU1.LOC:Local_timer_interrupts": [
    411777,
    437141
  ],
  "interrupts.CPU2.LOC:Local_timer_interrupts": [
    422939,
    448053
  ],
  "interrupts.CPU3.LOC:Local_timer_interrupts": [
    391763,
    417134
  ],
  "interrupts.CPU4.LOC:Local_timer_interrupts": [
    246164,
    271603
  ],
  "interrupts.CPU5.LOC:Local_timer_interrupts": [
    228668,
    253754
  ],
  "interrupts.CPU6.LOC:Local_timer_interrupts": [
    222993,
    248081
  ],
  "interrupts.CPU7.LOC:Local_timer_interrupts": [
    233254,
    258376
  ],
  "interrupts.LOC:Local_timer_interrupts": [
    2671825,
    2873624
  ],
  "interrupts.CPU0.PMI:Performance_monitoring_interrupts": [
    4,
    7
  ],
  "interrupts.CPU1.PMI:Performance_monitoring_interrupts": [
    4,
    6
  ],
  "interrupts.CPU2.PMI:Performance_monitoring_interrupts": [
    4,
    6
  ],
  "interrupts.CPU3.PMI:Performance_monitoring_interrupts": [
    4,
    6
  ],
  "interrupts.CPU4.PMI:Performance_monitoring_interrupts": [
    4,
    6
  ],
  "interrupts.CPU5.PMI:Performance_monitoring_interrupts": [
    4,
    6
  ],
  "interrupts.CPU6.PMI:Performance_monitoring_interrupts": [
    3,
    6
  ],
  "interrupts.CPU7.PMI:Performance_monitoring_interrupts": [
    4,
    6
  ],
  "interrupts.PMI:Performance_monitoring_interrupts": [
    31,
    49
  ],
  "interrupts.CPU0.RTR:APIC_ICR_read_retries": [
    7,
    7
  ],
  "interrupts.RTR:APIC_ICR_read_retries": [
    7,
    7
  ],
  "interrupts.CPU0.RES:Rescheduling_interrupts": [
    3097,
    3180
  ],
  "interrupts.CPU1.RES:Rescheduling_interrupts": [
    2506,
    2544
  ],
  "interrupts.CPU2.RES:Rescheduling_interrupts": [
    2267,
    2321
  ],
  "interrupts.CPU3.RES:Rescheduling_interrupts": [
    1881,
    1959
  ],
  "interrupts.CPU4.RES:Rescheduling_interrupts": [
    1224,
    1274
  ],
  "interrupts.CPU5.RES:Rescheduling_interrupts": [
    656,
    694
  ],
  "interrupts.CPU6.RES:Rescheduling_interrupts": [
    811,
    867
  ],
  "interrupts.CPU7.RES:Rescheduling_interrupts": [
    642,
    681
  ],
  "interrupts.RES:Rescheduling_interrupts": [
    13084,
    13520
  ],
  "interrupts.CPU0.CAL:Function_call_interrupts": [
    4294952768,
    4294936831
  ],
  "interrupts.CPU1.CAL:Function_call_interrupts": [
    4294952488,
    4294936011
  ],
  "interrupts.CPU2.CAL:Function_call_interrupts": [
    4294952107,
    4294935812
  ],
  "interrupts.CPU3.CAL:Function_call_interrupts": [
    4294952662,
    4294936831
  ],
  "interrupts.CPU4.CAL:Function_call_interrupts": [
    4294952551,
    4294936496
  ],
  "interrupts.CPU5.CAL:Function_call_interrupts": [
    4294952208,
    4294935375
  ],
  "interrupts.CPU6.CAL:Function_call_interrupts": [
    4294952112,
    4294935850
  ],
  "interrupts.CPU7.CAL:Function_call_interrupts": [
    4294952912,
    4294937101
  ],
  "interrupts.CAL:Function_call_interrupts": [
    34359619808,
    34359490307
  ],
  "interrupts.CPU0.TLB:TLB_shootdowns": [
    1456575,
    2914169
  ],
  "interrupts.CPU1.TLB:TLB_shootdowns": [
    1459395,
    2917536
  ],