{
  "softirqs.time": [
    1478102969.167662,
    1478102995.1612859
  ],
  "softirqs.CPU3.HI": [
    1,
    1
  ],
  "softirqs.CPU6.HI": [
    1,
    1
  ],
  "softirqs.HI": [
    2,
    2
  ],
  "softirqs.CPU0.TIMER": [
    395671,
    420764
  ],
  "softirqs.CPU1.TIMER": [
    280701,
    305790
  ],
  "softirqs.CPU2.TIMER": [
    290001,
    315081
  ],
  "softirqs.CPU3.TIMER": [
    261019,
    286134
  ],
  "softirqs.CPU4.TIMER": [
    217211,
    242311
  ],
  "softirqs.CPU5.TIMER": [
    186991,
    212047
  ],
  "softirqs.CPU6.TIMER": [
    188728,
    213798
  ],
  "softirqs.CPU7.TIMER": [
    180178,
    205279
  ],
  "softirqs.TIMER": [
    2000500,
    2201204
  ],
  "softirqs.CPU0.NET_TX": [
    2862,
    2866
  ],
  "softirqs.NET_TX": [
    2862,
    2866
  ],
  "softirqs.CPU0.NET_RX": [
    14029,
    14048
  ],
  "softirqs.CPU1.NET_RX": [
    592,
    598
  ],
  "softirqs.CPU2.NET_RX": [
    780,
    780
  ],
  "softirqs.CPU3.NET_RX": [
    696,
    699
  ],
  "softirqs.CPU4.NET_RX": [
    6300,
    6300
  ],
  "softirqs.CPU5.NET_RX": [
    948,
    957
  ],
  "softirqs.CPU6.NET_RX": [
    1189,
    1196
  ],
  "softirqs.CPU7.NET_RX": [
    951,
    958
  ],
  "softirqs.NET_RX": [
    25485,
    25536
  ],
  "softirqs.CPU0.BLOCK": [
    30056,
    30319
  ],
  "softirqs.CPU1.BLOCK": [
    3978,
    3978
  ],
  "softirqs.CPU2.BLOCK": [
    1856,
    1856
  ],
  "softirqs.CPU3.BLOCK": [
    2047,
    2048
  ],
  "softirqs.CPU4.BLOCK": [
    10026,
    10026
  ],
  "softirqs.CPU5.BLOCK": [
    3609,
    3609
  ],
  "softirqs.CPU6.BLOCK": [
    3207,
    3207
  ],
  "softirqs.CPU7.BLOCK": [
    2345,
    2345
  ],
  "softirqs.BLOCK": [
    57124,
    57388
  ],
  "softirqs.CPU0.TASKLET": [
    460,
    460
  ],
  "softirqs.CPU1.TASKLET": [
    10,
    10
  ],
  "softirqs.CPU2.TASKLET": [
    6,
    6
  ],
  "softirqs.CPU3.TASKLET": [
    105,
    105
  ],
  "softirqs.CPU4.TASKLET": [
    93,
    93
  ],
  "softirqs.CPU5.TASKLET": [
    2,
    2
  ],
  "softirqs.CPU6.TASKLET": [
    27,
    27
  ],
  "softirqs.CPU7.TASKLET": [
    5,
    5
  ],
  "softirqs.TASKLET": [
    708,
    708
  ],
  "softirqs.CPU0.SCHED": [
    216145,
    216441
  ],
  "softirqs.CPU1.SCHED": [
    117787,
    118068
  ],
  "softirqs.CPU2.SCHED": [
    118893,
    119188
  ],
  "softirqs.CPU3.SCHED": [
    110512,
    110814
  ],
  "softirqs.CPU4.SCHED": [
    80545,
    80852
  ],
  "softirqs.CPU5.SCHED": [
    72760,
    73037
  ],
  "softirqs.CPU6.SCHED": [
    73279,
    73573
  ],
  "softirqs.CPU7.SCHED": [
    69698,
    69978
  ],
  "softirqs.SCHED": [
    859619,
    861951
  ],
  "softirqs.CPU0.RCU": [
    232443,
    235128
  ],
  "softirqs.CPU1.RCU": [
    188566,
    191322
  ],
  "softirqs.CPU2.RCU": [
    188024,
    190712
  ],
  "softirqs.CPU3.RCU": [
    172012,
    174783
  ],
  "softirqs.CPU4.RCU": [
    146180,
    148900
  ],
  "softirqs.CPU5.RCU": [
    122110,
    124752
  ],
  "softirqs.CPU6.RCU": [
    124284,
    126878
  ],
  "softirqs.CPU7.RCU": [
    116320,
    119094
  ],
  "softirqs.RCU": [
    1289939,
    1311569
  ]
}