{
  "meminfo.time": [
    1481099470.5364614,
    1481099471.5414135
  ],
  "meminfo.MemTotal": [
    8091280,
    8091280
  ],
  "meminfo.MemFree": [
    5930760,
    5925916
  ],
  "meminfo.MemAvailable": [
    7460828,
    7456644
  ],
  "meminfo.Buffers": [
    27500,
    27508
  ],
  "meminfo.Cached": [
    1666984,
    1667516
  ],
  "meminfo.Active": [
    1293280,
    1296832
  ],
  "meminfo.Inactive": [
    714148,
    713868
  ],
  "meminfo.Active(anon)": [
    320804,
    323580
  ],
  "meminfo.Inactive(anon)": [
    113636,
    113636
  ],
  "meminfo.Active(file)": [
    972476,
    973252
  ],
  "meminfo.Inactive(file)": [
    600512,
    600232
  ],
  "meminfo.Dirty": [
    2312,
    208
  ],
  "meminfo.AnonPages": [
    312812,
    315724
  ],
  "meminfo.Mapped": [
    334028,
    333848
  ],
  "meminfo.Shmem": [
    121504,
    121504
  ],
  "meminfo.Slab": [
    100236,
    100936
  ],
  "meminfo.SReclaimable": [
    67024,
    67348
  ],
  "meminfo.SUnreclaim": [
    33212,
    33588
  ],
  "meminfo.KernelStack": [
    11968,
    12576
  ],
  "meminfo.PageTables": [
    14808,
    15428
  ],
  "meminfo.CommitLimit": [
    4045640,
    4045640
  ],
  "meminfo.Committed_AS": [
    38114944,
    38132012
  ],
  "meminfo.VmallocTotal": [
    34359738367,
    34359738367
  ],
  "meminfo.DirectMap4k": [
    32940,
    32940
  ],
  "meminfo.DirectMap2M": [
    1974272,
    1974272
  ],
  "meminfo.DirectMap1G": [
    7340032,
    7340032
  ]
}