{
  "proc-vmstat.time": [
    1481099470.5304687,
    1481099471.5347974
  ],
  "proc-vmstat.nr_free_pages": [
    1482870,
    1481526
  ],
  "proc-vmstat.nr_alloc_batch": [
    221,
    576
  ],
  "proc-vmstat.nr_inactive_anon": [
    28409,
    28409
  ],
  "proc-vmstat.nr_active_anon": [
    80041,
    80852
  ],
  "proc-vmstat.nr_inactive_file": [
    150128,
    150058
  ],
  "proc-vmstat.nr_active_file": [
    243119,
    243313
  ],
  "proc-vmstat.nr_anon_pages": [
    78080,
    78925
  ],
  "proc-vmstat.nr_mapped": [
    83571,
    83462
  ],
  "proc-vmstat.nr_file_pages": [
    423621,
    423756
  ],
  "proc-vmstat.nr_dirty": [
    578,
    52
  ],
  "proc-vmstat.nr_slab_reclaimable": [
    16756,
    16837
  ],
  "proc-vmstat.nr_slab_unreclaimable": [
    8303,
    8397
  ],
  "proc-vmstat.nr_page_table_pages": [
    3757,
    3857
  ],
  "proc-vmstat.nr_kernel_stack": [
    748,
    786
  ],
  "proc-vmstat.nr_shmem": [
    30376,
    30376
  ],
  "proc-vmstat.nr_dirtied": [
    297454,
    297507
  ],
  "proc-vmstat.nr_written": [
    282727,
    283306
  ],
  "proc-vmstat.nr_dirty_threshold": [
    371317,
    371073
  ],
  "proc-vmstat.nr_dirty_background_threshold": [
    92829,
    92768
  ],
  "proc-vmstat.pgpgin": [
    669062,
    669322
  ],
  "proc-vmstat.pgpgout": [
    1154504,
    1156780
  ],
  "proc-vmstat.pgalloc_dma32": [
    661137,
    665453
  ],
  "proc-vmstat.pgalloc_normal": [
    1326719,
    1334942
  ],
  "proc-vmstat.pgfree": [
    3471619,
    3482658
  ],
  "proc-vmstat.pgactivate": [
    213293,
    213308
  ],
  "proc-vmstat.pgfault": [
    1949654,
    1964630
  ],
  "proc-vmstat.pgmajfault": [
    4787,
    4793
  ],
  "proc-vmstat.pageoutrun": [
    1,
    1
  ],
  "proc-vmstat.pgrotated": [
    5,
    5
  ]
}