{
  "proc-vmstat.time": [
    1482157536.586135,
    1482157537.600577,
    1482157538.6396224,
    1482157539.6775646,
    1482157540.7097223,
    1482157541.7375805,
    1482157542.7597623,
    1482157543.7826064,
    1482157544.8055618,
    1482157545.8435977,
    1482157546.871625,
    1482157547.8935785,
    1482157548.9087517,
    1482157549.930561,
    1482157550.9686189,
    1482157551.9976046,
    1482157553.0295644,
    1482157554.0476341,
    1482157555.0826564,
    1482157556.1086204,
    1482157557.1317399,
    1482157558.1666987,
    1482157559.1910915,
    1482157560.233574,
    1482157561.272597,
    1482157562.29954
  ],
  "proc-vmstat.nr_free_pages": [
    3610172,
    3605504,
    3605440,
    3605508,
    3605346,
    3605564,
    3605474,
    3605396,
    3605378,
    3605519,
    3605394,
    3605631,
    3605383,
    3605475,
    3605538,
    3605510,
    3605389,
    3605510,
    3605507,
    3605507,
    3605570,
    3605511,
    3605439,
    3605438,
    3605435,
    3605449
  ],
  "proc-vmstat.nr_alloc_batch": [
    472,
    454,
    201,
    673,
    353,
    897,
    649,
    157,
    1000,
    801,
    317,
    459,
    912,
    65,
    89,
    348,
    833,
    269,
    132,
    31,
    248,
    963,
    454,
    944,
    979,
    835
  ],
  "proc-vmstat.nr_inactive_anon": [
    21851,
    21851,
    21851,
    21851,
    21851,
    21851,
    21851,
    21851,
    21851,
    21851,
    21851,
    21851,
    21851,
    21851,
    21851,
    21851,
    21851,
    21851,
    21851,
    21851,
    21851,
    21851,
    21851,
    21851,
    21851,
    21851
  ],
  "proc-vmstat.nr_active_anon": [
    43357,
    47186,
    47115,
    47303,
    47149,
    47312,
    47118,
    47050,
    47270,
    47330,
    47285,
    47366,
    47066,
    47051,
    46992,
    47276,
    46908,
    47209,
    47329,
    47138,
    47184,
    47304,
    47298,
    47134,
    47280,
    47252
  ],
  "proc-vmstat.nr_inactive_file": [
    128981,
    128793,
    128816,
    128816,
    128816,
    128816,
    128816,
    128813,
    128813,
    128813,
    128813,
    128813,
    128813,
    128813,
    128813,
    128813,
    128813,
    128813,
    128813,
    128813,
    128813,
    128813,
    128813,
    128813,
    128813,
    128813
  ],
  "proc-vmstat.nr_active_file": [
    240096,
    240515,
    240520,
    240520,
    240520,
    240524,
    240524,
    240528,
    240528,
    240528,
    240530,
    240530,
    240530,
    240530,
    240530,
    240532,
    240532,
    240532,
    240532,
    240532,
    240534,
    240534,
    240534,
    240534,
    240534,
    240536
  ],
  "proc-vmstat.nr_anon_pages": [
    42697,
    46597,
    46559,
    46629,
    46369,
    46412,
    46279,
    46419,
    46573,
    46666,
    46652,
    46545,
    46236,
    46444,
    46252,
    46456,
    46044,
    46463,
    46695,
    46269,
    46451,
    46629,
    46415,
    46458,
    46460,
    46569
  ],
  "proc-vmstat.nr_mapped": [
    64039,
    63980,
    63891,
    63891,
    63891,
    63891,
    63891,
    63891,
    63891,
    63891,
    63891,
    63891,
    63891,
    63891,
    63891,
    63891,
    63893,
    63893,
    63893,
    63893,
    63893,
    63891,
    63891,
    63891,
    63891,
    63891
  ],
  "proc-vmstat.nr_file_pages": [
    391654,
    391832,
    391860,
    391860,
    391860,
    391864,
    391864,
    391865,
    391865,
    391865,
    391867,
    391867,
    391867,
    391867,
    391867,
    391869,
    391869,
    391869,
    391869,
    391869,
    391871,
    391871,
    391871,
    391871,
    391871,
    391873
  ],
  "proc-vmstat.nr_dirty": [
    591,
    101,
    48,
    49,
    146,
    177,
    177,
    131,
    133,
    133,
    136,
    3,
    4,
    4,
    4,
    9,
    8,
    9,
    9,
    9,
    9,
    3,
    4,
    4,
    4,
    8
  ],
  "proc-vmstat.nr_writeback": [
    0,
    0,
    0,
    0,
    0,
    0,
    0,
    0,
    0,
    0,
    1,
    0,
    0,
    0,
    0,
    0,
    0,
    0,
    0,
    0,
    0,
    0,
    0,
    0,
    0,
    0
  ],
  "proc-vmstat.nr_slab_reclaimable": [
    16700,
    16789,
    16794,
    16788,
    16785,
    16789,
    16789,
    16787,
    16782,
    16782,
    16782,
    16773,
    16772,
    16772,
    16772,
    16769,
    16769,
    16769,
    16769,
    16763,
    16763,
    16763,
    16762,
    16758,
    16757,
    16757
  ],
  "proc-vmstat.nr_slab_unreclaimable": [
    7434,
    7529,
    7548,
    7548,
    7515,
    7515,
    7515,
    7531,
    7497,
    7498,
    7498,
    7482,
    7482,
    7482,
    7481,
    7458,
    7460,
    7460,
    7460,
    7440,
    7442,
    7443,
    7443,
    7417,
    7417,
    7417
  ],
  "proc-vmstat.nr_page_table_pages": [
    2480,
    2661,
    2724,
    2724,
    2724,
    2723,
    2723,
    2722,
    2722,
    2723,
    2721,
    2723,
    2724,
    2725,
    2724,
    2724,
    2722,
    2723,
    2724,
    2723,
    2723,
    2721,
    2723,
    2724,
    2723,
    2723
  ],
  "proc-vmstat.nr_kernel_stack": [
    620,
    658,
    677,
    677,
    677,
    677,
    677,
    677,
    677,
    677,
    678,
    677,
    677,
    677,
    677,
    677,
    677,
    677,
    677,
    677,
    677,
    677,
    677,
    678,
    678,
    677
  ],
  "proc-vmstat.nr_shmem": [
    22527,
    22527,
    22527,
    22527,
    22527,
    22527,
    22527,
    22527,
    22527,
    22527,
    22527,
    22527,
    22527,
    22527,
    22527,
    22527,
    22527,
    22527,
    22527,
    22527,
    22527,
    22527,
    22527,
    22527,
    22527,
    22527
  ],
  "proc-vmstat.nr_dirtied": [
    246937,
    246988,
    246993,
    246995,
    247093,
    247125,
    247126,
    247130,
    247133,
    247134,
    247139,
    247143,
    247145,
    247146,
    247147,
    247153,
    247157,
    247159,
    247160,
    247161,
    247162,
    247166,
    247168,
    247169,
    247169,
    247175
  ],
  "proc-vmstat.nr_written": [
    245259,
    245825,
    245856,
    245857,
    245858,
    245859,
    245860,
    245910,
    245911,
    245912,
    245913,
    246051,
    246052,
    246053,
    246054,
    246055,
    246060,
    246061,
    246062,
    246063,
    246064,
    246074,
    246075,
    246076,
    246077,
    246078
  ],
  "proc-vmstat.nr_dirty_threshold": [
    789880,
    788992,
    788985,
    788999,
    788966,
    789011,
    788993,
    788977,
    788974,
    789002,
    788977,
    789025,
    788975,
    788994,
    789006,
    789001,
    788977,
    789001,
    789000,
    789000,
    789013,
    789002,
    788987,
    788987,
    788986,
    788990
  ],
  "proc-vmstat.nr_dirty_background_threshold": [
    197470,
    197248,
    197246,
    197249,
    197241,
    197252,
    197248,
    197244,
    197243,
    197250,
    197244,
    197256,
    197243,
    197248,
    197251,
    197250,
    197244,
    197250,
    197250,
    197250,
    197253,
    197250,
    197246,
    197246,
    197246,
    197247
  ],
  "proc-vmstat.pgpgin": [
    692599,
    692739,
    692739,
    692739,
    692743,
    692743,
    692743,
    692743,
    692743,
    692743,
    692743,
    692743,
    692743,
    692743,
    692743,
    692743,
    692743,
    692743,
    692743,
    692743,
    692743,
    692743,
    692743,
    692743,
    692743,
    692743
  ],
  "proc-vmstat.pgpgout": [
    1018012,
    1020352,
    1020356,
    1020392,
    1020920,
    1020924,
    1021120,
    1021124,
    1021164,
    1021236,
    1021240,
    1021772,
    1021804,
    1021808,
    1021840,
    1021860,
    1021864,
    1021900,
    1021904,
    1021936,
    1021960,
    1021964,
    1022000,
    1022004,
    1022036,
    1022060
  ],
  "proc-vmstat.pgalloc_dma": [
    1,
    1,
    1,
    1,
    1,
    1,
    1,
    1,
    1,
    1,
    1,
    1,
    1,
    1,
    1,
    1,
    1,
    1,
    1,
    1,
    1,
    1,
    1,
    1,
    1,
    1
  ],