{
  "softirqs.time": [
    1482157536.637655,
    1482157562.560684
  ],
  "softirqs.CPU2.HI": [
    1,
    1
  ],
  "softirqs.CPU3.HI": [
    1,
    1
  ],
  "softirqs.HI": [
    2,
    2
  ],
  "softirqs.CPU0.TIMER": [
    72164,
    97275
  ],
  "softirqs.CPU1.TIMER": [
    70446,
    95518
  ],
  "softirqs.CPU2.TIMER": [
    70769,
    95893
  ],
  "softirqs.CPU3.TIMER": [
    95836,
    120918
  ],
  "softirqs.CPU4.TIMER": [
    50218,
    75314
  ],
  "softirqs.CPU5.TIMER": [
    62249,
    87325
  ],
  "softirqs.CPU6.TIMER": [
    38086,
    63200
  ],
  "softirqs.CPU7.TIMER": [
    35480,
    60552
  ],
  "softirqs.TIMER": [
    495248,
    695995
  ],
  "softirqs.CPU4.NET_TX": [
    744,
    749
  ],
  "softirqs.NET_TX": [
    744,
    749
  ],
  "softirqs.CPU0.NET_RX": [
    89179,
    89190
  ],
  "softirqs.CPU1.NET_RX": [
    12779,
    12785
  ],
  "softirqs.CPU2.NET_RX": [
    17724,
    17730
  ],
  "softirqs.CPU3.NET_RX": [
    7034,
    7035
  ],
  "softirqs.CPU4.NET_RX": [
    385995,
    386005
  ],
  "softirqs.CPU5.NET_RX": [
    58190,
    58193
  ],
  "softirqs.CPU6.NET_RX": [
    25546,
    25550
  ],
  "softirqs.CPU7.NET_RX": [
    32614,
    32615
  ],
  "softirqs.NET_RX": [
    629061,
    629103
  ],
  "softirqs.CPU0.BLOCK": [
    17102,
    17299
  ],
  "softirqs.CPU1.BLOCK": [
    1992,
    1992
  ],
  "softirqs.CPU2.BLOCK": [
    1758,
    1758
  ],
  "softirqs.CPU3.BLOCK": [
    804,
    804
  ],
  "softirqs.CPU4.BLOCK": [
    8794,
    8800
  ],
  "softirqs.CPU5.BLOCK": [
    2900,
    2901
  ],
  "softirqs.CPU6.BLOCK": [
    2172,
    2172
  ],
  "softirqs.CPU7.BLOCK": [
    1289,
    1291
  ],
  "softirqs.BLOCK": [
    36811,
    37017
  ],
  "softirqs.CPU0.TASKLET": [
    37,
    37
  ],
  "softirqs.CPU1.TASKLET": [
    2,
    2
  ],
  "softirqs.CPU2.TASKLET": [
    109,
    109
  ],
  "softirqs.CPU3.TASKLET": [
    27,
    27
  ],
  "softirqs.CPU4.TASKLET": [
    1,
    1
  ],
  "softirqs.CPU6.TASKLET": [
    3,
    3
  ],
  "softirqs.CPU7.TASKLET": [
    10,
    10
  ],
  "softirqs.TASKLET": [
    189,
    189
  ],
  "softirqs.CPU0.SCHED": [
    31878,
    32187
  ],
  "softirqs.CPU1.SCHED": [
    28208,
    28492
  ],
  "softirqs.CPU2.SCHED": [
    30061,
    30373
  ],
  "softirqs.CPU3.SCHED": [
    35751,
    36036
  ],
  "softirqs.CPU4.SCHED": [
    22140,
    22432
  ],
  "softirqs.CPU5.SCHED": [
    23524,
    23818
  ],
  "softirqs.CPU6.SCHED": [
    15097,
    15390
  ],
  "softirqs.CPU7.SCHED": [
    14421,
    14705
  ],
  "softirqs.SCHED": [
    201080,
    203433
  ],
  "softirqs.CPU0.RCU": [
    53832,
    56363
  ],
  "softirqs.CPU1.RCU": [
    52677,
    55258
  ],
  "softirqs.CPU2.RCU": [
    51014,
    53639
  ],
  "softirqs.CPU3.RCU": [
    67205,
    69743
  ],
  "softirqs.CPU4.RCU": [
    34615,
    37118
  ],
  "softirqs.CPU5.RCU": [
    45602,
    48210
  ],
  "softirqs.CPU6.RCU": [
    26872,
    29415
  ],
  "softirqs.CPU7.RCU": [
    26024,
    28567
  ],
  "softirqs.RCU": [
    357841,
    378313
  ]
}