{
  "ebizzy.throughput": [
    67236,
    66772,
    67207,
    67270,
    67163
  ],
  "ebizzy.throughput.per_thread.min": [
    4126,
    3902,
    4002,
    4024,
    4014
  ],
  "ebizzy.throughput.per_thread.max": [
    4303,
    4803,
    4797,
    4404,
    4499
  ],
  "ebizzy.throughput.per_thread.stddev_percent": [
    0.06689995731834401,
    0.3780732617010984,
    0.3016594154895719,
    0.1251251665222151,
    0.21971381759046704
  ],
  "ebizzy.time.real": [
    5.0,
    5.0,
    5.0,
    5.0,
    5.0
  ],
  "ebizzy.time.user": [
    9.35,
    9.36,
    9.27,
    9.38,
    9.53
  ],
  "ebizzy.time.sys": [
    30.56,
    30.55,
    30.61,
    30.5,
    30.36
  ]
}