{
  "interrupts.time": [
    1478275127.7524197,
    1478275153.756626
  ],
  "interrupts.CPU0.0:IO-APIC.2-edge.timer": [
    37,
    37
  ],
  "interrupts.0:IO-APIC.2-edge.timer": [
    37,
    37
  ],
  "interrupts.CPU4.1:IO-APIC.1-edge.i8042": [
    1,
    1
  ],
  "interrupts.CPU5.1:IO-APIC.1-edge.i8042": [
    1,
    1
  ],
  "interrupts.1:IO-APIC.1-edge.i8042": [
    2,
    2
  ],
  "interrupts.CPU0.7:IO-APIC.7-edge": [
    26,
    26
  ],
  "interrupts.7:IO-APIC.7-edge": [
    26,
    26
  ],
  "interrupts.CPU0.8:IO-APIC.8-edge.rtc0": [
    1,
    1
  ],
  "interrupts.8:IO-APIC.8-edge.rtc0": [
    1,
    1
  ],
  "interrupts.CPU4.9:IO-APIC.9-fasteoi.acpi": [
    3,
    3
  ],
  "interrupts.9:IO-APIC.9-fasteoi.acpi": [
    3,
    3
  ],
  "interrupts.CPU0.12:IO-APIC.12-edge.i8042": [
    1,
    1
  ],
  "interrupts.CPU1.12:IO-APIC.12-edge.i8042": [
    1,
    1
  ],
  "interrupts.CPU5.12:IO-APIC.12-edge.i8042": [
    1,
    1
  ],
  "interrupts.CPU6.12:IO-APIC.12-edge.i8042": [
    1,
    1
  ],
  "interrupts.12:IO-APIC.12-edge.i8042": [
    4,
    4
  ],
  "interrupts.CPU0.120:PCI-MSI.376832-edge.0000:00:17.0": [
    12153,
    12306
  ],
  "interrupts.CPU1.120:PCI-MSI.376832-edge.0000:00:17.0": [
    1987,
    1987
  ],
  "interrupts.CPU2.120:PCI-MSI.376832-edge.0000:00:17.0": [
    866,
    867
  ],
  "interrupts.CPU3.120:PCI-MSI.376832-edge.0000:00:17.0": [
    771,
    771
  ],
  "interrupts.CPU4.120:PCI-MSI.376832-edge.0000:00:17.0": [
    3526,
    3530
  ],
  "interrupts.CPU5.120:PCI-MSI.376832-edge.0000:00:17.0": [
    1146,
    1146
  ],
  "interrupts.CPU6.120:PCI-MSI.376832-edge.0000:00:17.0": [
    702,
    703
  ],
  "interrupts.CPU7.120:PCI-MSI.376832-edge.0000:00:17.0": [
    609,
    610
  ],
  "interrupts.120:PCI-MSI.376832-edge.0000:00:17.0": [
    21760,
    21920
  ],
  "interrupts.CPU0.121:PCI-MSI.327680-edge.xhci_hcd": [
    99,
    99
  ],
  "interrupts.CPU1.121:PCI-MSI.327680-edge.xhci_hcd": [
    1,
    1
  ],
  "interrupts.CPU2.121:PCI-MSI.327680-edge.xhci_hcd": [
    1,
    1
  ],
  "interrupts.CPU4.121:PCI-MSI.327680-edge.xhci_hcd": [
    11,
    11
  ],
  "interrupts.CPU5.121:PCI-MSI.327680-edge.xhci_hcd": [
    17,
    17
  ],
  "interrupts.CPU6.121:PCI-MSI.327680-edge.xhci_hcd": [
    12,
    12
  ],
  "interrupts.CPU7.121:PCI-MSI.327680-edge.xhci_hcd": [
    20,
    20
  ],
  "interrupts.121:PCI-MSI.327680-edge.xhci_hcd": [
    161,
    161
  ],
  "interrupts.CPU0.122:PCI-MSI.32768-edge.i915": [
    1255,
    1261
  ],
  "interrupts.CPU1.122:PCI-MSI.32768-edge.i915": [
    430,
    430
  ],
  "interrupts.CPU2.122:PCI-MSI.32768-edge.i915": [
    299,
    299
  ],
  "interrupts.CPU3.122:PCI-MSI.32768-edge.i915": [
    147,
    147
  ],
  "interrupts.CPU4.122:PCI-MSI.32768-edge.i915": [
    662,
    662
  ],
  "interrupts.CPU5.122:PCI-MSI.32768-edge.i915": [
    225,
    225
  ],
  "interrupts.CPU6.122:PCI-MSI.32768-edge.i915": [
    169,
    169
  ],
  "interrupts.CPU7.122:PCI-MSI.32768-edge.i915": [
    131,
    131
  ],
  "interrupts.122:PCI-MSI.32768-edge.i915": [
    3318,
    3324
  ],
  "interrupts.CPU0.123:PCI-MSI.514048-edge.snd_hda_intel": [
    1,
    1
  ],
  "interrupts.CPU1.123:PCI-MSI.514048-edge.snd_hda_intel": [
    53,
    53
  ],
  "interrupts.CPU2.123:PCI-MSI.514048-edge.snd_hda_intel": [
    3,
    3
  ],
  "interrupts.CPU4.123:PCI-MSI.514048-edge.snd_hda_intel": [
    165,
    165
  ],
  "interrupts.CPU7.123:PCI-MSI.514048-edge.snd_hda_intel": [
    282,
    282
  ],
  "interrupts.123:PCI-MSI.514048-edge.snd_hda_intel": [
    504,
    504
  ],
  "interrupts.CPU0.124:PCI-MSI.2097152-edge.eth0": [
    12705,
    12722
  ],
  "interrupts.CPU1.124:PCI-MSI.2097152-edge.eth0": [
    2686,
    2689
  ],
  "interrupts.CPU2.124:PCI-MSI.2097152-edge.eth0": [
    1318,
    1321
  ],
  "interrupts.CPU3.124:PCI-MSI.2097152-edge.eth0": [
    921,
    925
  ],
  "interrupts.CPU4.124:PCI-MSI.2097152-edge.eth0": [
    8832,
    8839
  ],
  "interrupts.CPU5.124:PCI-MSI.2097152-edge.eth0": [
    1114,
    1120
  ],
  "interrupts.CPU6.124:PCI-MSI.2097152-edge.eth0": [
    1904,
    1906
  ],
  "interrupts.CPU7.124:PCI-MSI.2097152-edge.eth0": [
    1040,
    1042
  ],
  "interrupts.124:PCI-MSI.2097152-edge.eth0": [
    30520,
    30564
  ],
  "interrupts.CPU0.NMI:Non-maskable_interrupts": [
    2,
    5
  ],
  "interrupts.CPU1.NMI:Non-maskable_interrupts": [
    2,
    5
  ],
  "interrupts.CPU2.NMI:Non-maskable_interrupts": [
    2,
    5
  ],
  "interrupts.CPU3.NMI:Non-maskable_interrupts": [
    2,
    5
  ],
  "interrupts.CPU4.NMI:Non-maskable_interrupts": [
    2,
    5
  ],
  "interrupts.CPU5.NMI:Non-maskable_interrupts": [
    2,
    5
  ],
  "interrupts.CPU6.NMI:Non-maskable_interrupts": [
    2,
    5
  ],
  "interrupts.CPU7.NMI:Non-maskable_interrupts": [
    2,
    5
  ],
  "interrupts.NMI:Non-maskable_interrupts": [
    16,
    40
  ],
  "interrupts.CPU0.LOC:Local_timer_interrupts": [
    72845,
    97986
  ],
  "interrupts.CPU1.LOC:Local_timer_interrupts": [
    60507,
    85641
  ],
  "interrupts.CPU2.LOC:Local_timer_interrupts": [
    60590,
    85695
  ],
  "interrupts.CPU3.LOC:Local_timer_interrupts": [
    57559,
    83250
  ],
  "interrupts.CPU4.LOC:Local_timer_interrupts": [
    47570,
    72704
  ],
  "interrupts.CPU5.LOC:Local_timer_interrupts": [
    43783,
    68922
  ],
  "interrupts.CPU6.LOC:Local_timer_interrupts": [
    43886,
    69260
  ],
  "interrupts.CPU7.LOC:Local_timer_interrupts": [
    39828,
    64975
  ],
  "interrupts.LOC:Local_timer_interrupts": [
    426568,
    628433
  ],
  "interrupts.CPU0.PMI:Performance_monitoring_interrupts": [
    2,
    5
  ],
  "interrupts.CPU1.PMI:Performance_monitoring_interrupts": [
    2,
    5
  ],
  "interrupts.CPU2.PMI:Performance_monitoring_interrupts": [
    2,
    5
  ],
  "interrupts.CPU3.PMI:Performance_monitoring_interrupts": [
    2,
    5
  ],
  "interrupts.CPU4.PMI:Performance_monitoring_interrupts": [
    2,
    5
  ],
  "interrupts.CPU5.PMI:Performance_monitoring_interrupts": [
    2,
    5
  ],
  "interrupts.CPU6.PMI:Performance_monitoring_interrupts": [
    2,
    5
  ],
  "interrupts.CPU7.PMI:Performance_monitoring_interrupts": [
    2,
    5
  ],
  "interrupts.PMI:Performance_monitoring_interrupts": [
    16,
    40
  ],
  "interrupts.CPU0.RTR:APIC_ICR_read_retries": [
    7,
    7
  ],
  "interrupts.RTR:APIC_ICR_read_retries": [
    7,
    7
  ],
  "interrupts.CPU0.RES:Rescheduling_interrupts": [
    1764,
    1816
  ],
  "interrupts.CPU1.RES:Rescheduling_interrupts": [
    1272,
    1317
  ],
  "interrupts.CPU2.RES:Rescheduling_interrupts": [
    2073,
    2127
  ],
  "interrupts.CPU3.RES:Rescheduling_interrupts": [
    1058,
    1132
  ],
  "interrupts.CPU4.RES:Rescheduling_interrupts": [
    633,
    679
  ],
  "interrupts.CPU5.RES:Rescheduling_interrupts": [
    1659,
    1720
  ],
  "interrupts.CPU6.RES:Rescheduling_interrupts": [
    358,
    401
  ],
  "interrupts.CPU7.RES:Rescheduling_interrupts": [
    322,
    377
  ],
  "interrupts.RES:Rescheduling_interrupts": [
    9139,
    9569
  ],
  "interrupts.CPU0.CAL:Function_call_interrupts": [
    4294950843,
    4294937241
  ],
  "interrupts.CPU1.CAL:Function_call_interrupts": [
    4294950440,
    4294936632
  ],
  "interrupts.CPU2.CAL:Function_call_interrupts": [
    4294949802,
    4294935613
  ],
  "interrupts.CPU3.CAL:Function_call_interrupts": [
    4294950163,
    4294936574
  ],
  "interrupts.CPU4.CAL:Function_call_interrupts": [
    4294950657,
    4294937096
  ],
  "interrupts.CPU5.CAL:Function_call_interrupts": [
    4294950185,
    4294936268
  ],
  "interrupts.CPU6.CAL:Function_call_interrupts": [
    4294949795,
    4294935615
  ],
  "interrupts.CPU7.CAL:Function_call_interrupts": [
    4294950060,
    4294936403
  ],
  "interrupts.CAL:Function_call_interrupts": [
    34359601945,
    34359491442
  ],
  "interrupts.CPU0.TLB:TLB_shootdowns": [
    1459053,
    2925246
  ],
  "interrupts.CPU1.TLB:TLB_shootdowns": [
    1459143,
    2923879
  ],