{
  "meminfo.time": [
    1478275127.7446249,
    1478275128.7487864,
    1478275129.785679,
    1478275130.8168511,
    1478275131.8497226,
    1478275132.8757105,
    1478275133.8986783,
    1478275134.922895,
    1478275135.9516826,
    1478275136.9956706,
    1478275138.0206532,
    1478275139.0456684,
    1478275140.0666528,
    1478275141.0949311,
    1478275142.1247678,
    1478275143.1666636,
    1478275144.1908338,
    1478275145.2046854,
    1478275146.2366405,
    1478275147.268679,
    1478275148.3016505,
    1478275149.321869,
    1478275150.3508432,
    1478275151.374862,
    1478275152.3946776,
    1478275153.4366727
  ],
  "meminfo.MemTotal": [
    16317260,
    16317260,
    16317260,
    16317260,
    16317260,
    16317260,
    16317260,
    16317260,
    16317260,
    16317260,
    16317260,
    16317260,
    16317260,
    16317260,
    16317260,
    16317260,
    16317260,
    16317260,
    16317260,
    16317260,
    16317260,
    16317260,
    16317260,
    16317260,
    16317260,
    16317260
  ],
  "meminfo.MemFree": [
    15149744,
    15134396,
    15133308,
    15133288,
    15133676,
    15133148,
    15133164,
    15133280,
    15133540,
    15133544,
    15133684,
    15133708,
    15133280,
    15133560,
    15133820,
    15133296,
    15133792,
    15133272,
    15133532,
    15133648,
    15133632,
    15133364,
    15134084,
    15133480,
    15133364,
    15133836
  ],
  "meminfo.MemAvailable": [
    15860896,
    15845680,
    15844612,
    15844592,
    15844980,
    15844492,
    15844508,
    15844624,
    15844884,
    15844884,
    15845032,
    15845056,
    15844628,
    15844896,
    15845164,
    15844644,
    15845140,
    15844616,
    15844880,
    15845004,
    15844984,
    15844724,
    15845444,
    15844840,
    15844732,
    15845192
  ],
  "meminfo.Buffers": [
    26768,
    26768,
    26768,
    26768,
    26776,
    26796,
    26796,
    26796,
    26796,
    26804,
    26812,
    26812,
    26812,
    26812,
    26820,
    26828,
    26828,
    26828,
    26828,
    26836,
    26844,
    26844,
    26844,
    26852,
    26852,
    26860
  ],
  "meminfo.Cached": [
    838120,
    838024,
    838040,
    838040,
    838032,
    838040,
    838040,
    838040,
    838040,
    838040,
    838040,
    838040,
    838040,
    838040,
    838040,
    838036,
    838040,
    838040,
    838040,
    838040,
    838032,
    838040,
    838040,
    838032,
    838040,
    838032
  ],
  "meminfo.Active": [
    571596,
    584856,
    585548,
    585052,
    586184,
    585916,
    586084,
    586520,
    586480,
    585632,
    586400,
    585780,
    586880,
    585016,
    586592,
    585988,
    585940,
    585544,
    586372,
    586712,
    585916,
    586028,
    585788,
    587064,
    586904,
    586412
  ],
  "meminfo.Inactive": [
    472124,
    471876,
    471836,
    471836,
    471836,
    471836,
    471824,
    471824,
    471824,
    471824,
    471824,
    471824,
    471824,
    471824,
    471824,
    471824,
    471824,
    471824,
    471824,
    471824,
    471824,
    471824,
    471824,
    471824,
    471824,
    471824
  ],
  "meminfo.Active(anon)": [
    181640,
    194632,
    195268,
    194772,
    195904,
    195608,
    195764,
    196200,
    196160,
    195304,
    196064,
    195444,
    196544,
    194680,
    196248,
    195640,
    195588,
    195192,
    196020,
    196352,
    195556,
    195660,
    195420,
    196696,
    196528,
    196036
  ],
  "meminfo.Inactive(anon)": [
    85792,
    85792,
    85792,
    85792,
    85792,
    85792,
    85792,
    85792,
    85792,
    85792,
    85792,
    85792,
    85792,
    85792,
    85792,
    85792,
    85792,
    85792,
    85792,
    85792,
    85792,
    85792,
    85792,
    85792,
    85792,
    85792
  ],
  "meminfo.Active(file)": [
    389956,
    390224,
    390280,
    390280,
    390280,
    390308,
    390320,
    390320,
    390320,
    390328,
    390336,
    390336,
    390336,
    390336,
    390344,
    390348,
    390352,
    390352,
    390352,
    390360,
    390360,
    390368,
    390368,
    390368,
    390376,
    390376
  ],
  "meminfo.Inactive(file)": [
    386332,
    386084,
    386044,
    386044,
    386044,
    386044,
    386032,
    386032,
    386032,
    386032,
    386032,
    386032,
    386032,
    386032,
    386032,
    386032,
    386032,
    386032,
    386032,
    386032,
    386032,
    386032,
    386032,
    386032,
    386032,
    386032
  ],
  "meminfo.Dirty": [
    80,
    176,
    192,
    192,
    192,
    992,
    1000,
    1000,
    1000,
    1008,
    28,
    36,
    36,
    36,
    40,
    4,
    32,
    32,
    32,
    40,
    8,
    36,
    36,
    36,
    40,
    0
  ],
  "meminfo.Writeback": [
    5628,
    0,
    0,
    0,
    0,
    0,
    0,
    0,
    0,
    0,
    0,
    0,
    0,
    0,
    0,
    0,
    0,
    0,
    0,
    0,
    0,
    0,
    0,
    0,
    0,
    0
  ],
  "meminfo.AnonPages": [
    178744,
    192024,
    192548,
    192084,
    192816,
    193016,
    192884,
    193520,
    193112,
    192312,
    192252,
    192412,
    193980,
    192332,
    193272,
    193204,
    192640,
    192524,
    192912,
    193136,
    192952,
    192576,
    192160,
    193776,
    192948,
    192984
  ],
  "meminfo.Mapped": [
    262240,
    262164,
    262208,
    262208,
    262208,
    262208,
    262212,
    262212,
    262212,
    262212,
    262212,
    262208,
    262208,
    262208,
    262208,
    262208,
    262208,
    262208,
    262208,
    262208,
    262208,
    262208,
    262208,
    262208,
    262208,
    262208
  ],
  "meminfo.Shmem": [
    88496,
    88496,
    88496,
    88496,
    88496,
    88496,
    88496,
    88496,
    88496,
    88496,
    88496,
    88496,
    88496,
    88496,
    88496,
    88496,
    88496,
    88496,
    88496,
    88496,
    88496,
    88496,
    88496,
    88496,
    88496,
    88496
  ],
  "meminfo.Slab": [
    77984,
    78540,
    78592,
    78552,
    78552,
    78544,
    78560,
    78568,
    78568,
    78356,
    78356,
    78356,
    78352,
    78200,
    78196,
    78196,
    78232,
    78112,
    78120,
    78128,
    78136,
    78068,
    78068,
    78068,
    78064,
    77956
  ],
  "meminfo.SReclaimable": [
    46992,
    47216,
    47224,
    47224,
    47224,
    47248,
    47248,
    47248,
    47248,
    47224,
    47224,
    47224,
    47220,
    47196,
    47196,
    47196,
    47192,
    47180,
    47188,
    47188,
    47184,
    47180,
    47180,
    47180,
    47180,
    47156
  ],
  "meminfo.SUnreclaim": [
    30992,
    31324,
    31368,
    31328,
    31328,
    31296,
    31312,
    31320,
    31320,
    31132,
    31132,
    31132,
    31132,
    31004,
    31000,
    31000,
    31040,
    30932,
    30932,
    30940,
    30952,
    30888,
    30888,
    30888,
    30884,
    30800
  ],
  "meminfo.KernelStack": [
    11072,
    11680,
    11984,
    11984,
    11984,
    12000,
    11984,
    11984,
    11984,
    11984,
    11984,
    11984,
    11984,
    11984,
    11984,
    11984,
    11984,
    11984,
    11984,
    11984,
    11984,
    11984,
    11984,
    11984,
    11984,
    11984
  ],
  "meminfo.PageTables": [
    11468,
    12212,
    12456,
    12460,
    12460,
    12464,
    12460,
    12456,
    12460,
    12456,
    12460,
    12452,
    12456,
    12452,
    12452,
    12456,
    12464,
    12464,
    12464,
    12460,
    12460,
    12464,
    12464,
    12464,
    12460,
    12460
  ],
  "meminfo.CommitLimit": [
    8158628,
    8158628,
    8158628,
    8158628,
    8158628,
    8158628,
    8158628,
    8158628,
    8158628,
    8158628,
    8158628,
    8158628,
    8158628,
    8158628,
    8158628,
    8158628,
    8158628,
    8158628,
    8158628,
    8158628,
    8158628,
    8158628,
    8158628,
    8158628,
    8158628,
    8158628
  ],