{
  "proc-vmstat.time": [
    1478275127.73643,
    1478275128.7419915,
    1478275129.7856777,
    1478275130.8286788,
    1478275131.8576581,
    1478275132.8956742,
    1478275133.9256876,
    1478275134.9457996,
    1478275135.973684,
    1478275137.0056787,
    1478275138.0297174,
    1478275139.0597808,
    1478275140.0786965,
    1478275141.1088417,
    1478275142.1397452,
    1478275143.17769,
    1478275144.1968443,
    1478275145.2148647,
    1478275146.2537198,
    1478275147.294688,
    1478275148.3286948,
    1478275149.356715,
    1478275150.3818903,
    1478275151.4113898,
    1478275152.4247913,
    1478275153.4536417
  ],
  "proc-vmstat.nr_free_pages": [
    3787833,
    3783599,
    3783331,
    3783322,
    3783461,
    3783287,
    3783356,
    3783227,
    3783319,
    3783386,
    3783421,
    3783487,
    3783320,
    3783455,
    3783455,
    3783324,
    3783448,
    3783252,
    3783383,
    3783346,
    3783343,
    3783276,
    3783586,
    3783370,
    3783341,
    3783458
  ],
  "proc-vmstat.nr_alloc_batch": [
    45,
    777,
    727,
    639,
    597,
    900,
    746,
    172,
    455,
    912,
    467,
    999,
    447,
    948,
    182,
    930,
    63,
    682,
    608,
    478,
    884,
    1241,
    64,
    560,
    655,
    768
  ],
  "proc-vmstat.nr_inactive_anon": [
    21448,
    21448,
    21448,
    21448,
    21448,
    21448,
    21448,
    21448,
    21448,
    21448,
    21448,
    21448,
    21448,
    21448,
    21448,
    21448,
    21448,
    21448,
    21448,
    21448,
    21448,
    21448,
    21448,
    21448,
    21448,
    21448
  ],
  "proc-vmstat.nr_active_anon": [
    45101,
    48723,
    48687,
    48742,
    48878,
    48918,
    48909,
    48984,
    49089,
    49135,
    48838,
    48763,
    48892,
    48735,
    48916,
    49057,
    48930,
    49107,
    48973,
    48877,
    49263,
    49192,
    49034,
    48832,
    49133,
    49008
  ],
  "proc-vmstat.nr_inactive_file": [
    96583,
    96521,
    96511,
    96511,
    96511,
    96511,
    96508,
    96508,
    96508,
    96508,
    96508,
    96508,
    96508,
    96508,
    96508,
    96508,
    96508,
    96508,
    96508,
    96508,
    96508,
    96508,
    96508,
    96508,
    96508,
    96508
  ],
  "proc-vmstat.nr_active_file": [
    97489,
    97556,
    97570,
    97570,
    97570,
    97577,
    97580,
    97580,
    97580,
    97582,
    97584,
    97584,
    97584,
    97584,
    97586,
    97587,
    97588,
    97588,
    97588,
    97590,
    97590,
    97592,
    97592,
    97592,
    97594,
    97594
  ],
  "proc-vmstat.nr_anon_pages": [
    44361,
    48071,
    48056,
    48070,
    48240,
    48124,
    48124,
    48379,
    48278,
    48387,
    48145,
    48005,
    48316,
    48148,
    48237,
    48448,
    48144,
    48375,
    48196,
    48138,
    48433,
    48600,
    48333,
    48232,
    48482,
    48359
  ],
  "proc-vmstat.nr_mapped": [
    65463,
    65541,
    65552,
    65552,
    65552,
    65552,
    65553,
    65553,
    65553,
    65553,
    65553,
    65552,
    65552,
    65552,
    65552,
    65552,
    65552,
    65552,
    65552,
    65552,
    65552,
    65552,
    65552,
    65552,
    65552,
    65552
  ],
  "proc-vmstat.nr_file_pages": [
    216222,
    216198,
    216202,
    216202,
    216202,
    216209,
    216209,
    216209,
    216209,
    216211,
    216213,
    216213,
    216213,
    216213,
    216215,
    216216,
    216217,
    216217,
    216217,
    216219,
    216219,
    216221,
    216221,
    216221,
    216223,
    216223
  ],
  "proc-vmstat.nr_dirty": [
    20,
    44,
    48,
    48,
    48,
    248,
    250,
    250,
    250,
    252,
    7,
    9,
    9,
    9,
    10,
    1,
    8,
    8,
    8,
    10,
    2,
    9,
    9,
    9,
    10,
    0
  ],
  "proc-vmstat.nr_writeback": [
    1407,
    0,
    0,
    0,
    0,
    0,
    0,
    0,
    0,
    0,
    0,
    0,
    0,
    0,
    0,
    0,
    0,
    0,
    0,
    0,
    0,
    0,
    0,
    0,
    0,
    0
  ],
  "proc-vmstat.nr_slab_reclaimable": [
    11748,
    11804,
    11806,
    11806,
    11806,
    11812,
    11812,
    11812,
    11812,
    11806,
    11806,
    11806,
    11805,
    11799,
    11799,
    11799,
    11798,
    11795,
    11797,
    11797,
    11796,
    11795,
    11795,
    11795,
    11795,
    11789
  ],
  "proc-vmstat.nr_slab_unreclaimable": [
    7748,
    7831,
    7842,
    7832,
    7832,
    7824,
    7828,
    7830,
    7830,
    7783,
    7783,
    7783,
    7783,
    7751,
    7750,
    7750,
    7760,
    7733,
    7733,
    7735,
    7738,
    7722,
    7722,
    7722,
    7721,
    7700
  ],
  "proc-vmstat.nr_page_table_pages": [
    2867,
    3053,
    3114,
    3115,
    3111,
    3116,
    3115,
    3114,
    3115,
    3114,
    3115,
    3113,
    3114,
    3113,
    3113,
    3114,
    3116,
    3116,
    3116,
    3115,
    3115,
    3116,
    3116,
    3116,
    3115,
    3115
  ],
  "proc-vmstat.nr_kernel_stack": [
    692,
    730,
    749,
    749,
    754,
    750,
    749,
    749,
    749,
    749,
    749,
    749,
    749,
    749,
    749,
    749,
    749,
    749,
    749,
    749,
    749,
    749,
    749,
    749,
    749,
    749
  ],
  "proc-vmstat.nr_shmem": [
    22124,
    22124,
    22124,
    22124,
    22124,
    22124,
    22124,
    22124,
    22124,
    22124,
    22124,
    22124,
    22124,
    22124,
    22124,
    22124,
    22124,
    22124,
    22124,
    22124,
    22124,
    22124,
    22124,
    22124,
    22124,
    22124
  ],
  "proc-vmstat.nr_dirtied": [
    153272,
    153312,
    153317,
    153318,
    153319,
    153570,
    153573,
    153574,
    153575,
    153578,
    153584,
    153587,
    153588,
    153589,
    153591,
    153593,
    153601,
    153602,
    153603,
    153606,
    153607,
    153615,
    153616,
    153617,
    153619,
    153620
  ],
  "proc-vmstat.nr_written": [
    149348,
    150830,
    150831,
    150832,
    150833,
    150884,
    150885,
    150886,
    150887,
    150888,
    151139,
    151140,
    151141,
    151142,
    151143,
    151154,
    151155,
    151156,
    151157,
    151158,
    151167,
    151168,
    151169,
    151170,
    151171,
    151182
  ],
  "proc-vmstat.nr_dirty_threshold": [
    790411,
    789565,
    789512,
    789511,
    789538,
    789505,
    789519,
    789493,
    789511,
    789525,
    789533,
    789546,
    789512,
    789539,
    789540,
    789514,
    789539,
    789500,
    789526,
    789519,
    789518,
    789505,
    789567,
    789524,
    789519,
    789542
  ],
  "proc-vmstat.nr_dirty_background_threshold": [
    197602,
    197391,
    197378,
    197377,
    197384,
    197376,
    197379,
    197373,
    197377,
    197381,
    197383,
    197386,
    197378,
    197384,
    197385,
    197378,
    197384,
    197375,
    197381,
    197379,
    197379,
    197376,
    197391,
    197381,
    197379,
    197385
  ],
  "proc-vmstat.pgpgin": [
    642127,
    642127,
    642127,
    642127,
    642127,
    642131,
    642131,
    642131,
    642131,
    642131,
    642131,
    642131,
    642131,
    642131,
    642131,
    642131,
    642131,
    642131,
    642131,
    642131,
    642131,
    642131,
    642131,
    642131,
    642131,
    642131
  ],
  "proc-vmstat.pgpgout": [
    622236,
    622240,
    622244,
    622248,
    622284,
    623472,
    623476,
    623480,
    623484,
    623524,
    624536,
    624540,
    624544,
    624548,
    624588,
    624640,
    624644,
    624648,
    624652,
    624696,
    624740,
    624744,
    624748,
    624780,
    624784,
    624832
  ],
  "proc-vmstat.pgalloc_dma": [
    1,
    1,
    1,
    1,
    1,
    1,
    1,
    1,
    1,
    1,
    1,
    1,
    1,
    1,
    1,
    1,
    1,
    1,
    1,
    1,
    1,
    1,
    1,
    1,
    1,
    1
  ],