{
  "proc-vmstat.time": [
    1478790193.0639997,
    1478790194.0685942
  ],
  "proc-vmstat.nr_free_pages": [
    3769056,
    3767480
  ],
  "proc-vmstat.nr_alloc_batch": [
    945,
    590
  ],
  "proc-vmstat.nr_inactive_anon": [
    22589,
    22589
  ],
  "proc-vmstat.nr_active_anon": [
    49617,
    50589
  ],
  "proc-vmstat.nr_inactive_file": [
    89241,
    89134
  ],
  "proc-vmstat.nr_active_file": [
    117588,
    117716
  ],
  "proc-vmstat.nr_anon_pages": [
    49021,
    49936
  ],
  "proc-vmstat.nr_mapped": [
    63382,
    63526
  ],
  "proc-vmstat.nr_file_pages": [
    230092,
    230114
  ],
  "proc-vmstat.nr_dirty": [
    854,
    886
  ],
  "proc-vmstat.nr_slab_reclaimable": [
    12892,
    12902
  ],
  "proc-vmstat.nr_slab_unreclaimable": [
    7686,
    7742
  ],
  "proc-vmstat.nr_page_table_pages": [
    2614,
    2704
  ],
  "proc-vmstat.nr_kernel_stack": [
    612,
    650
  ],
  "proc-vmstat.nr_shmem": [
    23265,
    23265
  ],
  "proc-vmstat.nr_dirtied": [
    265976,
    266011
  ],
  "proc-vmstat.nr_written": [
    257506,
    257508
  ],
  "proc-vmstat.nr_dirty_threshold": [
    789207,
    788896
  ],
  "proc-vmstat.nr_dirty_background_threshold": [
    197301,
    197224
  ],
  "proc-vmstat.pgpgin": [
    647347,
    647347
  ],
  "proc-vmstat.pgpgout": [
    1101168,
    1101204
  ],
  "proc-vmstat.pgalloc_dma": [
    1,
    1
  ],
  "proc-vmstat.pgalloc_dma32": [
    420386,
    422519
  ],
  "proc-vmstat.pgalloc_normal": [
    2483722,
    2497687
  ],
  "proc-vmstat.pgfree": [
    6674956,
    6689537
  ],
  "proc-vmstat.pgactivate": [
    218467,
    218525
  ],
  "proc-vmstat.pgfault": [
    3952715,
    3976059
  ],
  "proc-vmstat.pgmajfault": [
    3914,
    3914
  ],
  "proc-vmstat.pageoutrun": [
    1,
    1
  ]
}