{
  "ebizzy.throughput": [
    66942,
    66842,
    67515,
    67322,
    67339
  ],
  "ebizzy.throughput.per_thread.min": [
    4022,
    4119,
    4040,
    4086,
    4000
  ],
  "ebizzy.throughput.per_thread.max": [
    4485,
    4266,
    4427,
    4467,
    4530
  ],
  "ebizzy.throughput.per_thread.stddev_percent": [
    0.1626123583063363,
    0.048318275122550776,
    0.1244219964472055,
    0.15699239450635216,
    0.16558696569220802
  ],
  "ebizzy.time.real": [
    5.0,
    5.0,
    5.0,
    5.0,
    5.0
  ],
  "ebizzy.time.user": [
    9.41,
    9.4,
    9.49,
    9.23,
    9.36
  ],
  "ebizzy.time.sys": [
    30.48,
    30.49,
    30.4,
    30.64,
    30.51
  ]
}