{
  "meminfo.time": [
    1479481229.8797984,
    1479481230.884315,
    1479481231.8885617,
    1479481232.8912168,
    1479481233.8942742,
    1479481234.8978608,
    1479481235.9023077,
    1479481236.9069152,
    1479481237.911625,
    1479481238.916593,
    1479481239.9215636
  ],
  "meminfo.MemTotal": [
    16317260,
    16317260,
    16317260,
    16317260,
    16317260,
    16317260,
    16317260,
    16317260,
    16317260,
    16317260,
    16317260
  ],
  "meminfo.MemFree": [
    15094404,
    15087776,
    15064032,
    15064080,
    15061020,
    15070244,
    15062456,
    15062576,
    15061836,
    15061356,
    15062236
  ],
  "meminfo.MemAvailable": [
    15868156,
    15862012,
    15838900,
    15838952,
    15835908,
    15845248,
    15837476,
    15837596,
    15836856,
    15836384,
    15837312
  ],
  "meminfo.Buffers": [
    50424,
    50428,
    50448,
    50448,
    50464,
    50496,
    50496,
    50496,
    50504,
    50520,
    50520
  ],
  "meminfo.Cached": [
    875344,
    875912,
    888128,
    888128,
    888128,
    880496,
    888256,
    888256,
    888904,
    888904,
    888904
  ],
  "meminfo.Active": [
    607360,
    612932,
    636476,
    636256,
    639920,
    637880,
    637908,
    637868,
    637980,
    638272,
    638104
  ],
  "meminfo.Inactive": [
    494236,
    493948,
    490140,
    490140,
    490136,
    482496,
    490256,
    490256,
    490904,
    490900,
    490900
  ],
  "meminfo.Active(anon)": [
    178276,
    183264,
    190732,
    190512,
    194156,
    192088,
    192104,
    192064,
    192176,
    192448,
    192272
  ],
  "meminfo.Inactive(anon)": [
    85792,
    85792,
    97480,
    97480,
    97480,
    89752,
    97512,
    97512,
    98160,
    98160,
    98160
  ],
  "meminfo.Active(file)": [
    429084,
    429668,
    445744,
    445744,
    445764,
    445792,
    445804,
    445804,
    445804,
    445824,
    445832
  ],
  "meminfo.Inactive(file)": [
    408444,
    408156,
    392660,
    392660,
    392656,
    392744,
    392744,
    392744,
    392744,
    392740,
    392740
  ],
  "meminfo.Dirty": [
    36,
    196,
    244,
    244,
    4,
    312,
    312,
    312,
    312,
    0,
    44
  ],
  "meminfo.Writeback": [
    12,
    0,
    0,
    0,
    176,
    0,
    0,
    0,
    0,
    240,
    0
  ],
  "meminfo.AnonPages": [
    175780,
    180632,
    188104,
    187876,
    191256,
    189540,
    189524,
    189408,
    189520,
    189828,
    189156
  ],
  "meminfo.Mapped": [
    250872,
    253056,
    265392,
    265380,
    265380,
    257992,
    265744,
    265748,
    265748,
    265744,
    265744
  ],
  "meminfo.Shmem": [
    88496,
    88496,
    100184,
    100184,
    100184,
    92456,
    100216,
    100216,
    100864,
    100864,
    100864
  ],
  "meminfo.Slab": [
    78744,
    79424,
    79776,
    79820,
    79896,
    79908,
    79940,
    79960,
    79968,
    79900,
    80008
  ],
  "meminfo.SReclaimable": [
    49708,
    50088,
    50192,
    50196,
    50200,
    50200,
    50208,
    50208,
    50208,
    50192,
    50268
  ],
  "meminfo.SUnreclaim": [
    29036,
    29336,
    29584,
    29624,
    29696,
    29708,
    29732,
    29752,
    29760,
    29708,
    29740
  ],
  "meminfo.KernelStack": [
    10144,
    10624,
    10880,
    10864,
    10864,
    10896,
    10896,
    10864,
    10864,
    10880,
    10896
  ],
  "meminfo.PageTables": [
    10344,
    10896,
    11232,
    11260,
    11304,
    11252,
    11260,
    11196,
    11188,
    11220,
    11268
  ],
  "meminfo.CommitLimit": [
    8158628,
    8158628,
    8158628,
    8158628,
    8158628,
    8158628,
    8158628,
    8158628,
    8158628,
    8158628,
    8158628
  ],
  "meminfo.Committed_AS": [
    25566708,
    25593152,
    25649256,
    25654992,
    25650556,
    25636440,
    25650588,
    25640324,
    25641192,
    25651288,
    25635148
  ],
  "meminfo.VmallocTotal": [
    34359738367,
    34359738367,
    34359738367,
    34359738367,
    34359738367,
    34359738367,
    34359738367,
    34359738367,
    34359738367,
    34359738367,
    34359738367
  ],
  "meminfo.DirectMap4k": [
    20060,
    20060,
    20060,
    20060,
    20060,
    20060,
    20060,
    20060,
    20060,
    20060,
    20060
  ],
  "meminfo.DirectMap2M": [
    1951744,
    1951744,
    1951744,
    1951744,
    1951744,
    1951744,
    1951744,
    1951744,
    1951744,
    1951744,
    1951744
  ],
  "meminfo.DirectMap1G": [
    14680064,
    14680064,
    14680064,
    14680064,
    14680064,
    14680064,
    14680064,
    14680064,
    14680064,
    14680064,
    14680064
  ]
}