{
  "proc-vmstat.time": [
    1479481229.862281,
    1479481230.8668923,
    1479481231.8712685,
    1479481232.8742514,
    1479481233.8773367,
    1479481234.880838,
    1479481235.885761,
    1479481236.8905594,
    1479481237.8955138,
    1479481238.9006371,
    1479481239.9055488
  ],
  "proc-vmstat.nr_free_pages": [
    3773773,
    3772154,
    3765768,
    3766018,
    3765152,
    3767747,
    3765614,
    3765653,
    3765459,
    3765339,
    3765494
  ],
  "proc-vmstat.nr_alloc_batch": [
    685,
    220,
    0,
    0,
    853,
    968,
    931,
    420,
    1010,
    520,
    944
  ],
  "proc-vmstat.nr_inactive_anon": [
    21448,
    21448,
    24212,
    24370,
    24370,
    22438,
    24378,
    24378,
    24540,
    24540,
    24540
  ],
  "proc-vmstat.nr_active_anon": [
    44429,
    45771,
    47806,
    47723,
    48542,
    47942,
    48026,
    48016,
    48044,
    48112,
    48068
  ],
  "proc-vmstat.nr_inactive_file": [
    102121,
    102049,
    98294,
    98165,
    98165,
    98167,
    98186,
    98186,
    98186,
    98185,
    98185
  ],
  "proc-vmstat.nr_active_file": [
    107129,
    107358,
    111240,
    111436,
    111436,
    111445,
    111451,
    111451,
    111451,
    111456,
    111458
  ],
  "proc-vmstat.nr_anon_pages": [
    43856,
    44953,
    47193,
    46998,
    47876,
    47297,
    47381,
    47352,
    47380,
    47457,
    47419
  ],
  "proc-vmstat.nr_mapped": [
    62815,
    63450,
    66287,
    66348,
    66348,
    64534,
    66436,
    66437,
    66437,
    66436,
    66436
  ],
  "proc-vmstat.nr_file_pages": [
    231405,
    231536,
    234639,
    234644,
    234644,
    232726,
    234688,
    234688,
    234852,
    234856,
    234856
  ],
  "proc-vmstat.nr_dirty": [
    1,
    15,
    49,
    61,
    44,
    18,
    78,
    78,
    78,
    0,
    11
  ],
  "proc-vmstat.nr_writeback": [
    14,
    1,
    1,
    0,
    0,
    45,
    0,
    0,
    0,
    60,
    0
  ],
  "proc-vmstat.nr_slab_reclaimable": [
    12389,
    12507,
    12528,
    12548,
    12549,
    12550,
    12552,
    12552,
    12552,
    12548,
    12567
  ],
  "proc-vmstat.nr_slab_unreclaimable": [
    7233,
    7277,
    7367,
    7396,
    7409,
    7420,
    7433,
    7438,
    7440,
    7427,
    7435
  ],
  "proc-vmstat.nr_page_table_pages": [
    2600,
    2618,
    2788,
    2743,
    2717,
    2761,
    2815,
    2799,
    2797,
    2805,
    2817
  ],
  "proc-vmstat.nr_kernel_stack": [
    620,
    651,
    674,
    680,
    678,
    679,
    681,
    679,
    679,
    680,
    681
  ],
  "proc-vmstat.nr_shmem": [
    22124,
    22124,
    25011,
    25046,
    25046,
    23114,
    25054,
    25054,
    25216,
    25216,
    25216
  ],
  "proc-vmstat.nr_dirtied": [
    115559,
    115576,
    115612,
    115626,
    115628,
    115648,
    115712,
    115713,
    115715,
    115717,
    115728
  ],
  "proc-vmstat.nr_written": [
    113112,
    113127,
    113129,
    113132,
    113151,
    113152,
    113201,
    113202,
    113204,
    113242,
    113284
  ],
  "proc-vmstat.nr_dirty_threshold": [
    790635,
    790342,
    789090,
    789154,
    788981,
    789502,
    789080,
    789088,
    789049,
    789026,
    789057
  ],
  "proc-vmstat.nr_dirty_background_threshold": [
    197658,
    197585,
    197272,
    197288,
    197245,
    197375,
    197270,
    197272,
    197262,
    197256,
    197264
  ],
  "proc-vmstat.pgpgin": [
    653923,
    654063,
    654595,
    654595,
    654595,
    654691,
    654691,
    654691,
    654691,
    654691,
    654691
  ],
  "proc-vmstat.pgpgout": [
    529872,
    529876,
    529988,
    529992,
    530496,
    530712,
    530716,
    530720,
    530784,
    531176,
    531180
  ],
  "proc-vmstat.pgalloc_dma": [
    1,
    1,
    1,
    1,
    1,
    1,
    1,
    1,
    1,
    1,
    1
  ],
  "proc-vmstat.pgalloc_dma32": [
    394997,
    397281,
    403723,
    410324,
    416878,
    421850,
    422437,
    422616,
    422920,
    423108,
    423430
  ],
  "proc-vmstat.pgalloc_normal": [
    2281506,
    2295566,
    2335714,
    2375921,
    2417056,
    2447949,
    2450822,
    2452290,
    2453692,
    2454989,
    2456440
  ],
  "proc-vmstat.pgfree": [
    6452126,
    6466408,
    6507931,
    6554726,
    6601501,
    6639753,
    6641251,
    6642885,
    6644389,
    6645782,
    6647592
  ],
  "proc-vmstat.pgactivate": [
    103081,
    103149,
    107145,
    107146,
    107148,
    107150,
    107151,
    107152,
    107153,
    107154,
    107155
  ],
  "proc-vmstat.pgfault": [
    3397190,
    3420427,
    3478918,
    3526249,
    3574448,
    3611675,
    3615748,
    3618171,
    3620324,
    3622441,
    3624874
  ],
  "proc-vmstat.pgmajfault": [
    3700,
    3703,
    3708,
    3708,
    3708,
    3711,
    3711,
    3711,
    3711,
    3711,
    3711
  ],
  "proc-vmstat.pageoutrun": [
    1,
    1,
    1,
    1,
    1,
    1,
    1,
    1,
    1,
    1,
    1
  ]
}