{
  "softirqs.time": [
    1479481229.914004,
    1479481240.2516673
  ],
  "softirqs.CPU3.HI": [
    1,
    1
  ],
  "softirqs.CPU5.HI": [
    1,
    1
  ],
  "softirqs.HI": [
    2,
    2
  ],
  "softirqs.CPU0.TIMER": [
    176652,
    178627
  ],
  "softirqs.CPU1.TIMER": [
    216765,
    218498
  ],
  "softirqs.CPU2.TIMER": [
    193328,
    195352
  ],
  "softirqs.CPU3.TIMER": [
    280271,
    282186
  ],
  "softirqs.CPU4.TIMER": [
    122370,
    123359
  ],
  "softirqs.CPU5.TIMER": [
    178561,
    179535
  ],
  "softirqs.CPU6.TIMER": [
    110291,
    110999
  ],
  "softirqs.CPU7.TIMER": [
    96209,
    97932
  ],
  "softirqs.TIMER": [
    1374447,
    1386488
  ],
  "softirqs.CPU0.NET_TX": [
    2490,
    2492
  ],
  "softirqs.NET_TX": [
    2490,
    2492
  ],
  "softirqs.CPU0.NET_RX": [
    16888,
    16948
  ],
  "softirqs.CPU1.NET_RX": [
    2428,
    2451
  ],
  "softirqs.CPU2.NET_RX": [
    2625,
    2640
  ],
  "softirqs.CPU3.NET_RX": [
    1393,
    1433
  ],
  "softirqs.CPU4.NET_RX": [
    12014,
    12033
  ],
  "softirqs.CPU5.NET_RX": [
    1532,
    1539
  ],
  "softirqs.CPU6.NET_RX": [
    1792,
    1801
  ],
  "softirqs.CPU7.NET_RX": [
    1245,
    1252
  ],
  "softirqs.NET_RX": [
    39917,
    40097
  ],
  "softirqs.CPU0.BLOCK": [
    24161,
    24219
  ],
  "softirqs.CPU1.BLOCK": [
    2883,
    2919
  ],
  "softirqs.CPU2.BLOCK": [
    1831,
    1840
  ],
  "softirqs.CPU3.BLOCK": [
    1120,
    1124
  ],
  "softirqs.CPU4.BLOCK": [
    10815,
    10825
  ],
  "softirqs.CPU5.BLOCK": [
    4743,
    4755
  ],
  "softirqs.CPU6.BLOCK": [
    5096,
    5103
  ],
  "softirqs.CPU7.BLOCK": [
    1795,
    1796
  ],
  "softirqs.BLOCK": [
    52444,
    52581
  ],
  "softirqs.CPU0.TASKLET": [
    38,
    43
  ],
  "softirqs.CPU1.TASKLET": [
    5,
    5
  ],
  "softirqs.CPU3.TASKLET": [
    108,
    108
  ],
  "softirqs.CPU4.TASKLET": [
    1,
    1
  ],
  "softirqs.CPU5.TASKLET": [
    23,
    23
  ],
  "softirqs.CPU6.TASKLET": [
    1,
    1
  ],
  "softirqs.TASKLET": [
    176,
    181
  ],
  "softirqs.CPU0.SCHED": [
    76709,
    77348
  ],
  "softirqs.CPU1.SCHED": [
    82398,
    82868
  ],
  "softirqs.CPU2.SCHED": [
    74743,
    75381
  ],
  "softirqs.CPU3.SCHED": [
    99754,
    100349
  ],
  "softirqs.CPU4.SCHED": [
    45662,
    45984
  ],
  "softirqs.CPU5.SCHED": [
    62262,
    62602
  ],
  "softirqs.CPU6.SCHED": [
    40225,
    40479
  ],
  "softirqs.CPU7.SCHED": [
    35223,
    35770
  ],
  "softirqs.SCHED": [
    516976,
    520781
  ],
  "softirqs.CPU0.RCU": [
    138053,
    139585
  ],
  "softirqs.CPU1.RCU": [
    161914,
    163267
  ],
  "softirqs.CPU2.RCU": [
    148679,
    150099
  ],
  "softirqs.CPU3.RCU": [
    203087,
    204466
  ],
  "softirqs.CPU4.RCU": [
    93957,
    94725
  ],
  "softirqs.CPU5.RCU": [
    136862,
    137560
  ],
  "softirqs.CPU6.RCU": [
    84072,
    84621
  ],
  "softirqs.CPU7.RCU": [
    73879,
    75010
  ],
  "softirqs.RCU": [
    1040503,
    1049333
  ]
}