{
  "softirqs.time": [
    1478604297.702915,
    1478604553.1122613
  ],
  "softirqs.CPU1.HI": [
    1,
    1
  ],
  "softirqs.CPU5.HI": [
    1,
    1
  ],
  "softirqs.HI": [
    2,
    2
  ],
  "softirqs.CPU0.TIMER": [
    119028,
    215257
  ],
  "softirqs.CPU1.TIMER": [
    97338,
    108993
  ],
  "softirqs.CPU2.TIMER": [
    105877,
    117442
  ],
  "softirqs.CPU3.TIMER": [
    102144,
    115055
  ],
  "softirqs.CPU4.TIMER": [
    328944,
    492351
  ],
  "softirqs.CPU5.TIMER": [
    332404,
    342445
  ],
  "softirqs.CPU6.TIMER": [
    80075,
    89924
  ],
  "softirqs.CPU7.TIMER": [
    72345,
    82862
  ],
  "softirqs.TIMER": [
    1238155,
    1564329
  ],
  "softirqs.CPU4.NET_TX": [
    389,
    432
  ],
  "softirqs.NET_TX": [
    389,
    432
  ],
  "softirqs.CPU0.NET_RX": [
    55866,
    55886
  ],
  "softirqs.CPU1.NET_RX": [
    3506,
    3506
  ],
  "softirqs.CPU2.NET_RX": [
    2770,
    2772
  ],
  "softirqs.CPU3.NET_RX": [
    2152,
    2152
  ],
  "softirqs.CPU4.NET_RX": [
    9768,
    9777
  ],
  "softirqs.CPU5.NET_RX": [
    3370,
    3371
  ],
  "softirqs.CPU6.NET_RX": [
    3915,
    3916
  ],
  "softirqs.CPU7.NET_RX": [
    2906,
    2907
  ],
  "softirqs.NET_RX": [
    84253,
    84287
  ],
  "softirqs.CPU0.BLOCK": [
    13839,
    14267
  ],
  "softirqs.CPU1.BLOCK": [
    2606,
    2623
  ],
  "softirqs.CPU2.BLOCK": [
    2556,
    2576
  ],
  "softirqs.CPU3.BLOCK": [
    987,
    1005
  ],
  "softirqs.CPU4.BLOCK": [
    3232,
    3612
  ],
  "softirqs.CPU5.BLOCK": [
    2194,
    2202
  ],
  "softirqs.CPU6.BLOCK": [
    1326,
    1343
  ],
  "softirqs.CPU7.BLOCK": [
    866,
    883
  ],
  "softirqs.BLOCK": [
    27606,
    28511
  ],
  "softirqs.CPU0.TASKLET": [
    4632,
    4632
  ],
  "softirqs.CPU1.TASKLET": [
    155,
    155
  ],
  "softirqs.CPU2.TASKLET": [
    40,
    40
  ],
  "softirqs.CPU3.TASKLET": [
    44,
    44
  ],
  "softirqs.CPU4.TASKLET": [
    207,
    208
  ],
  "softirqs.CPU5.TASKLET": [
    54,
    54
  ],
  "softirqs.CPU6.TASKLET": [
    43,
    43
  ],
  "softirqs.CPU7.TASKLET": [
    30,
    30
  ],
  "softirqs.TASKLET": [
    5205,
    5206
  ],
  "softirqs.CPU0.SCHED": [
    41551,
    44284
  ],
  "softirqs.CPU1.SCHED": [
    26336,
    30410
  ],
  "softirqs.CPU2.SCHED": [
    30142,
    34182
  ],
  "softirqs.CPU3.SCHED": [
    28928,
    33289
  ],
  "softirqs.CPU4.SCHED": [
    19667,
    22090
  ],
  "softirqs.CPU5.SCHED": [
    21316,
    24679
  ],
  "softirqs.CPU6.SCHED": [
    18985,
    22352
  ],
  "softirqs.CPU7.SCHED": [
    16773,
    20273
  ],
  "softirqs.SCHED": [
    203698,
    231559
  ],
  "softirqs.CPU0.RCU": [
    65960,
    72832
  ],
  "softirqs.CPU1.RCU": [
    55576,
    64927
  ],
  "softirqs.CPU2.RCU": [
    62673,
    71917
  ],
  "softirqs.CPU3.RCU": [
    59528,
    69764
  ],
  "softirqs.CPU4.RCU": [
    52478,
    63586
  ],
  "softirqs.CPU5.RCU": [
    55481,
    63523
  ],
  "softirqs.CPU6.RCU": [
    44592,
    52490
  ],
  "softirqs.CPU7.RCU": [
    39657,
    48210
  ],
  "softirqs.RCU": [
    435945,
    507249
  ]
}