{
  "softirqs.time": [
    1480995112.5783584,
    1480995113.6756248
  ],
  "softirqs.CPU0.HI": [
    4,
    4
  ],
  "softirqs.CPU1.HI": [
    2,
    2
  ],
  "softirqs.CPU2.HI": [
    4,
    4
  ],
  "softirqs.CPU3.HI": [
    15,
    15
  ],
  "softirqs.HI": [
    25,
    25
  ],
  "softirqs.CPU0.TIMER": [
    1504716,
    1504985
  ],
  "softirqs.CPU1.TIMER": [
    1402675,
    1403005
  ],
  "softirqs.CPU2.TIMER": [
    928206,
    928396
  ],
  "softirqs.CPU3.TIMER": [
    809434,
    809604
  ],
  "softirqs.TIMER": [
    4645031,
    4645990
  ],
  "softirqs.CPU0.NET_TX": [
    346,
    346
  ],
  "softirqs.CPU2.NET_TX": [
    691,
    691
  ],
  "softirqs.CPU3.NET_TX": [
    2,
    2
  ],
  "softirqs.NET_TX": [
    1039,
    1039
  ],
  "softirqs.CPU0.NET_RX": [
    591067,
    591096
  ],
  "softirqs.CPU1.NET_RX": [
    48156,
    48156
  ],
  "softirqs.CPU2.NET_RX": [
    115494,
    115500
  ],
  "softirqs.CPU3.NET_RX": [
    41795,
    41799
  ],
  "softirqs.NET_RX": [
    796512,
    796551
  ],
  "softirqs.CPU0.BLOCK": [
    22114,
    22133
  ],
  "softirqs.CPU1.BLOCK": [
    5819,
    5819
  ],
  "softirqs.CPU2.BLOCK": [
    17079,
    17079
  ],
  "softirqs.CPU3.BLOCK": [
    3766,
    3766
  ],
  "softirqs.BLOCK": [
    48778,
    48797
  ],
  "softirqs.CPU0.BLOCK_IOPOLL": [
    1,
    1
  ],
  "softirqs.CPU3.BLOCK_IOPOLL": [
    2,
    2
  ],
  "softirqs.BLOCK_IOPOLL": [
    3,
    3
  ],
  "softirqs.CPU0.TASKLET": [
    342,
    342
  ],
  "softirqs.CPU1.TASKLET": [
    215,
    215
  ],
  "softirqs.CPU2.TASKLET": [
    2515,
    2515
  ],
  "softirqs.CPU3.TASKLET": [
    327,
    327
  ],
  "softirqs.TASKLET": [
    3399,
    3399
  ],
  "softirqs.CPU0.SCHED": [
    659743,
    659830
  ],
  "softirqs.CPU1.SCHED": [
    600317,
    600436
  ],
  "softirqs.CPU2.SCHED": [
    481890,
    481973
  ],
  "softirqs.CPU3.SCHED": [
    390288,
    390357
  ],
  "softirqs.SCHED": [
    2132238,
    2132596
  ],
  "softirqs.CPU0.RCU": [
    970757,
    970967
  ],
  "softirqs.CPU1.RCU": [
    896556,
    896773
  ],
  "softirqs.CPU2.RCU": [
    667317,
    667475
  ],
  "softirqs.CPU3.RCU": [
    571425,
    571585
  ],
  "softirqs.RCU": [
    3106055,
    3106800
  ]
}