{
  "diskstats.time": [
    1480991063.7405927,
    1480991064.743355,
    1480991065.7466671,
    1480991066.7510862,
    1480991067.7560072,
    1480991068.7610466,
    1480991069.768347,
    1480991070.7735398,
    1480991071.7784095,
    1480991072.783,
    1480991073.7912266
  ],
  "diskstats.sda.read_ios": [
    18603,
    18612,
    18753,
    18858,
    18875,
    18875,
    18875,
    18875,
    18875,
    18875,
    18875
  ],
  "diskstats.sda.read_merges": [
    580,
    580,
    580,
    580,
    580,
    580,
    580,
    580,
    580,
    580,
    580
  ],
  "diskstats.sda.read_sectors": [
    1434076,
    1434492,
    1461140,
    1479588,
    1480020,
    1480020,
    1480020,
    1480020,
    1480020,
    1480020,
    1480020
  ],
  "diskstats.sda.read_ticks": [
    271069,
    271134,
    271675,
    272295,
    272496,
    272496,
    272496,
    272496,
    272496,
    272496,
    272496
  ],
  "diskstats.sda.write_ios": [
    9821,
    9822,
    9828,
    9842,
    9897,
    9901,
    9902,
    9903,
    9906,
    9972,
    9975
  ],
  "diskstats.sda.write_merges": [
    10777,
    10777,
    10785,
    10811,
    10929,
    10956,
    10956,
    10956,
    10957,
    11003,
    11016
  ],
  "diskstats.sda.write_sectors": [
    2213865,
    2213873,
    2213969,
    2214273,
    2216233,
    2216481,
    2216489,
    2216497,
    2216529,
    2217777,
    2217905
  ],
  "diskstats.sda.write_ticks": [
    681166,
    681166,
    681228,
    681455,
    681984,
    682039,
    682039,
    682039,
    682073,
    682320,
    682383
  ],
  "diskstats.sda.in_flight": [
    1,
    0,
    1,
    0,
    0,
    0,
    0,
    0,
    0,
    0,
    0
  ],
  "diskstats.sda.io_ticks": [
    116252,
    116300,
    116840,
    117494,
    117807,
    117862,
    117862,
    117862,
    117896,
    117931,
    117974
  ],
  "diskstats.sda.time_in_queue": [
    952339,
    952401,
    953013,
    953851,
    954581,
    954636,
    954636,
    954636,
    954670,
    954916,
    954979
  ],
  "diskstats.sda1.read_ios": [
    21,
    21,
    21,
    21,
    21,
    21,
    21,
    21,
    21,
    21,
    21
  ],
  "diskstats.sda1.read_sectors": [
    1128,
    1128,
    1128,
    1128,
    1128,
    1128,
    1128,
    1128,
    1128,
    1128,
    1128
  ],
  "diskstats.sda1.read_ticks": [
    121,
    121,
    121,
    121,
    121,
    121,
    121,
    121,
    121,
    121,
    121
  ],
  "diskstats.sda1.io_ticks": [
    121,
    121,
    121,
    121,
    121,
    121,
    121,
    121,
    121,
    121,
    121
  ],
  "diskstats.sda1.time_in_queue": [
    121,
    121,
    121,
    121,
    121,
    121,
    121,
    121,
    121,
    121,
    121
  ],
  "diskstats.sda2.read_ios": [
    7676,
    7685,
    7685,
    7685,
    7686,
    7686,
    7686,
    7686,
    7686,
    7686,
    7686
  ],
  "diskstats.sda2.read_merges": [
    157,
    157,
    157,
    157,
    157,
    157,
    157,
    157,
    157,
    157,
    157
  ],
  "diskstats.sda2.read_sectors": [
    364594,
    365010,
    365010,
    365010,
    365018,
    365018,
    365018,
    365018,
    365018,
    365018,
    365018
  ],
  "diskstats.sda2.read_ticks": [
    44156,
    44221,
    44221,
    44221,
    44241,
    44241,
    44241,
    44241,
    44241,
    44241,
    44241
  ],
  "diskstats.sda2.write_ios": [
    2002,
    2002,
    2002,
    2002,
    2014,
    2014,
    2014,
    2014,
    2014,
    2060,
    2060
  ],
  "diskstats.sda2.write_merges": [
    5080,
    5080,
    5080,
    5080,
    5153,
    5153,
    5153,
    5153,
    5153,
    5196,
    5196
  ],
  "diskstats.sda2.write_sectors": [
    1943264,
    1943264,
    1943264,
    1943264,
    1944216,
    1944216,
    1944216,
    1944216,
    1944216,
    1944928,
    1944928
  ],
  "diskstats.sda2.write_ticks": [
    439660,
    439660,
    439660,
    439660,
    439932,
    439932,
    439932,
    439932,
    439932,
    440106,
    440106
  ],
  "diskstats.sda2.in_flight": [
    1,
    0,
    0,
    0,
    0,
    0,
    0,
    0,
    0,
    0,
    0
  ],
  "diskstats.sda2.io_ticks": [
    29201,
    29249,
    29249,
    29249,
    29331,
    29331,
    29331,
    29331,
    29331,
    29364,
    29364
  ],
  "diskstats.sda2.time_in_queue": [
    483912,
    483974,
    483974,
    483974,
    484266,
    484266,
    484266,
    484266,
    484266,
    484440,
    484440
  ],
  "diskstats.sda3.read_ios": [
    32,
    32,
    32,
    32,
    32,
    32,
    32,
    32,
    32,
    32,
    32
  ],
  "diskstats.sda3.read_sectors": [
    3840,
    3840,
    3840,
    3840,
    3840,
    3840,
    3840,
    3840,
    3840,
    3840,
    3840
  ],
  "diskstats.sda3.read_ticks": [
    107,
    107,
    107,
    107,
    107,
    107,
    107,
    107,
    107,
    107,
    107
  ],
  "diskstats.sda3.io_ticks": [
    103,
    103,
    103,
    103,
    103,
    103,
    103,
    103,
    103,
    103,
    103
  ],
  "diskstats.sda3.time_in_queue": [
    107,
    107,
    107,
    107,
    107,
    107,
    107,
    107,
    107,
    107,
    107
  ],
  "diskstats.sda4.read_ios": [
    48,
    48,
    48,
    48,
    48,
    48,
    48,
    48,
    48,
    48,
    48
  ],
  "diskstats.sda4.read_sectors": [
    2596,
    2596,
    2596,
    2596,
    2596,
    2596,
    2596,
    2596,
    2596,
    2596,
    2596
  ],
  "diskstats.sda4.read_ticks": [
    242,
    242,
    242,
    242,
    242,
    242,
    242,
    242,
    242,
    242,
    242
  ],
  "diskstats.sda4.write_ios": [
    1,
    1,
    1,
    1,
    1,
    1,
    1,
    1,
    1,
    1,
    1
  ],
  "diskstats.sda4.write_sectors": [
    1,
    1,
    1,
    1,
    1,
    1,
    1,
    1,
    1,
    1,
    1
  ],
  "diskstats.sda4.write_ticks": [
    431,
    431,
    431,
    431,
    431,
    431,
    431,
    431,
    431,
    431,
    431
  ],
  "diskstats.sda4.io_ticks": [
    529,
    529,
    529,
    529,
    529,
    529,
    529,
    529,
    529,
    529,
    529
  ],
  "diskstats.sda4.time_in_queue": [
    673,
    673,
    673,
    673,
    673,
    673,
    673,
    673,
    673,
    673,
    673
  ],
  "diskstats.sda5.read_ios": [
    5456,
    5456,
    5464,
    5469,
    5469,
    5469,
    5469,
    5469,
    5469,
    5469,
    5469
  ],
  "diskstats.sda5.read_merges": [
    62,
    62,
    62,
    62,
    62,
    62,
    62,
    62,
    62,
    62,
    62
  ],
  "diskstats.sda5.read_sectors": [
    455338,
    455338,
    455874,
    456322,
    456322,
    456322,
    456322,
    456322,
    456322,
    456322,
    456322
  ],
  "diskstats.sda5.read_ticks": [
    95884,
    95884,
    95943,
    95994,
    95994,
    95994,
    95994,
    95994,
    95994,
    95994,
    95994
  ],
  "diskstats.sda5.write_ios": [
    32,
    32,
    32,
    32,
    32,
    32,
    32,
    32,
    34,
    34,
    34
  ],
  "diskstats.sda5.write_merges": [
    15,
    15,
    15,
    15,
    15,
    15,
    15,
    15,
    16,
    16,
    16
  ],
  "diskstats.sda5.write_sectors": [
    6136,
    6136,
    6136,
    6136,
    6136,
    6136,
    6136,
    6136,
    6160,
    6160,
    6160
  ],
  "diskstats.sda5.write_ticks": [
    3583,
    3583,
    3583,
    3583,
    3583,
    3583,
    3583,
    3583,
    3616,
    3616,
    3616
  ],
  "diskstats.sda5.io_ticks": [
    32973,
    32973,
    33032,
    33083,
    33083,
    33083,
    33083,
    33083,
    33116,
    33116,
    33116
  ],
  "diskstats.sda5.time_in_queue": [
    99491,
    99491,
    99550,
    99601,
    99601,
    99601,
    99601,
    99601,
    99634,
    99634,
    99634
  ],
  "diskstats.sda6.read_ios": [
    5340,
    5340,
    5473,
    5573,
    5589,
    5589,
    5589,
    5589,
    5589,
    5589,
    5589
  ],
  "diskstats.sda6.read_merges": [
    361,
    361,
    361,
    361,
    361,
    361,
    361,
    361,
    361,
    361,
    361
  ],