{
  "interrupts.time": [
    1480991063.7264972,
    1480991074.3093815
  ],
  "interrupts.CPU0.0:IO-APIC.2-edge.timer": [
    46,
    46
  ],
  "interrupts.0:IO-APIC.2-edge.timer": [
    46,
    46
  ],
  "interrupts.CPU0.1:IO-APIC.1-edge.i8042": [
    111,
    111
  ],
  "interrupts.CPU1.1:IO-APIC.1-edge.i8042": [
    93,
    93
  ],
  "interrupts.CPU2.1:IO-APIC.1-edge.i8042": [
    1646,
    1646
  ],
  "interrupts.CPU3.1:IO-APIC.1-edge.i8042": [
    108,
    108
  ],
  "interrupts.1:IO-APIC.1-edge.i8042": [
    1958,
    1958
  ],
  "interrupts.CPU0.7:IO-APIC.7-edge": [
    34,
    34
  ],
  "interrupts.7:IO-APIC.7-edge": [
    34,
    34
  ],
  "interrupts.CPU2.8:IO-APIC.8-edge.rtc0": [
    1,
    1
  ],
  "interrupts.8:IO-APIC.8-edge.rtc0": [
    1,
    1
  ],
  "interrupts.CPU0.9:IO-APIC.9-fasteoi.acpi": [
    137,
    137
  ],
  "interrupts.CPU1.9:IO-APIC.9-fasteoi.acpi": [
    89,
    89
  ],
  "interrupts.CPU2.9:IO-APIC.9-fasteoi.acpi": [
    816,
    816
  ],
  "interrupts.CPU3.9:IO-APIC.9-fasteoi.acpi": [
    43,
    43
  ],
  "interrupts.9:IO-APIC.9-fasteoi.acpi": [
    1085,
    1085
  ],
  "interrupts.CPU0.12:IO-APIC.12-edge.i8042": [
    850,
    850
  ],
  "interrupts.CPU1.12:IO-APIC.12-edge.i8042": [
    503,
    503
  ],
  "interrupts.CPU2.12:IO-APIC.12-edge.i8042": [
    10483,
    10483
  ],
  "interrupts.CPU3.12:IO-APIC.12-edge.i8042": [
    656,
    656
  ],
  "interrupts.12:IO-APIC.12-edge.i8042": [
    12492,
    12492
  ],
  "interrupts.CPU0.120:PCI-MSI.376832-edge.0000:00:17.0": [
    7059,
    7121
  ],
  "interrupts.CPU1.120:PCI-MSI.376832-edge.0000:00:17.0": [
    4911,
    4958
  ],
  "interrupts.CPU2.120:PCI-MSI.376832-edge.0000:00:17.0": [
    14301,
    14570
  ],
  "interrupts.CPU3.120:PCI-MSI.376832-edge.0000:00:17.0": [
    3040,
    3098
  ],
  "interrupts.120:PCI-MSI.376832-edge.0000:00:17.0": [
    29311,
    29747
  ],
  "interrupts.CPU0.121:PCI-MSI.327680-edge.xhci_hcd": [
    109,
    109
  ],
  "interrupts.CPU1.121:PCI-MSI.327680-edge.xhci_hcd": [
    66,
    66
  ],
  "interrupts.CPU2.121:PCI-MSI.327680-edge.xhci_hcd": [
    682,
    682
  ],
  "interrupts.CPU3.121:PCI-MSI.327680-edge.xhci_hcd": [
    56,
    56
  ],
  "interrupts.121:PCI-MSI.327680-edge.xhci_hcd": [
    913,
    913
  ],
  "interrupts.CPU0.122:PCI-MSI.32768-edge.i915": [
    33396,
    33614
  ],
  "interrupts.CPU1.122:PCI-MSI.32768-edge.i915": [
    22235,
    22389
  ],
  "interrupts.CPU2.122:PCI-MSI.32768-edge.i915": [
    89557,
    90068
  ],
  "interrupts.CPU3.122:PCI-MSI.32768-edge.i915": [
    24427,
    24572
  ],
  "interrupts.122:PCI-MSI.32768-edge.i915": [
    169615,
    170643
  ],
  "interrupts.CPU0.123:PCI-MSI.514048-edge.snd_hda_intel": [
    262,
    262
  ],
  "interrupts.CPU1.123:PCI-MSI.514048-edge.snd_hda_intel": [
    185,
    185
  ],
  "interrupts.CPU2.123:PCI-MSI.514048-edge.snd_hda_intel": [
    169,
    169
  ],
  "interrupts.CPU3.123:PCI-MSI.514048-edge.snd_hda_intel": [
    2,
    2
  ],
  "interrupts.123:PCI-MSI.514048-edge.snd_hda_intel": [
    618,
    618
  ],
  "interrupts.CPU1.124:PCI-MSI.524288-edge": [
    5,
    5
  ],
  "interrupts.124:PCI-MSI.524288-edge": [
    5,
    5
  ],
  "interrupts.CPU0.125:PCI-MSI.1048576-edge.iwlwifi": [
    1,
    1
  ],
  "interrupts.CPU1.125:PCI-MSI.1048576-edge.iwlwifi": [
    7,
    7
  ],
  "interrupts.CPU2.125:PCI-MSI.1048576-edge.iwlwifi": [
    4,
    4
  ],
  "interrupts.CPU3.125:PCI-MSI.1048576-edge.iwlwifi": [
    9,
    9
  ],
  "interrupts.125:PCI-MSI.1048576-edge.iwlwifi": [
    21,
    21
  ],
  "interrupts.CPU0.126:PCI-MSI.1572864-edge.rtsx_pci": [
    16,
    16
  ],
  "interrupts.CPU2.126:PCI-MSI.1572864-edge.rtsx_pci": [
    1,
    1
  ],
  "interrupts.126:PCI-MSI.1572864-edge.rtsx_pci": [
    17,
    17
  ],
  "interrupts.CPU0.127:PCI-MSI.1574912-edge.eth0": [
    62125,
    62185
  ],
  "interrupts.CPU1.127:PCI-MSI.1574912-edge.eth0": [
    47139,
    47178
  ],
  "interrupts.CPU2.127:PCI-MSI.1574912-edge.eth0": [
    106768,
    106861
  ],
  "interrupts.CPU3.127:PCI-MSI.1574912-edge.eth0": [
    40842,
    40873
  ],
  "interrupts.127:PCI-MSI.1574912-edge.eth0": [
    256874,
    257097
  ],
  "interrupts.CPU0.NMI:Non-maskable_interrupts": [
    5,
    6
  ],
  "interrupts.CPU1.NMI:Non-maskable_interrupts": [
    4,
    4
  ],
  "interrupts.CPU2.NMI:Non-maskable_interrupts": [
    3,
    3
  ],
  "interrupts.CPU3.NMI:Non-maskable_interrupts": [
    3,
    3
  ],
  "interrupts.NMI:Non-maskable_interrupts": [
    15,
    16
  ],
  "interrupts.CPU0.LOC:Local_timer_interrupts": [
    756139,
    759516
  ],
  "interrupts.CPU1.LOC:Local_timer_interrupts": [
    737282,
    740813
  ],
  "interrupts.CPU2.LOC:Local_timer_interrupts": [
    481922,
    484949
  ],
  "interrupts.CPU3.LOC:Local_timer_interrupts": [
    441222,
    443824
  ],
  "interrupts.LOC:Local_timer_interrupts": [
    2416565,
    2429102
  ],
  "interrupts.CPU0.PMI:Performance_monitoring_interrupts": [
    5,
    6
  ],
  "interrupts.CPU1.PMI:Performance_monitoring_interrupts": [
    4,
    4
  ],
  "interrupts.CPU2.PMI:Performance_monitoring_interrupts": [
    3,
    3
  ],
  "interrupts.CPU3.PMI:Performance_monitoring_interrupts": [
    3,
    3
  ],
  "interrupts.PMI:Performance_monitoring_interrupts": [
    15,
    16
  ],
  "interrupts.CPU0.RTR:APIC_ICR_read_retries": [
    3,
    3
  ],
  "interrupts.RTR:APIC_ICR_read_retries": [
    3,
    3
  ],
  "interrupts.CPU0.RES:Rescheduling_interrupts": [
    37219,
    37373
  ],
  "interrupts.CPU1.RES:Rescheduling_interrupts": [
    37380,
    37586
  ],
  "interrupts.CPU2.RES:Rescheduling_interrupts": [
    31214,
    31352
  ],
  "interrupts.CPU3.RES:Rescheduling_interrupts": [
    28778,
    28906
  ],
  "interrupts.RES:Rescheduling_interrupts": [
    134591,
    135217
  ],
  "interrupts.CPU0.CAL:Function_call_interrupts": [
    31341,
    31543
  ],
  "interrupts.CPU1.CAL:Function_call_interrupts": [
    31807,
    32049
  ],
  "interrupts.CPU2.CAL:Function_call_interrupts": [
    32712,
    32909
  ],
  "interrupts.CPU3.CAL:Function_call_interrupts": [
    32227,
    32518
  ],
  "interrupts.CAL:Function_call_interrupts": [
    128087,
    129019
  ],
  "interrupts.CPU0.TLB:TLB_shootdowns": [
    10352,
    11520
  ],
  "interrupts.CPU1.TLB:TLB_shootdowns": [
    9275,
    9896
  ],
  "interrupts.CPU2.TLB:TLB_shootdowns": [
    9382,
    9959
  ],
  "interrupts.CPU3.TLB:TLB_shootdowns": [
    9247,
    9937
  ],
  "interrupts.TLB:TLB_shootdowns": [
    38256,
    41312
  ],
  "interrupts.CPU0.MCP:Machine_check_polls": [
    9,
    9
  ],
  "interrupts.CPU1.MCP:Machine_check_polls": [
    9,
    9
  ],
  "interrupts.CPU2.MCP:Machine_check_polls": [
    9,
    9
  ],
  "interrupts.CPU3.MCP:Machine_check_polls": [
    9,
    9
  ],
  "interrupts.MCP:Machine_check_polls": [
    36,
    36
  ],
  "interrupts.ERR": [
    34,
    34
  ]
}