{
  "meminfo.time": [
    1480991063.7177088,
    1480991064.7235184,
    1480991065.7318866,
    1480991066.7390704,
    1480991067.746946,
    1480991068.7560968,
    1480991069.7638342,
    1480991070.7716184,
    1480991071.7755609,
    1480991072.7827756,
    1480991073.7909684
  ],
  "meminfo.MemTotal": [
    8091280,
    8091280,
    8091280,
    8091280,
    8091280,
    8091280,
    8091280,
    8091280,
    8091280,
    8091280,
    8091280
  ],
  "meminfo.MemFree": [
    6059480,
    6052924,
    6025056,
    5996408,
    5974264,
    5973044,
    5972664,
    5972268,
    5972160,
    5971880,
    5972108
  ],
  "meminfo.MemAvailable": [
    7490688,
    7484236,
    7469052,
    7449848,
    7428504,
    7427596,
    7427228,
    7426832,
    7426724,
    7426452,
    7426688
  ],
  "meminfo.Buffers": [
    29852,
    29856,
    29924,
    29936,
    29980,
    29988,
    29988,
    29988,
    29996,
    30004,
    30012
  ],
  "meminfo.Cached": [
    1545876,
    1546488,
    1558636,
    1577764,
    1583684,
    1583784,
    1583796,
    1583796,
    1583788,
    1583788,
    1583788
  ],
  "meminfo.Active": [
    1142488,
    1146588,
    1175432,
    1185716,
    1211176,
    1211396,
    1211660,
    1211888,
    1211604,
    1211800,
    1211836
  ],
  "meminfo.Inactive": [
    743548,
    743104,
    740260,
    757944,
    754344,
    754560,
    754560,
    754560,
    754560,
    754560,
    754560
  ],
  "meminfo.Active(anon)": [
    317520,
    321212,
    335180,
    344892,
    360048,
    360048,
    360300,
    360528,
    360244,
    360432,
    360460
  ],
  "meminfo.Inactive(anon)": [
    92996,
    92996,
    92356,
    101212,
    107196,
    107356,
    107356,
    107356,
    107356,
    107356,
    107356
  ],
  "meminfo.Active(file)": [
    824968,
    825376,
    840252,
    840824,
    851128,
    851348,
    851360,
    851360,
    851360,
    851368,
    851376
  ],
  "meminfo.Inactive(file)": [
    650552,
    650108,
    647904,
    656732,
    647148,
    647204,
    647204,
    647204,
    647204,
    647204,
    647204
  ],
  "meminfo.Dirty": [
    0,
    200,
    216,
    404,
    288,
    440,
    552,
    552,
    552,
    80,
    8
  ],
  "meminfo.Writeback": [
    0,
    0,
    0,
    0,
    0,
    0,
    0,
    0,
    0,
    220,
    0
  ],
  "meminfo.AnonPages": [
    309500,
    313636,
    327192,
    337068,
    351876,
    352044,
    352576,
    352668,
    352376,
    352584,
    352480
  ],
  "meminfo.Mapped": [
    344528,
    346712,
    360224,
    372892,
    375740,
    375940,
    375952,
    375956,
    376196,
    376176,
    375936
  ],
  "meminfo.Shmem": [
    100876,
    100876,
    100144,
    109176,
    115148,
    115236,
    115236,
    115236,
    115236,
    115236,
    115236
  ],
  "meminfo.Slab": [
    96404,
    96980,
    97228,
    97576,
    97968,
    98220,
    98148,
    98160,
    98184,
    98188,
    98200
  ],
  "meminfo.SReclaimable": [
    64240,
    64520,
    64540,
    64632,
    64792,
    64864,
    64860,
    64860,
    64860,
    64864,
    64864
  ],
  "meminfo.SUnreclaim": [
    32164,
    32460,
    32688,
    32944,
    33176,
    33356,
    33288,
    33300,
    33324,
    33324,
    33336
  ],
  "meminfo.KernelStack": [
    10784,
    11376,
    11520,
    11888,
    12208,
    12400,
    12384,
    12384,
    12384,
    12384,
    12384
  ],
  "meminfo.PageTables": [
    13920,
    14560,
    15192,
    15140,
    15684,
    15824,
    15824,
    15820,
    15824,
    15824,
    15824
  ],
  "meminfo.CommitLimit": [
    4045640,
    4045640,
    4045640,
    4045640,
    4045640,
    4045640,
    4045640,
    4045640,
    4045640,
    4045640,
    4045640
  ],
  "meminfo.Committed_AS": [
    30711204,
    30745460,
    32061468,
    32285004,
    33592048,
    33592004,
    33592896,
    33587296,
    33588776,
    33590380,
    33588532
  ],
  "meminfo.VmallocTotal": [
    34359738367,
    34359738367,
    34359738367,
    34359738367,
    34359738367,
    34359738367,
    34359738367,
    34359738367,
    34359738367,
    34359738367,
    34359738367
  ],
  "meminfo.DirectMap4k": [
    32940,
    32940,
    32940,
    32940,
    32940,
    32940,
    32940,
    32940,
    32940,
    32940,
    32940
  ],
  "meminfo.DirectMap2M": [
    1974272,
    1974272,
    1974272,
    1974272,
    1974272,
    1974272,
    1974272,
    1974272,
    1974272,
    1974272,
    1974272
  ],
  "meminfo.DirectMap1G": [
    7340032,
    7340032,
    7340032,
    7340032,
    7340032,
    7340032,
    7340032,
    7340032,
    7340032,
    7340032,
    7340032
  ]
}