{
  "proc-vmstat.time": [
    1480991063.7094495,
    1480991064.715379,
    1480991065.7249672,
    1480991066.732675,
    1480991067.7397435,
    1480991068.7513528,
    1480991069.7593544,
    1480991070.7682264,
    1480991071.7748942,
    1480991072.7830064,
    1480991073.793205
  ],
  "proc-vmstat.nr_free_pages": [
    1515018,
    1513293,
    1506365,
    1499236,
    1493566,
    1493284,
    1493166,
    1493110,
    1493040,
    1492970,
    1492988
  ],
  "proc-vmstat.nr_alloc_batch": [
    270,
    440,
    452,
    548,
    637,
    660,
    590,
    538,
    193,
    644,
    140
  ],
  "proc-vmstat.nr_inactive_anon": [
    23249,
    23249,
    23089,
    25303,
    26799,
    26839,
    26839,
    26839,
    26839,
    26839,
    26839
  ],
  "proc-vmstat.nr_active_anon": [
    79128,
    80303,
    83795,
    86260,
    89969,
    89969,
    90112,
    90089,
    90061,
    90108,
    90115
  ],
  "proc-vmstat.nr_inactive_file": [
    162638,
    162527,
    161976,
    164183,
    161787,
    161801,
    161801,
    161801,
    161801,
    161801,
    161801
  ],
  "proc-vmstat.nr_active_file": [
    206242,
    206344,
    210063,
    210206,
    212782,
    212837,
    212840,
    212840,
    212840,
    212842,
    212844
  ],
  "proc-vmstat.nr_anon_pages": [
    77252,
    78329,
    81804,
    84261,
    87926,
    88011,
    88101,
    88124,
    88094,
    88146,
    88163
  ],
  "proc-vmstat.nr_mapped": [
    86077,
    86678,
    90056,
    93223,
    93935,
    93985,
    93988,
    93989,
    93985,
    94044,
    93984
  ],
  "proc-vmstat.nr_file_pages": [
    393932,
    394086,
    397140,
    401925,
    403416,
    403443,
    403446,
    403446,
    403446,
    403448,
    403450
  ],
  "proc-vmstat.nr_dirty": [
    0,
    50,
    54,
    101,
    72,
    110,
    138,
    138,
    138,
    20,
    2
  ],
  "proc-vmstat.nr_writeback": [
    0,
    0,
    0,
    0,
    0,
    0,
    0,
    0,
    0,
    55,
    0
  ],
  "proc-vmstat.nr_slab_reclaimable": [
    16060,
    16130,
    16135,
    16158,
    16198,
    16216,
    16215,
    16215,
    16215,
    16216,
    16216
  ],
  "proc-vmstat.nr_slab_unreclaimable": [
    8041,
    8115,
    8172,
    8236,
    8294,
    8339,
    8322,
    8325,
    8331,
    8331,
    8334
  ],
  "proc-vmstat.nr_page_table_pages": [
    3416,
    3640,
    3798,
    3849,
    3921,
    3956,
    3956,
    3955,
    3956,
    3956,
    3956
  ],
  "proc-vmstat.nr_kernel_stack": [
    674,
    711,
    720,
    743,
    763,
    775,
    774,
    774,
    774,
    774,
    774
  ],
  "proc-vmstat.nr_shmem": [
    25219,
    25219,
    25036,
    27294,
    28787,
    28809,
    28809,
    28809,
    28809,
    28809,
    28809
  ],
  "proc-vmstat.nr_dirtied": [
    273576,
    273627,
    273632,
    273681,
    273783,
    273852,
    273882,
    273883,
    273884,
    273888,
    273897
  ],
  "proc-vmstat.nr_written": [
    269123,
    269124,
    269125,
    269127,
    269258,
    269289,
    269291,
    269292,
    269293,
    269360,
    269442
  ],
  "proc-vmstat.nr_dirty_threshold": [
    372873,
    372526,
    371774,
    370818,
    369720,
    369678,
    369655,
    369643,
    369629,
    369616,
    369620
  ],
  "proc-vmstat.nr_dirty_background_threshold": [
    93218,
    93131,
    92943,
    92704,
    92430,
    92419,
    92413,
    92410,
    92407,
    92404,
    92405
  ],
  "proc-vmstat.pgpgin": [
    719250,
    719558,
    732882,
    742014,
    742322,
    742322,
    742322,
    742322,
    742322,
    742322,
    742322
  ],
  "proc-vmstat.pgpgout": [
    1106932,
    1106936,
    1106984,
    1107136,
    1108116,
    1108240,
    1108244,
    1108248,
    1108264,
    1108888,
    1108952
  ],
  "proc-vmstat.pgalloc_dma32": [
    621418,
    626062,
    629873,
    634565,
    638416,
    638915,
    639403,
    639884,
    640419,
    641213,
    641790
  ],
  "proc-vmstat.pgalloc_normal": [
    1254013,
    1262875,
    1270579,
    1279764,
    1287318,
    1288362,
    1289377,
    1290464,
    1291779,
    1292888,
    1294373
  ],
  "proc-vmstat.pgfree": [
    3391399,
    3403048,
    3407595,
    3414119,
    3419943,
    3421483,
    3422963,
    3424517,
    3426250,
    3428216,
    3430270
  ],
  "proc-vmstat.pgactivate": [
    174466,
    174546,
    178323,
    178338,
    180938,
    180939,
    180940,
    180941,
    180942,
    180944,
    180946
  ],
  "proc-vmstat.pgfault": [
    1835149,
    1851343,
    1874967,
    1889554,
    1938848,
    1941981,
    1943798,
    1945686,
    1947973,
    1950498,
    1952970
  ],
  "proc-vmstat.pgmajfault": [
    4951,
    4958,
    4981,
    5047,
    5054,
    5054,
    5054,
    5054,
    5054,
    5054,
    5054
  ],
  "proc-vmstat.pageoutrun": [
    1,
    1,
    1,
    1,
    1,
    1,
    1,
    1,
    1,
    1,
    1
  ],
  "proc-vmstat.pgrotated": [
    2,
    2,
    2,
    2,
    2,
    2,
    2,
    2,
    2,
    2,
    2
  ]
}