{
  "proc-vmstat.time": [
    1478102969.1407964,
    1478102970.148048,
    1478102971.1690803,
    1478102972.195044,
    1478102973.224096,
    1478102974.2520351,
    1478102975.275224,
    1478102976.3080766,
    1478102977.3411021,
    1478102978.3752406,
    1478102979.3950384,
    1478102980.425098,
    1478102981.4441118,
    1478102982.478093,
    1478102983.5120997,
    1478102984.5422907,
    1478102985.5642164,
    1478102986.585099,
    1478102987.6080492,
    1478102988.6310446,
    1478102989.6600702,
    1478102990.69706,
    1478102991.7240167,
    1478102992.7560523,
    1478102993.7862406,
    1478102994.8110394
  ],
  "proc-vmstat.nr_free_pages": [
    3779708,
    3775793,
    3774803,
    3775040,
    3775102,
    3774981,
    3775063,
    3775093,
    3775057,
    3775151,
    3775027,
    3775154,
    3775095,
    3775033,
    3775095,
    3775061,
    3775007,
    3775185,
    3775030,
    3775067,
    3775094,
    3775061,
    3775146,
    3775083,
    3774959,
    3775109
  ],
  "proc-vmstat.nr_alloc_batch": [
    880,
    580,
    738,
    958,
    984,
    721,
    261,
    768,
    697,
    63,
    2541,
    648,
    876,
    908,
    1274,
    1044,
    383,
    764,
    690,
    56,
    254,
    849,
    255,
    1003,
    1394,
    746
  ],
  "proc-vmstat.nr_inactive_anon": [
    21448,
    21448,
    21448,
    21448,
    21448,
    21448,
    21448,
    21448,
    21448,
    21448,
    21448,
    21448,
    21448,
    21448,
    21448,
    21448,
    21448,
    21448,
    21448,
    21448,
    21448,
    21448,
    21448,
    21448,
    21448,
    21448
  ],
  "proc-vmstat.nr_active_anon": [
    44117,
    47782,
    48185,
    48012,
    47979,
    47967,
    47899,
    47900,
    47925,
    47940,
    47993,
    48001,
    47965,
    47950,
    47730,
    48053,
    47877,
    48040,
    47958,
    47995,
    48190,
    47923,
    48191,
    47920,
    47841,
    47912
  ],
  "proc-vmstat.nr_inactive_file": [
    91793,
    91692,
    91681,
    91683,
    91683,
    91683,
    91683,
    91680,
    91680,
    91680,
    91680,
    91680,
    91680,
    91680,
    91680,
    91680,
    91680,
    91680,
    91680,
    91680,
    91680,
    91680,
    91680,
    91680,
    91680,
    91680
  ],
  "proc-vmstat.nr_active_file": [
    112345,
    112460,
    112475,
    112510,
    112510,
    112510,
    112513,
    112516,
    112518,
    112518,
    112518,
    112520,
    112520,
    112522,
    112522,
    112522,
    112524,
    112524,
    112526,
    112526,
    112526,
    112528,
    112528,
    112529,
    112530,
    112530
  ],
  "proc-vmstat.nr_anon_pages": [
    43490,
    47121,
    47064,
    47227,
    47294,
    47224,
    47261,
    47276,
    47159,
    47297,
    47312,
    47228,
    47257,
    47119,
    46947,
    47295,
    47247,
    47340,
    47027,
    47203,
    47245,
    47192,
    47444,
    47318,
    47207,
    47329
  ],
  "proc-vmstat.nr_mapped": [
    62043,
    61867,
    61874,
    61874,
    61874,
    61874,
    61874,
    61874,
    61874,
    61874,
    61874,
    61874,
    61874,
    61874,
    61874,
    61874,
    61874,
    61874,
    61874,
    61874,
    61874,
    61874,
    61874,
    61874,
    61874,
    61874
  ],
  "proc-vmstat.nr_file_pages": [
    226260,
    226273,
    226277,
    226314,
    226314,
    226314,
    226317,
    226317,
    226319,
    226319,
    226319,
    226321,
    226321,
    226323,
    226323,
    226323,
    226325,
    226325,
    226327,
    226327,
    226327,
    226329,
    226329,
    226330,
    226331,
    226331
  ],
  "proc-vmstat.nr_dirty": [
    5586,
    5620,
    1402,
    4,
    5,
    199,
    231,
    37,
    0,
    1,
    1,
    9,
    11,
    10,
    11,
    11,
    11,
    11,
    0,
    1,
    1,
    5,
    7,
    6,
    7,
    7
  ],
  "proc-vmstat.nr_writeback": [
    0,
    0,
    1505,
    0,
    0,
    0,
    0,
    0,
    0,
    0,
    0,
    0,
    0,
    0,
    0,
    0,
    0,
    0,
    0,
    0,
    0,
    0,
    0,
    0,
    0,
    0
  ],
  "proc-vmstat.nr_slab_reclaimable": [
    11865,
    11888,
    11890,
    11915,
    11915,
    11912,
    11915,
    11913,
    11907,
    11907,
    11905,
    11905,
    11899,
    11899,
    11898,
    11898,
    11896,
    11896,
    11893,
    11893,
    11891,
    11889,
    11889,
    11889,
    11880,
    11880
  ],
  "proc-vmstat.nr_slab_unreclaimable": [
    7368,
    7503,
    7706,
    7640,
    7640,
    7640,
    7639,
    7651,
    7596,
    7598,
    7600,
    7600,
    7571,
    7571,
    7571,
    7571,
    7539,
    7544,
    7544,
    7544,
    7515,
    7515,
    7524,
    7524,
    7501,
    7503
  ],
  "proc-vmstat.nr_page_table_pages": [
    2461,
    2644,
    2707,
    2707,
    2708,
    2707,
    2708,
    2708,
    2706,
    2707,
    2708,
    2706,
    2705,
    2706,
    2706,
    2705,
    2706,
    2707,
    2707,
    2706,
    2707,
    2706,
    2706,
    2714,
    2707,
    2713
  ],
  "proc-vmstat.nr_kernel_stack": [
    623,
    661,
    680,
    680,
    680,
    680,
    680,
    680,
    680,
    680,
    680,
    679,
    679,
    679,
    679,
    679,
    679,
    679,
    679,
    679,
    679,
    679,
    679,
    680,
    679,
    680
  ],
  "proc-vmstat.nr_shmem": [
    22124,
    22124,
    22124,
    22124,
    22124,
    22124,
    22124,
    22124,
    22124,
    22124,
    22124,
    22124,
    22124,
    22124,
    22124,
    22124,
    22124,
    22124,
    22124,
    22124,
    22124,
    22124,
    22124,
    22124,
    22124,
    22124
  ],
  "proc-vmstat.nr_dirtied": [
    175153,
    175192,
    175197,
    175198,
    175200,
    175395,
    175428,
    175429,
    175430,
    175432,
    175433,
    175442,
    175445,
    175446,
    175448,
    175449,
    175450,
    175451,
    175452,
    175454,
    175455,
    175460,
    175463,
    175463,
    175466,
    175466
  ],
  "proc-vmstat.nr_written": [
    167394,
    167395,
    170113,
    173017,
    173018,
    173019,
    173020,
    173215,
    173253,
    173254,
    173255,
    173256,
    173257,
    173259,
    173260,
    173261,
    173262,
    173263,
    173275,
    173276,
    173277,
    173278,
    173279,
    173281,
    173282,
    173283
  ],
  "proc-vmstat.nr_dirty_threshold": [
    790799,
    790019,
    789822,
    789877,
    789889,
    789865,
    789882,
    789888,
    789881,
    789900,
    789875,
    789901,
    789889,
    789877,
    789889,
    789883,
    789872,
    789908,
    789877,
    789885,
    789890,
    789884,
    789901,
    789888,
    789864,
    789894
  ],
  "proc-vmstat.nr_dirty_background_threshold": [
    197699,
    197504,
    197455,
    197469,
    197472,
    197466,
    197470,
    197472,
    197470,
    197475,
    197468,
    197475,
    197472,
    197469,
    197472,
    197470,
    197468,
    197477,
    197469,
    197471,
    197472,
    197471,
    197475,
    197472,
    197466,
    197473
  ],
  "proc-vmstat.pgpgin": [
    668663,
    668663,
    668667,
    668671,
    668671,
    668671,
    668671,
    668671,
    668671,
    668671,
    668671,
    668671,
    668671,
    668671,
    668671,
    668671,
    668671,
    668671,
    668671,
    668671,
    668671,
    668671,
    668671,
    668671,
    668671,
    668671
  ],
  "proc-vmstat.pgpgout": [
    766544,
    766548,
    783532,
    788352,
    788356,
    789276,
    789280,
    790172,
    790200,
    790204,
    790252,
    790256,
    790264,
    790292,
    790296,
    790328,
    790332,
    790364,
    790392,
    790396,
    790428,
    790432,
    790440,
    790468,
    790472,
    790504
  ],
  "proc-vmstat.pgalloc_dma": [
    1,
    1,
    1,
    1,
    1,
    1,
    1,
    1,
    1,
    1,
    1,
    1,
    1,
    1,
    1,
    1,
    1,
    1,
    1,
    1,
    1,
    1,
    1,
    1,
    1,
    1
  ],