{
  "diskstats.time": [
    1479973642.096036,
    1479973643.0981326,
    1479973644.099886,
    1479973645.10161,
    1479973646.1033788,
    1479973647.1050467,
    1479973648.1068757,
    1479973649.1086369,
    1479973650.110415,
    1479973651.1121552,
    1479973652.1139603,
    1479973653.1159203
  ],
  "diskstats.sda.read_ios": [
    36613,
    36618,
    36642,
    36642,
    36642,
    36644,
    36644,
    36644,
    36644,
    36644,
    36644,
    36644
  ],
  "diskstats.sda.read_merges": [
    892,
    892,
    892,
    892,
    892,
    892,
    892,
    892,
    892,
    892,
    892,
    892
  ],
  "diskstats.sda.read_sectors": [
    1487066,
    1487258,
    1488986,
    1488986,
    1488986,
    1489002,
    1489002,
    1489002,
    1489002,
    1489002,
    1489002,
    1489002
  ],
  "diskstats.sda.read_ticks": [
    11650,
    11651,
    11697,
    11697,
    11697,
    11697,
    11697,
    11697,
    11697,
    11697,
    11697,
    11697
  ],
  "diskstats.sda.write_ios": [
    357842,
    357842,
    357883,
    357883,
    357883,
    357947,
    357947,
    357947,
    357950,
    357953,
    357997,
    357997
  ],
  "diskstats.sda.write_merges": [
    29943,
    29943,
    29988,
    29988,
    29988,
    30113,
    30113,
    30113,
    30124,
    30132,
    30170,
    30170
  ],
  "diskstats.sda.write_sectors": [
    7188728,
    7188728,
    7189392,
    7189392,
    7189392,
    7197368,
    7197368,
    7197368,
    7197480,
    7197568,
    7198224,
    7198224
  ],
  "diskstats.sda.write_ticks": [
    390987,
    390987,
    391095,
    391095,
    391095,
    391472,
    391472,
    391472,
    391485,
    391496,
    391506,
    391506
  ],
  "diskstats.sda.io_ticks": [
    75057,
    75058,
    75164,
    75164,
    75164,
    75216,
    75216,
    75216,
    75229,
    75240,
    75248,
    75248
  ],
  "diskstats.sda.time_in_queue": [
    402803,
    402804,
    402958,
    402958,
    402958,
    403334,
    403334,
    403334,
    403347,
    403358,
    403368,
    403368
  ],
  "diskstats.sda1.read_ios": [
    15,
    15,
    15,
    15,
    15,
    15,
    15,
    15,
    15,
    15,
    15,
    15
  ],
  "diskstats.sda1.read_sectors": [
    19,
    19,
    19,
    19,
    19,
    19,
    19,
    19,
    19,
    19,
    19,
    19
  ],
  "diskstats.sda2.read_ios": [
    6695,
    6700,
    6700,
    6700,
    6700,
    6701,
    6701,
    6701,
    6701,
    6701,
    6701,
    6701
  ],
  "diskstats.sda2.read_merges": [
    884,
    884,
    884,
    884,
    884,
    884,
    884,
    884,
    884,
    884,
    884,
    884
  ],
  "diskstats.sda2.read_sectors": [
    466934,
    467126,
    467126,
    467126,
    467126,
    467134,
    467134,
    467134,
    467134,
    467134,
    467134,
    467134
  ],
  "diskstats.sda2.read_ticks": [
    5311,
    5312,
    5312,
    5312,
    5312,
    5312,
    5312,
    5312,
    5312,
    5312,
    5312,
    5312
  ],
  "diskstats.sda2.write_ios": [
    707,
    707,
    707,
    707,
    707,
    745,
    745,
    745,
    745,
    745,
    785,
    785
  ],
  "diskstats.sda2.write_merges": [
    8492,
    8492,
    8492,
    8492,
    8492,
    8586,
    8586,
    8586,
    8586,
    8586,
    8624,
    8624
  ],
  "diskstats.sda2.write_sectors": [
    765152,
    765152,
    765152,
    765152,
    765152,
    772672,
    772672,
    772672,
    772672,
    772672,
    773296,
    773296
  ],
  "diskstats.sda2.write_ticks": [
    34439,
    34439,
    34439,
    34439,
    34439,
    34682,
    34682,
    34682,
    34682,
    34682,
    34692,
    34692
  ],
  "diskstats.sda2.io_ticks": [
    4849,
    4850,
    4850,
    4850,
    4850,
    4866,
    4866,
    4866,
    4866,
    4866,
    4874,
    4874
  ],
  "diskstats.sda2.time_in_queue": [
    39928,
    39929,
    39929,
    39929,
    39929,
    40171,
    40171,
    40171,
    40171,
    40171,
    40181,
    40181
  ],
  "diskstats.sda3.read_ios": [
    99,
    99,
    99,
    99,
    99,
    99,
    99,
    99,
    99,
    99,
    99,
    99
  ],
  "diskstats.sda3.read_sectors": [
    223,
    223,
    223,
    223,
    223,
    223,
    223,
    223,
    223,
    223,
    223,
    223
  ],
  "diskstats.sda3.read_ticks": [
    2,
    2,
    2,
    2,
    2,
    2,
    2,
    2,
    2,
    2,
    2,
    2
  ],
  "diskstats.sda3.io_ticks": [
    2,
    2,
    2,
    2,
    2,
    2,
    2,
    2,
    2,
    2,
    2,
    2
  ],
  "diskstats.sda3.time_in_queue": [
    2,
    2,
    2,
    2,
    2,
    2,
    2,
    2,
    2,
    2,
    2,
    2
  ],
  "diskstats.sda4.read_ios": [
    29696,
    29696,
    29720,
    29720,
    29720,
    29721,
    29721,
    29721,
    29721,
    29721,
    29721,
    29721
  ],
  "diskstats.sda4.read_merges": [
    8,
    8,
    8,
    8,
    8,
    8,
    8,
    8,
    8,
    8,
    8,
    8
  ],
  "diskstats.sda4.read_sectors": [
    1019588,
    1019588,
    1021316,
    1021316,
    1021316,
    1021324,
    1021324,
    1021324,
    1021324,
    1021324,
    1021324,
    1021324
  ],
  "diskstats.sda4.read_ticks": [
    6333,
    6333,
    6379,
    6379,
    6379,
    6379,
    6379,
    6379,
    6379,
    6379,
    6379,
    6379
  ],
  "diskstats.sda4.write_ios": [
    352313,
    352313,
    352345,
    352345,
    352345,
    352371,
    352371,
    352371,
    352374,
    352377,
    352381,
    352381
  ],
  "diskstats.sda4.write_merges": [
    21451,
    21451,
    21496,
    21496,
    21496,
    21527,
    21527,
    21527,
    21538,
    21546,
    21546,
    21546
  ],
  "diskstats.sda4.write_sectors": [
    6423576,
    6423576,
    6424240,
    6424240,
    6424240,
    6424696,
    6424696,
    6424696,
    6424808,
    6424896,
    6424928,
    6424928
  ],
  "diskstats.sda4.write_ticks": [
    337086,
    337086,
    337152,
    337152,
    337152,
    337286,
    337286,
    337286,
    337299,
    337310,
    337310,
    337310
  ],
  "diskstats.sda4.io_ticks": [
    54182,
    54182,
    54251,
    54251,
    54251,
    54294,
    54294,
    54294,
    54307,
    54318,
    54318,
    54318
  ],
  "diskstats.sda4.time_in_queue": [
    343218,
    343218,
    343330,
    343330,
    343330,
    343464,
    343464,
    343464,
    343477,
    343488,
    343488,
    343488
  ]
}