{
  "interrupts.time": [
    1479973642.081282,
    1479973653.4518428
  ],
  "interrupts.CPU0.0:IO-APIC.2-edge.timer": [
    26,
    26
  ],
  "interrupts.0:IO-APIC.2-edge.timer": [
    26,
    26
  ],
  "interrupts.CPU3.8:IO-APIC.8-edge.rtc0": [
    1,
    1
  ],
  "interrupts.8:IO-APIC.8-edge.rtc0": [
    1,
    1
  ],
  "interrupts.CPU1.9:IO-APIC.9-fasteoi.acpi": [
    2,
    2
  ],
  "interrupts.CPU2.9:IO-APIC.9-fasteoi.acpi": [
    1,
    1
  ],
  "interrupts.9:IO-APIC.9-fasteoi.acpi": [
    3,
    3
  ],
  "interrupts.CPU0.23:IO-APIC.23-fasteoi.ehci_hcd:usb1": [
    1,
    1
  ],
  "interrupts.CPU1.23:IO-APIC.23-fasteoi.ehci_hcd:usb1": [
    2,
    2
  ],
  "interrupts.CPU2.23:IO-APIC.23-fasteoi.ehci_hcd:usb1": [
    35,
    35
  ],
  "interrupts.CPU3.23:IO-APIC.23-fasteoi.ehci_hcd:usb1": [
    2,
    2
  ],
  "interrupts.23:IO-APIC.23-fasteoi.ehci_hcd:usb1": [
    40,
    40
  ],
  "interrupts.CPU0.40:PCI-MSI.512000-edge.0000:00:1f.2": [
    51433,
    51522
  ],
  "interrupts.CPU1.40:PCI-MSI.512000-edge.0000:00:1f.2": [
    30662,
    30728
  ],
  "interrupts.CPU2.40:PCI-MSI.512000-edge.0000:00:1f.2": [
    181730,
    181778
  ],
  "interrupts.CPU3.40:PCI-MSI.512000-edge.0000:00:1f.2": [
    139088,
    139103
  ],
  "interrupts.40:PCI-MSI.512000-edge.0000:00:1f.2": [
    402913,
    403131
  ],
  "interrupts.CPU0.41:PCI-MSI.327680-edge.xhci_hcd": [
    81,
    81
  ],
  "interrupts.CPU1.41:PCI-MSI.327680-edge.xhci_hcd": [
    30,
    30
  ],
  "interrupts.CPU2.41:PCI-MSI.327680-edge.xhci_hcd": [
    111,
    111
  ],
  "interrupts.CPU3.41:PCI-MSI.327680-edge.xhci_hcd": [
    49,
    49
  ],
  "interrupts.41:PCI-MSI.327680-edge.xhci_hcd": [
    271,
    271
  ],
  "interrupts.CPU0.42:PCI-MSI.32768-edge.i915": [
    735,
    790
  ],
  "interrupts.CPU1.42:PCI-MSI.32768-edge.i915": [
    448,
    513
  ],
  "interrupts.CPU2.42:PCI-MSI.32768-edge.i915": [
    2044,
    2358
  ],
  "interrupts.CPU3.42:PCI-MSI.32768-edge.i915": [
    574,
    634
  ],
  "interrupts.42:PCI-MSI.32768-edge.i915": [
    3801,
    4295
  ],
  "interrupts.CPU0.43:PCI-MSI.442368-edge.snd_hda_intel": [
    181,
    181
  ],
  "interrupts.CPU1.43:PCI-MSI.442368-edge.snd_hda_intel": [
    38,
    38
  ],
  "interrupts.CPU2.43:PCI-MSI.442368-edge.snd_hda_intel": [
    6,
    6
  ],
  "interrupts.CPU3.43:PCI-MSI.442368-edge.snd_hda_intel": [
    1,
    1
  ],
  "interrupts.43:PCI-MSI.442368-edge.snd_hda_intel": [
    226,
    226
  ],
  "interrupts.CPU0.44:PCI-MSI.1572864-edge.eth0": [
    9080,
    9117
  ],
  "interrupts.CPU1.44:PCI-MSI.1572864-edge.eth0": [
    3616,
    3656
  ],
  "interrupts.CPU2.44:PCI-MSI.1572864-edge.eth0": [
    24575,
    24663
  ],
  "interrupts.CPU3.44:PCI-MSI.1572864-edge.eth0": [
    6076,
    6104
  ],
  "interrupts.44:PCI-MSI.1572864-edge.eth0": [
    43347,
    43540
  ],
  "interrupts.CPU0.45:PCI-MSI.49152-edge.snd_hda_intel": [
    145,
    145
  ],
  "interrupts.CPU1.45:PCI-MSI.49152-edge.snd_hda_intel": [
    20,
    20
  ],
  "interrupts.CPU2.45:PCI-MSI.49152-edge.snd_hda_intel": [
    185,
    185
  ],
  "interrupts.CPU3.45:PCI-MSI.49152-edge.snd_hda_intel": [
    313,
    313
  ],
  "interrupts.45:PCI-MSI.49152-edge.snd_hda_intel": [
    663,
    663
  ],
  "interrupts.CPU0.NMI:Non-maskable_interrupts": [
    1,
    1
  ],
  "interrupts.CPU1.NMI:Non-maskable_interrupts": [
    1,
    1
  ],
  "interrupts.CPU2.NMI:Non-maskable_interrupts": [
    1,
    1
  ],
  "interrupts.CPU3.NMI:Non-maskable_interrupts": [
    1,
    1
  ],
  "interrupts.NMI:Non-maskable_interrupts": [
    4,
    4
  ],
  "interrupts.CPU0.LOC:Local_timer_interrupts": [
    47506,
    50402
  ],
  "interrupts.CPU1.LOC:Local_timer_interrupts": [
    56084,
    58624
  ],
  "interrupts.CPU2.LOC:Local_timer_interrupts": [
    37693,
    39972
  ],
  "interrupts.CPU3.LOC:Local_timer_interrupts": [
    39127,
    41241
  ],
  "interrupts.LOC:Local_timer_interrupts": [
    180410,
    190239
  ],
  "interrupts.CPU0.PMI:Performance_monitoring_interrupts": [
    1,
    1
  ],
  "interrupts.CPU1.PMI:Performance_monitoring_interrupts": [
    1,
    1
  ],
  "interrupts.CPU2.PMI:Performance_monitoring_interrupts": [
    1,
    1
  ],
  "interrupts.CPU3.PMI:Performance_monitoring_interrupts": [
    1,
    1
  ],
  "interrupts.PMI:Performance_monitoring_interrupts": [
    4,
    4
  ],
  "interrupts.CPU0.RTR:APIC_ICR_read_retries": [
    3,
    3
  ],
  "interrupts.RTR:APIC_ICR_read_retries": [
    3,
    3
  ],
  "interrupts.CPU0.RES:Rescheduling_interrupts": [
    3259,
    3342
  ],
  "interrupts.CPU1.RES:Rescheduling_interrupts": [
    2724,
    2787
  ],
  "interrupts.CPU2.RES:Rescheduling_interrupts": [
    2492,
    2532
  ],
  "interrupts.CPU3.RES:Rescheduling_interrupts": [
    2928,
    2963
  ],
  "interrupts.RES:Rescheduling_interrupts": [
    11403,
    11624
  ],
  "interrupts.CPU0.CAL:Function_call_interrupts": [
    109,
    110
  ],
  "interrupts.CPU1.CAL:Function_call_interrupts": [
    136,
    137
  ],
  "interrupts.CPU2.CAL:Function_call_interrupts": [
    157,
    157
  ],
  "interrupts.CPU3.CAL:Function_call_interrupts": [
    131,
    132
  ],
  "interrupts.CAL:Function_call_interrupts": [
    533,
    536
  ],
  "interrupts.CPU0.TLB:TLB_shootdowns": [
    3038,
    3320
  ],
  "interrupts.CPU1.TLB:TLB_shootdowns": [
    2762,
    2979
  ],
  "interrupts.CPU2.TLB:TLB_shootdowns": [
    3492,
    3696
  ],
  "interrupts.CPU3.TLB:TLB_shootdowns": [
    3046,
    3177
  ],
  "interrupts.TLB:TLB_shootdowns": [
    12338,
    13172
  ],
  "interrupts.CPU0.MCP:Machine_check_polls": [
    2,
    2
  ],
  "interrupts.CPU1.MCP:Machine_check_polls": [
    2,
    2
  ],
  "interrupts.CPU2.MCP:Machine_check_polls": [
    2,
    2
  ],
  "interrupts.CPU3.MCP:Machine_check_polls": [
    2,
    2
  ],
  "interrupts.MCP:Machine_check_polls": [
    8,
    8
  ]
}