{
  "meminfo.time": [
    1479973642.0746696,
    1479973643.0765784,
    1479973644.0781968,
    1479973645.0799587,
    1479973646.0816696,
    1479973647.0846171,
    1479973648.0880408,
    1479973649.0904088,
    1479973650.0920641,
    1479973651.0941472,
    1479973652.0966978,
    1479973653.0991635
  ],
  "meminfo.MemTotal": [
    16360572,
    16360572,
    16360572,
    16360572,
    16360572,
    16360572,
    16360572,
    16360572,
    16360572,
    16360572,
    16360572,
    16360572
  ],
  "meminfo.MemFree": [
    15112752,
    15106976,
    15084580,
    15084320,
    15083716,
    15088532,
    15083972,
    15084172,
    15084440,
    15084768,
    15084612,
    15085156
  ],
  "meminfo.MemAvailable": [
    15916560,
    15911792,
    15890584,
    15890288,
    15889684,
    15894512,
    15890004,
    15890200,
    15890468,
    15890808,
    15890656,
    15891248
  ],
  "meminfo.Buffers": [
    55288,
    55292,
    55368,
    55368,
    55368,
    55412,
    55412,
    55412,
    55420,
    55428,
    55436,
    55436
  ],
  "meminfo.Cached": [
    887552,
    887924,
    895544,
    895660,
    895660,
    890520,
    895448,
    895676,
    895668,
    895680,
    895668,
    895676
  ],
  "meminfo.Active": [
    623528,
    628404,
    654812,
    655196,
    656344,
    655944,
    656216,
    655640,
    655732,
    655848,
    655684,
    655992
  ],
  "meminfo.Inactive": [
    505788,
    505812,
    498316,
    497976,
    497976,
    493080,
    497712,
    497980,
    497980,
    497980,
    497980,
    497980
  ],
  "meminfo.Active(anon)": [
    189556,
    193768,
    204696,
    204912,
    206060,
    205648,
    205876,
    205300,
    205392,
    205496,
    205328,
    205628
  ],
  "meminfo.Inactive(anon)": [
    70836,
    70836,
    77684,
    77556,
    77556,
    72660,
    77288,
    77556,
    77556,
    77556,
    77556,
    77556
  ],
  "meminfo.Active(file)": [
    433972,
    434636,
    450116,
    450284,
    450284,
    450296,
    450340,
    450340,
    450340,
    450352,
    450356,
    450364
  ],
  "meminfo.Inactive(file)": [
    434952,
    434976,
    420632,
    420420,
    420420,
    420420,
    420424,
    420424,
    420424,
    420424,
    420424,
    420424
  ],
  "meminfo.Dirty": [
    3380,
    3480,
    3572,
    3572,
    3572,
    364,
    320,
    320,
    320,
    340,
    48,
    16
  ],
  "meminfo.Writeback": [
    0,
    0,
    0,
    0,
    0,
    292,
    0,
    0,
    0,
    0,
    0,
    0
  ],
  "meminfo.AnonPages": [
    186964,
    190864,
    201916,
    201936,
    203280,
    202872,
    203132,
    202584,
    202652,
    202724,
    202580,
    202480
  ],
  "meminfo.Mapped": [
    270184,
    272720,
    281944,
    281556,
    281556,
    277472,
    281752,
    281628,
    281628,
    281628,
    281628,
    281644
  ],
  "meminfo.Shmem": [
    73616,
    73616,
    80280,
    80336,
    80336,
    75228,
    80108,
    80336,
    80336,
    80336,
    80336,
    80336
  ],
  "meminfo.Slab": [
    74940,
    75912,
    76292,
    76368,
    76388,
    76392,
    76404,
    76308,
    76308,
    76340,
    76352,
    76436
  ],
  "meminfo.SReclaimable": [
    47140,
    47784,
    47884,
    47900,
    47900,
    47900,
    47912,
    47904,
    47904,
    47904,
    47904,
    47980
  ],
  "meminfo.SUnreclaim": [
    27800,
    28128,
    28408,
    28468,
    28488,
    28492,
    28492,
    28404,
    28404,
    28436,
    28448,
    28456
  ],
  "meminfo.KernelStack": [
    9728,
    10336,
    10928,
    10832,
    10832,
    10832,
    10832,
    10832,
    10832,
    10832,
    10832,
    10832
  ],
  "meminfo.PageTables": [
    12116,
    12912,
    13736,
    13424,
    13444,
    13436,
    13440,
    13452,
    13452,
    13452,
    13460,
    13452
  ],
  "meminfo.CommitLimit": [
    8180284,
    8180284,
    8180284,
    8180284,
    8180284,
    8180284,
    8180284,
    8180284,
    8180284,
    8180284,
    8180284,
    8180284
  ],
  "meminfo.Committed_AS": [
    32879420,
    32897224,
    34174584,
    34175520,
    34191584,
    34196456,
    34177592,
    34178504,
    34161292,
    34177176,
    34177176,
    34178140
  ],
  "meminfo.VmallocTotal": [
    34359738367,
    34359738367,
    34359738367,
    34359738367,
    34359738367,
    34359738367,
    34359738367,
    34359738367,
    34359738367,
    34359738367,
    34359738367,
    34359738367
  ],
  "meminfo.DirectMap4k": [
    16044,
    16044,
    16044,
    16044,
    16044,
    16044,
    16044,
    16044,
    16044,
    16044,
    16044,
    16044
  ],
  "meminfo.DirectMap2M": [
    1998848,
    1998848,
    1998848,
    1998848,
    1998848,
    1998848,
    1998848,
    1998848,
    1998848,
    1998848,
    1998848,
    1998848
  ],
  "meminfo.DirectMap1G": [
    15728640,
    15728640,
    15728640,
    15728640,
    15728640,
    15728640,
    15728640,
    15728640,
    15728640,
    15728640,
    15728640,
    15728640
  ]
}