{
  "proc-vmstat.time": [
    1479973642.0674174,
    1479973643.0691986,
    1479973644.0709417,
    1479973645.0726898,
    1479973646.0743518,
    1479973647.076086,
    1479973648.0786343,
    1479973649.081977,
    1479973650.0839672,
    1479973651.085769,
    1479973652.088152,
    1479973653.0899062
  ],
  "proc-vmstat.nr_free_pages": [
    3778431,
    3776744,
    3771104,
    3771062,
    3771083,
    3772092,
    3771051,
    3771043,
    3771193,
    3771094,
    3771174,
    3771191
  ],
  "proc-vmstat.nr_alloc_batch": [
    622,
    460,
    29,
    178,
    617,
    570,
    104,
    815,
    619,
    399,
    995,
    766
  ],
  "proc-vmstat.nr_inactive_anon": [
    17709,
    17709,
    19421,
    19389,
    19389,
    18165,
    19322,
    19389,
    19389,
    19389,
    19389,
    19389
  ],
  "proc-vmstat.nr_active_anon": [
    47291,
    48442,
    51211,
    51277,
    51233,
    51363,
    51469,
    51325,
    51348,
    51374,
    51381,
    51407
  ],
  "proc-vmstat.nr_inactive_file": [
    108738,
    108744,
    105158,
    105105,
    105105,
    105105,
    105106,
    105106,
    105106,
    105106,
    105106,
    105106
  ],
  "proc-vmstat.nr_active_file": [
    108493,
    108659,
    112529,
    112571,
    112571,
    112574,
    112585,
    112585,
    112585,
    112588,
    112589,
    112591
  ],
  "proc-vmstat.nr_anon_pages": [
    46520,
    47667,
    50516,
    50533,
    50538,
    50767,
    50783,
    50646,
    50663,
    50681,
    50645,
    50718
  ],
  "proc-vmstat.nr_mapped": [
    67619,
    68180,
    70486,
    70389,
    70389,
    69368,
    70438,
    70407,
    70407,
    70407,
    70407,
    70411
  ],
  "proc-vmstat.nr_file_pages": [
    235710,
    235804,
    237728,
    237757,
    237757,
    236483,
    237715,
    237772,
    237772,
    237777,
    237776,
    237778
  ],
  "proc-vmstat.nr_dirty": [
    845,
    870,
    893,
    893,
    893,
    91,
    80,
    80,
    80,
    85,
    12,
    4
  ],
  "proc-vmstat.nr_writeback": [
    0,
    0,
    0,
    0,
    0,
    73,
    0,
    0,
    0,
    0,
    0,
    0
  ],
  "proc-vmstat.nr_slab_reclaimable": [
    11785,
    11946,
    11971,
    11975,
    11975,
    11975,
    11978,
    11976,
    11976,
    11976,
    11976,
    11995
  ],
  "proc-vmstat.nr_slab_unreclaimable": [
    6950,
    7032,
    7102,
    7117,
    7122,
    7123,
    7123,
    7101,
    7101,
    7109,
    7112,
    7114
  ],
  "proc-vmstat.nr_page_table_pages": [
    2974,
    3155,
    3434,
    3356,
    3361,
    3359,
    3360,
    3363,
    3363,
    3363,
    3365,
    3363
  ],
  "proc-vmstat.nr_kernel_stack": [
    608,
    646,
    683,
    677,
    677,
    677,
    677,
    677,
    677,
    677,
    677,
    677
  ],
  "proc-vmstat.nr_shmem": [
    18404,
    18404,
    20070,
    20084,
    20084,
    18807,
    20027,
    20084,
    20084,
    20084,
    20084,
    20084
  ],
  "proc-vmstat.nr_dirtied": [
    868687,
    868823,
    868863,
    868870,
    868870,
    868946,
    868956,
    868956,
    868956,
    868963,
    868963,
    868967
  ],
  "proc-vmstat.nr_written": [
    866301,
    866331,
    866348,
    866355,
    866355,
    867160,
    867254,
    867254,
    867254,
    867256,
    867329,
    867341
  ],
  "proc-vmstat.nr_dirty_threshold": [
    793411,
    793108,
    792036,
    792026,
    792030,
    792232,
    792027,
    792025,
    792055,
    792036,
    792052,
    792056
  ],
  "proc-vmstat.nr_dirty_background_threshold": [
    198352,
    198277,
    198009,
    198006,
    198007,
    198058,
    198006,
    198006,
    198013,
    198009,
    198013,
    198014
  ],
  "proc-vmstat.pgpgin": [
    743597,
    743693,
    744557,
    744557,
    744557,
    744565,
    744565,
    744565,
    744565,
    744565,
    744565,
    744565
  ],
  "proc-vmstat.pgpgout": [
    3594352,
    3594352,
    3594684,
    3594684,
    3594684,
    3598672,
    3598672,
    3598672,
    3598728,
    3598772,
    3599100,
    3599100
  ],
  "proc-vmstat.pgalloc_dma32": [
    166170,
    168895,
    175745,
    181552,
    187533,
    191998,
    192605,
    192954,
    193135,
    193449,
    193884,
    194089
  ],
  "proc-vmstat.pgalloc_normal": [
    612427,
    622536,
    647678,
    670006,
    692063,
    708654,
    710623,
    711717,
    712809,
    713765,
    714928,
    715988
  ],
  "proc-vmstat.pgfree": [
    4557930,
    4568908,
    4595946,
    4624073,
    4652103,
    4674152,
    4675417,
    4676971,
    4678233,
    4679472,
    4681025,
    4682322
  ],
  "proc-vmstat.pgactivate": [
    106755,
    106817,
    110653,
    110653,
    110653,
    110653,
    110653,
    110653,
    110653,
    110653,
    110653,
    110653
  ],
  "proc-vmstat.pgfault": [
    667292,
    682853,
    731134,
    759507,
    787761,
    809778,
    812406,
    814265,
    815815,
    817358,
    819206,
    820757
  ],
  "proc-vmstat.pgmajfault": [
    3747,
    3749,
    3759,
    3759,
    3759,
    3760,
    3760,
    3760,
    3760,
    3760,
    3760,
    3760
  ],
  "proc-vmstat.pageoutrun": [
    1,
    1,
    1,
    1,
    1,
    1,
    1,
    1,
    1,
    1,
    1,
    1
  ],
  "proc-vmstat.pgrotated": [
    1,
    1,
    1,
    1,
    1,
    1,
    1,
    1,
    1,
    1,
    1,
    1
  ]
}