{
  "softirqs.time": [
    1479973642.090253,
    1479973653.4517689
  ],
  "softirqs.CPU1.HI": [
    4,
    4
  ],
  "softirqs.CPU2.HI": [
    3,
    3
  ],
  "softirqs.CPU3.HI": [
    2,
    2
  ],
  "softirqs.HI": [
    9,
    9
  ],
  "softirqs.CPU0.TIMER": [
    43137,
    45821
  ],
  "softirqs.CPU1.TIMER": [
    51835,
    54168
  ],
  "softirqs.CPU2.TIMER": [
    34758,
    36823
  ],
  "softirqs.CPU3.TIMER": [
    35635,
    37392
  ],
  "softirqs.TIMER": [
    165365,
    174204
  ],
  "softirqs.CPU1.NET_TX": [
    23,
    25
  ],
  "softirqs.NET_TX": [
    23,
    25
  ],
  "softirqs.CPU0.NET_RX": [
    9091,
    9143
  ],
  "softirqs.CPU1.NET_RX": [
    3616,
    3664
  ],
  "softirqs.CPU2.NET_RX": [
    24584,
    24697
  ],
  "softirqs.CPU3.NET_RX": [
    6076,
    6117
  ],
  "softirqs.NET_RX": [
    43367,
    43621
  ],
  "softirqs.CPU0.BLOCK": [
    51360,
    51449
  ],
  "softirqs.CPU1.BLOCK": [
    30635,
    30698
  ],
  "softirqs.CPU2.BLOCK": [
    181735,
    181783
  ],
  "softirqs.CPU3.BLOCK": [
    139112,
    139127
  ],
  "softirqs.BLOCK": [
    402842,
    403057
  ],
  "softirqs.CPU0.TASKLET": [
    6,
    7
  ],
  "softirqs.CPU1.TASKLET": [
    25,
    25
  ],
  "softirqs.CPU2.TASKLET": [
    150,
    150
  ],
  "softirqs.CPU3.TASKLET": [
    11,
    11
  ],
  "softirqs.TASKLET": [
    192,
    193
  ],
  "softirqs.CPU0.SCHED": [
    16807,
    17805
  ],
  "softirqs.CPU1.SCHED": [
    18458,
    19396
  ],
  "softirqs.CPU2.SCHED": [
    15510,
    16347
  ],
  "softirqs.CPU3.SCHED": [
    14600,
    15330
  ],
  "softirqs.SCHED": [
    65375,
    68878
  ],
  "softirqs.CPU0.RCU": [
    32906,
    34642
  ],
  "softirqs.CPU1.RCU": [
    36510,
    38252
  ],
  "softirqs.CPU2.RCU": [
    32955,
    34472
  ],
  "softirqs.CPU3.RCU": [
    31004,
    32335
  ],
  "softirqs.RCU": [
    133375,
    139701
  ]
}