{
  "interrupts.time": [
    1478604297.695573,
    1478604553.1124594
  ],
  "interrupts.CPU0.0:IO-APIC.2-edge.timer": [
    37,
    37
  ],
  "interrupts.0:IO-APIC.2-edge.timer": [
    37,
    37
  ],
  "interrupts.CPU2.1:IO-APIC.1-edge.i8042": [
    2,
    2
  ],
  "interrupts.1:IO-APIC.1-edge.i8042": [
    2,
    2
  ],
  "interrupts.CPU0.8:IO-APIC.8-edge.rtc0": [
    1,
    1
  ],
  "interrupts.8:IO-APIC.8-edge.rtc0": [
    1,
    1
  ],
  "interrupts.CPU4.9:IO-APIC.9-fasteoi.acpi": [
    3,
    3
  ],
  "interrupts.9:IO-APIC.9-fasteoi.acpi": [
    3,
    3
  ],
  "interrupts.CPU1.12:IO-APIC.12-edge.i8042": [
    1,
    1
  ],
  "interrupts.CPU5.12:IO-APIC.12-edge.i8042": [
    3,
    3
  ],
  "interrupts.12:IO-APIC.12-edge.i8042": [
    4,
    4
  ],
  "interrupts.CPU0.120:PCI-MSI.376832-edge.0000:00:17.0": [
    13834,
    14262
  ],
  "interrupts.CPU1.120:PCI-MSI.376832-edge.0000:00:17.0": [
    2599,
    2616
  ],
  "interrupts.CPU2.120:PCI-MSI.376832-edge.0000:00:17.0": [
    2548,
    2568
  ],
  "interrupts.CPU3.120:PCI-MSI.376832-edge.0000:00:17.0": [
    983,
    1001
  ],
  "interrupts.CPU4.120:PCI-MSI.376832-edge.0000:00:17.0": [
    3261,
    3641
  ],
  "interrupts.CPU5.120:PCI-MSI.376832-edge.0000:00:17.0": [
    2193,
    2201
  ],
  "interrupts.CPU6.120:PCI-MSI.376832-edge.0000:00:17.0": [
    1326,
    1343
  ],
  "interrupts.CPU7.120:PCI-MSI.376832-edge.0000:00:17.0": [
    862,
    879
  ],
  "interrupts.120:PCI-MSI.376832-edge.0000:00:17.0": [
    27606,
    28511
  ],
  "interrupts.CPU0.121:PCI-MSI.327680-edge.xhci_hcd": [
    217,
    231
  ],
  "interrupts.CPU1.121:PCI-MSI.327680-edge.xhci_hcd": [
    23,
    23
  ],
  "interrupts.CPU2.121:PCI-MSI.327680-edge.xhci_hcd": [
    2,
    2
  ],
  "interrupts.CPU3.121:PCI-MSI.327680-edge.xhci_hcd": [
    7,
    8
  ],
  "interrupts.CPU4.121:PCI-MSI.327680-edge.xhci_hcd": [
    11,
    13
  ],
  "interrupts.CPU5.121:PCI-MSI.327680-edge.xhci_hcd": [
    37,
    37
  ],
  "interrupts.CPU6.121:PCI-MSI.327680-edge.xhci_hcd": [
    1,
    1
  ],
  "interrupts.CPU7.121:PCI-MSI.327680-edge.xhci_hcd": [
    16,
    17
  ],
  "interrupts.121:PCI-MSI.327680-edge.xhci_hcd": [
    314,
    332
  ],
  "interrupts.CPU0.122:PCI-MSI.32768-edge.i915": [
    1670,
    1682
  ],
  "interrupts.CPU1.122:PCI-MSI.32768-edge.i915": [
    434,
    435
  ],
  "interrupts.CPU2.122:PCI-MSI.32768-edge.i915": [
    329,
    329
  ],
  "interrupts.CPU3.122:PCI-MSI.32768-edge.i915": [
    214,
    214
  ],
  "interrupts.CPU4.122:PCI-MSI.32768-edge.i915": [
    713,
    720
  ],
  "interrupts.CPU5.122:PCI-MSI.32768-edge.i915": [
    412,
    412
  ],
  "interrupts.CPU6.122:PCI-MSI.32768-edge.i915": [
    260,
    260
  ],
  "interrupts.CPU7.122:PCI-MSI.32768-edge.i915": [
    142,
    142
  ],
  "interrupts.122:PCI-MSI.32768-edge.i915": [
    4174,
    4194
  ],
  "interrupts.CPU0.123:PCI-MSI.514048-edge.snd_hda_intel": [
    310,
    310
  ],
  "interrupts.CPU1.123:PCI-MSI.514048-edge.snd_hda_intel": [
    2,
    2
  ],
  "interrupts.CPU2.123:PCI-MSI.514048-edge.snd_hda_intel": [
    4,
    4
  ],
  "interrupts.CPU3.123:PCI-MSI.514048-edge.snd_hda_intel": [
    3,
    3
  ],
  "interrupts.CPU4.123:PCI-MSI.514048-edge.snd_hda_intel": [
    80,
    80
  ],
  "interrupts.CPU5.123:PCI-MSI.514048-edge.snd_hda_intel": [
    55,
    55
  ],
  "interrupts.CPU6.123:PCI-MSI.514048-edge.snd_hda_intel": [
    50,
    50
  ],
  "interrupts.123:PCI-MSI.514048-edge.snd_hda_intel": [
    504,
    504
  ],
  "interrupts.CPU0.124:PCI-MSI.2097152-edge.eth0": [
    55866,
    55886
  ],
  "interrupts.CPU1.124:PCI-MSI.2097152-edge.eth0": [
    3506,
    3506
  ],
  "interrupts.CPU2.124:PCI-MSI.2097152-edge.eth0": [
    2770,
    2772
  ],
  "interrupts.CPU3.124:PCI-MSI.2097152-edge.eth0": [
    2152,
    2152
  ],
  "interrupts.CPU4.124:PCI-MSI.2097152-edge.eth0": [
    9768,
    9777
  ],
  "interrupts.CPU5.124:PCI-MSI.2097152-edge.eth0": [
    3370,
    3372
  ],
  "interrupts.CPU6.124:PCI-MSI.2097152-edge.eth0": [
    3915,
    3916
  ],
  "interrupts.CPU7.124:PCI-MSI.2097152-edge.eth0": [
    2906,
    2907
  ],
  "interrupts.124:PCI-MSI.2097152-edge.eth0": [
    84253,
    84288
  ],
  "interrupts.CPU0.NMI:Non-maskable_interrupts": [
    3,
    12
  ],
  "interrupts.CPU1.NMI:Non-maskable_interrupts": [
    3,
    3
  ],
  "interrupts.CPU2.NMI:Non-maskable_interrupts": [
    3,
    3
  ],
  "interrupts.CPU3.NMI:Non-maskable_interrupts": [
    3,
    3
  ],
  "interrupts.CPU4.NMI:Non-maskable_interrupts": [
    28,
    43
  ],
  "interrupts.CPU5.NMI:Non-maskable_interrupts": [
    27,
    27
  ],
  "interrupts.CPU6.NMI:Non-maskable_interrupts": [
    3,
    3
  ],
  "interrupts.CPU7.NMI:Non-maskable_interrupts": [
    3,
    3
  ],
  "interrupts.NMI:Non-maskable_interrupts": [
    73,
    97
  ],
  "interrupts.CPU0.LOC:Local_timer_interrupts": [
    133226,
    230267
  ],
  "interrupts.CPU1.LOC:Local_timer_interrupts": [
    113468,
    129582
  ],
  "interrupts.CPU2.LOC:Local_timer_interrupts": [
    124339,
    137234
  ],
  "interrupts.CPU3.LOC:Local_timer_interrupts": [
    121054,
    137397
  ],
  "interrupts.CPU4.LOC:Local_timer_interrupts": [
    332427,
    495866
  ],
  "interrupts.CPU5.LOC:Local_timer_interrupts": [
    337930,
    348476
  ],
  "interrupts.CPU6.LOC:Local_timer_interrupts": [
    85891,
    96326
  ],
  "interrupts.CPU7.LOC:Local_timer_interrupts": [
    79441,
    90675
  ],
  "interrupts.LOC:Local_timer_interrupts": [
    1327776,
    1665823
  ],
  "interrupts.CPU0.PMI:Performance_monitoring_interrupts": [
    3,
    12
  ],
  "interrupts.CPU1.PMI:Performance_monitoring_interrupts": [
    3,
    3
  ],
  "interrupts.CPU2.PMI:Performance_monitoring_interrupts": [
    3,
    3
  ],
  "interrupts.CPU3.PMI:Performance_monitoring_interrupts": [
    3,
    3
  ],
  "interrupts.CPU4.PMI:Performance_monitoring_interrupts": [
    28,
    43
  ],
  "interrupts.CPU5.PMI:Performance_monitoring_interrupts": [
    27,
    27
  ],
  "interrupts.CPU6.PMI:Performance_monitoring_interrupts": [
    3,
    3
  ],
  "interrupts.CPU7.PMI:Performance_monitoring_interrupts": [
    3,
    3
  ],
  "interrupts.PMI:Performance_monitoring_interrupts": [
    73,
    97
  ],
  "interrupts.CPU0.RTR:APIC_ICR_read_retries": [
    7,
    7
  ],
  "interrupts.RTR:APIC_ICR_read_retries": [
    7,
    7
  ],
  "interrupts.CPU0.RES:Rescheduling_interrupts": [
    3473,
    3632
  ],
  "interrupts.CPU1.RES:Rescheduling_interrupts": [
    2384,
    2725
  ],
  "interrupts.CPU2.RES:Rescheduling_interrupts": [
    3464,
    3749
  ],
  "interrupts.CPU3.RES:Rescheduling_interrupts": [
    2267,
    2542
  ],
  "interrupts.CPU4.RES:Rescheduling_interrupts": [
    2153,
    2233
  ],
  "interrupts.CPU5.RES:Rescheduling_interrupts": [
    1312,
    1519
  ],
  "interrupts.CPU6.RES:Rescheduling_interrupts": [
    822,
    913
  ],
  "interrupts.CPU7.RES:Rescheduling_interrupts": [
    560,
    639
  ],
  "interrupts.RES:Rescheduling_interrupts": [
    16435,
    17952
  ],
  "interrupts.CPU0.CAL:Function_call_interrupts": [
    4294952934,
    4294952934
  ],
  "interrupts.CPU1.CAL:Function_call_interrupts": [
    4294952464,
    4294952464
  ],
  "interrupts.CPU2.CAL:Function_call_interrupts": [
    4294952827,
    4294952827
  ],
  "interrupts.CPU3.CAL:Function_call_interrupts": [
    4294953084,
    4294953084
  ],
  "interrupts.CPU4.CAL:Function_call_interrupts": [
    4294952881,
    4294952881
  ],
  "interrupts.CPU5.CAL:Function_call_interrupts": [
    4294952343,
    4294952343
  ],
  "interrupts.CPU6.CAL:Function_call_interrupts": [
    4294952771,
    4294952771
  ],
  "interrupts.CPU7.CAL:Function_call_interrupts": [
    4294953043,
    4294953043
  ],
  "interrupts.CAL:Function_call_interrupts": [
    34359622347,
    34359622347
  ],
  "interrupts.CPU0.TLB:TLB_shootdowns": [
    1466861,
    1466862
  ],
  "interrupts.CPU1.TLB:TLB_shootdowns": [
    1465764,
    1465803
  ],