{
  "interrupts.time": [
    1479910847.1138432,
    1479910858.4906535
  ],
  "interrupts.CPU0.0:IO-APIC.2-edge.timer": [
    37,
    37
  ],
  "interrupts.0:IO-APIC.2-edge.timer": [
    37,
    37
  ],
  "interrupts.CPU0.1:IO-APIC.1-edge.i8042": [
    1,
    1
  ],
  "interrupts.CPU2.1:IO-APIC.1-edge.i8042": [
    1,
    1
  ],
  "interrupts.1:IO-APIC.1-edge.i8042": [
    2,
    2
  ],
  "interrupts.CPU0.8:IO-APIC.8-edge.rtc0": [
    1,
    1
  ],
  "interrupts.8:IO-APIC.8-edge.rtc0": [
    1,
    1
  ],
  "interrupts.CPU0.9:IO-APIC.9-fasteoi.acpi": [
    1,
    1
  ],
  "interrupts.CPU2.9:IO-APIC.9-fasteoi.acpi": [
    2,
    2
  ],
  "interrupts.9:IO-APIC.9-fasteoi.acpi": [
    3,
    3
  ],
  "interrupts.CPU0.12:IO-APIC.12-edge.i8042": [
    1,
    1
  ],
  "interrupts.CPU4.12:IO-APIC.12-edge.i8042": [
    1,
    1
  ],
  "interrupts.CPU5.12:IO-APIC.12-edge.i8042": [
    1,
    1
  ],
  "interrupts.CPU7.12:IO-APIC.12-edge.i8042": [
    1,
    1
  ],
  "interrupts.12:IO-APIC.12-edge.i8042": [
    4,
    4
  ],
  "interrupts.CPU0.120:PCI-MSI.376832-edge.0000:00:17.0": [
    9230,
    9361
  ],
  "interrupts.CPU1.120:PCI-MSI.376832-edge.0000:00:17.0": [
    2054,
    2068
  ],
  "interrupts.CPU2.120:PCI-MSI.376832-edge.0000:00:17.0": [
    800,
    819
  ],
  "interrupts.CPU3.120:PCI-MSI.376832-edge.0000:00:17.0": [
    639,
    662
  ],
  "interrupts.CPU4.120:PCI-MSI.376832-edge.0000:00:17.0": [
    3116,
    3153
  ],
  "interrupts.CPU5.120:PCI-MSI.376832-edge.0000:00:17.0": [
    1554,
    1585
  ],
  "interrupts.CPU6.120:PCI-MSI.376832-edge.0000:00:17.0": [
    1602,
    1608
  ],
  "interrupts.CPU7.120:PCI-MSI.376832-edge.0000:00:17.0": [
    588,
    594
  ],
  "interrupts.120:PCI-MSI.376832-edge.0000:00:17.0": [
    19583,
    19850
  ],
  "interrupts.CPU0.121:PCI-MSI.327680-edge.xhci_hcd": [
    945,
    945
  ],
  "interrupts.CPU1.121:PCI-MSI.327680-edge.xhci_hcd": [
    85,
    85
  ],
  "interrupts.CPU2.121:PCI-MSI.327680-edge.xhci_hcd": [
    63,
    63
  ],
  "interrupts.CPU3.121:PCI-MSI.327680-edge.xhci_hcd": [
    25,
    25
  ],
  "interrupts.CPU4.121:PCI-MSI.327680-edge.xhci_hcd": [
    156,
    156
  ],
  "interrupts.CPU5.121:PCI-MSI.327680-edge.xhci_hcd": [
    30,
    30
  ],
  "interrupts.CPU6.121:PCI-MSI.327680-edge.xhci_hcd": [
    21,
    21
  ],
  "interrupts.CPU7.121:PCI-MSI.327680-edge.xhci_hcd": [
    29,
    29
  ],
  "interrupts.121:PCI-MSI.327680-edge.xhci_hcd": [
    1354,
    1354
  ],
  "interrupts.CPU0.122:PCI-MSI.32768-edge.i915": [
    3838,
    4304
  ],
  "interrupts.CPU1.122:PCI-MSI.32768-edge.i915": [
    813,
    883
  ],
  "interrupts.CPU2.122:PCI-MSI.32768-edge.i915": [
    526,
    567
  ],
  "interrupts.CPU3.122:PCI-MSI.32768-edge.i915": [
    435,
    694
  ],
  "interrupts.CPU4.122:PCI-MSI.32768-edge.i915": [
    1621,
    1658
  ],
  "interrupts.CPU5.122:PCI-MSI.32768-edge.i915": [
    764,
    798
  ],
  "interrupts.CPU6.122:PCI-MSI.32768-edge.i915": [
    525,
    555
  ],
  "interrupts.CPU7.122:PCI-MSI.32768-edge.i915": [
    653,
    662
  ],
  "interrupts.122:PCI-MSI.32768-edge.i915": [
    9175,
    10121
  ],
  "interrupts.CPU0.123:PCI-MSI.514048-edge.snd_hda_intel": [
    449,
    449
  ],
  "interrupts.CPU1.123:PCI-MSI.514048-edge.snd_hda_intel": [
    29,
    29
  ],
  "interrupts.CPU2.123:PCI-MSI.514048-edge.snd_hda_intel": [
    5,
    5
  ],
  "interrupts.CPU3.123:PCI-MSI.514048-edge.snd_hda_intel": [
    44,
    44
  ],
  "interrupts.CPU4.123:PCI-MSI.514048-edge.snd_hda_intel": [
    312,
    312
  ],
  "interrupts.CPU5.123:PCI-MSI.514048-edge.snd_hda_intel": [
    189,
    189
  ],
  "interrupts.CPU6.123:PCI-MSI.514048-edge.snd_hda_intel": [
    101,
    101
  ],
  "interrupts.CPU7.123:PCI-MSI.514048-edge.snd_hda_intel": [
    996,
    996
  ],
  "interrupts.123:PCI-MSI.514048-edge.snd_hda_intel": [
    2125,
    2125
  ],
  "interrupts.CPU0.124:PCI-MSI.2097152-edge.eth0": [
    10125,
    10176
  ],
  "interrupts.CPU1.124:PCI-MSI.2097152-edge.eth0": [
    3064,
    3084
  ],
  "interrupts.CPU2.124:PCI-MSI.2097152-edge.eth0": [
    4072,
    4084
  ],
  "interrupts.CPU3.124:PCI-MSI.2097152-edge.eth0": [
    1200,
    1212
  ],
  "interrupts.CPU4.124:PCI-MSI.2097152-edge.eth0": [
    18877,
    18892
  ],
  "interrupts.CPU5.124:PCI-MSI.2097152-edge.eth0": [
    2461,
    2466
  ],
  "interrupts.CPU6.124:PCI-MSI.2097152-edge.eth0": [
    1221,
    1240
  ],
  "interrupts.CPU7.124:PCI-MSI.2097152-edge.eth0": [
    782,
    789
  ],
  "interrupts.124:PCI-MSI.2097152-edge.eth0": [
    41802,
    41943
  ],
  "interrupts.CPU0.LOC:Local_timer_interrupts": [
    32250,
    34185
  ],
  "interrupts.CPU1.LOC:Local_timer_interrupts": [
    23011,
    24961
  ],
  "interrupts.CPU2.LOC:Local_timer_interrupts": [
    25063,
    27057
  ],
  "interrupts.CPU3.LOC:Local_timer_interrupts": [
    22687,
    24503
  ],
  "interrupts.CPU4.LOC:Local_timer_interrupts": [
    16891,
    18414
  ],
  "interrupts.CPU5.LOC:Local_timer_interrupts": [
    12221,
    14156
  ],
  "interrupts.CPU6.LOC:Local_timer_interrupts": [
    10729,
    11900
  ],
  "interrupts.CPU7.LOC:Local_timer_interrupts": [
    11359,
    13567
  ],
  "interrupts.LOC:Local_timer_interrupts": [
    154211,
    168743
  ],
  "interrupts.CPU0.RTR:APIC_ICR_read_retries": [
    7,
    7
  ],
  "interrupts.RTR:APIC_ICR_read_retries": [
    7,
    7
  ],
  "interrupts.CPU0.RES:Rescheduling_interrupts": [
    1820,
    1856
  ],
  "interrupts.CPU1.RES:Rescheduling_interrupts": [
    2770,
    2819
  ],
  "interrupts.CPU2.RES:Rescheduling_interrupts": [
    2269,
    2322
  ],
  "interrupts.CPU3.RES:Rescheduling_interrupts": [
    1567,
    1601
  ],
  "interrupts.CPU4.RES:Rescheduling_interrupts": [
    602,
    608
  ],
  "interrupts.CPU5.RES:Rescheduling_interrupts": [
    1487,
    1508
  ],
  "interrupts.CPU6.RES:Rescheduling_interrupts": [
    278,
    295
  ],
  "interrupts.CPU7.RES:Rescheduling_interrupts": [
    278,
    289
  ],
  "interrupts.RES:Rescheduling_interrupts": [
    11071,
    11298
  ],
  "interrupts.CPU0.CAL:Function_call_interrupts": [
    209,
    213
  ],
  "interrupts.CPU1.CAL:Function_call_interrupts": [
    194,
    197
  ],
  "interrupts.CPU2.CAL:Function_call_interrupts": [
    204,
    208
  ],
  "interrupts.CPU3.CAL:Function_call_interrupts": [
    163,
    163
  ],
  "interrupts.CPU4.CAL:Function_call_interrupts": [
    215,
    219
  ],
  "interrupts.CPU5.CAL:Function_call_interrupts": [
    202,
    206
  ],
  "interrupts.CPU6.CAL:Function_call_interrupts": [
    210,
    214
  ],
  "interrupts.CPU7.CAL:Function_call_interrupts": [
    215,
    219
  ],
  "interrupts.CAL:Function_call_interrupts": [
    1612,
    1639
  ],
  "interrupts.CPU0.TLB:TLB_shootdowns": [
    2013,
    2332
  ],
  "interrupts.CPU1.TLB:TLB_shootdowns": [
    1804,
    1949
  ],
  "interrupts.CPU2.TLB:TLB_shootdowns": [
    1746,
    1842
  ],
  "interrupts.CPU3.TLB:TLB_shootdowns": [
    1525,
    1707
  ],
  "interrupts.CPU4.TLB:TLB_shootdowns": [
    1288,
    1303
  ],
  "interrupts.CPU5.TLB:TLB_shootdowns": [
    1405,
    2374
  ],
  "interrupts.CPU6.TLB:TLB_shootdowns": [
    1259,
    1415
  ],
  "interrupts.CPU7.TLB:TLB_shootdowns": [
    1170,
    1333
  ],
  "interrupts.TLB:TLB_shootdowns": [
    12210,
    14255
  ],
  "interrupts.CPU0.MCP:Machine_check_polls": [
    2,
    2
  ],
  "interrupts.CPU1.MCP:Machine_check_polls": [
    2,
    2
  ],
  "interrupts.CPU2.MCP:Machine_check_polls": [
    2,
    2
  ],
  "interrupts.CPU3.MCP:Machine_check_polls": [
    2,
    2
  ],
  "interrupts.CPU4.MCP:Machine_check_polls": [
    2,
    2
  ],
  "interrupts.CPU5.MCP:Machine_check_polls": [
    2,
    2
  ],
  "interrupts.CPU6.MCP:Machine_check_polls": [
    2,
    2
  ],
  "interrupts.CPU7.MCP:Machine_check_polls": [
    2,
    2
  ],
  "interrupts.MCP:Machine_check_polls": [
    16,
    16
  ]
}