{
  "proc-vmstat.time": [
    1479910847.0781574,
    1479910848.0827248,
    1479910849.0864284,
    1479910850.0884192,
    1479910851.0904713,
    1479910852.093689,
    1479910853.098923,
    1479910854.1041224,
    1479910855.1094446,
    1479910856.1145275,
    1479910857.119506,
    1479910858.1245718
  ],
  "proc-vmstat.nr_free_pages": [
    3754526,
    3752495,
    3748508,
    3748649,
    3748722,
    3750258,
    3748337,
    3748535,
    3748442,
    3748448,
    3748440,
    3748349
  ],
  "proc-vmstat.nr_alloc_batch": [
    100,
    584,
    945,
    1005,
    230,
    880,
    360,
    1010,
    554,
    206,
    555,
    117
  ],
  "proc-vmstat.nr_inactive_anon": [
    29284,
    29284,
    29190,
    29190,
    29190,
    27198,
    29110,
    29198,
    29198,
    29198,
    29198,
    29198
  ],
  "proc-vmstat.nr_active_anon": [
    49065,
    50539,
    53282,
    53297,
    53300,
    53613,
    53723,
    53703,
    53721,
    53731,
    53715,
    53726
  ],
  "proc-vmstat.nr_inactive_file": [
    109117,
    109187,
    106072,
    106072,
    106073,
    106073,
    106077,
    106077,
    106075,
    106076,
    106076,
    106076
  ],
  "proc-vmstat.nr_active_file": [
    103469,
    103691,
    106971,
    106972,
    106972,
    106980,
    106983,
    106983,
    106986,
    106986,
    106990,
    106990
  ],
  "proc-vmstat.nr_anon_pages": [
    48390,
    49956,
    52621,
    52630,
    52624,
    52947,
    53056,
    53043,
    53050,
    53057,
    53063,
    53070
  ],
  "proc-vmstat.nr_mapped": [
    68630,
    69101,
    72432,
    72432,
    72437,
    70592,
    72484,
    72513,
    72513,
    72511,
    72508,
    72516
  ],
  "proc-vmstat.nr_file_pages": [
    242556,
    242771,
    242906,
    242907,
    242908,
    240959,
    242853,
    242931,
    242934,
    242935,
    242937,
    242937
  ],
  "proc-vmstat.nr_dirty": [
    592,
    636,
    662,
    4,
    102,
    139,
    141,
    141,
    0,
    14,
    22,
    22
  ],
  "proc-vmstat.nr_slab_reclaimable": [
    13560,
    13610,
    13637,
    13637,
    13637,
    13639,
    13637,
    13631,
    13631,
    13627,
    13645,
    13637
  ],
  "proc-vmstat.nr_slab_unreclaimable": [
    8001,
    8097,
    8237,
    8225,
    8231,
    8235,
    8245,
    8222,
    8225,
    8212,
    8215,
    8192
  ],
  "proc-vmstat.nr_page_table_pages": [
    3163,
    3435,
    3650,
    3650,
    3649,
    3649,
    3649,
    3649,
    3648,
    3649,
    3648,
    3648
  ],
  "proc-vmstat.nr_kernel_stack": [
    763,
    801,
    840,
    840,
    840,
    841,
    840,
    840,
    840,
    840,
    840,
    840
  ],
  "proc-vmstat.nr_shmem": [
    29960,
    29960,
    29866,
    29866,
    29866,
    27909,
    29796,
    29874,
    29874,
    29874,
    29874,
    29874
  ],
  "proc-vmstat.nr_dirtied": [
    102493,
    102539,
    102589,
    102590,
    102689,
    102729,
    102734,
    102735,
    102737,
    102753,
    102762,
    102763
  ],
  "proc-vmstat.nr_written": [
    100260,
    100261,
    100285,
    100944,
    100945,
    100948,
    100951,
    100952,
    101095,
    101097,
    101098,
    101099
  ],
  "proc-vmstat.nr_dirty_threshold": [
    787452,
    787105,
    786340,
    786369,
    786383,
    786692,
    786309,
    786349,
    786331,
    786332,
    786331,
    786313
  ],
  "proc-vmstat.nr_dirty_background_threshold": [
    196863,
    196776,
    196585,
    196592,
    196595,
    196673,
    196577,
    196587,
    196582,
    196583,
    196582,
    196578
  ],
  "proc-vmstat.pgpgin": [
    632831,
    632971,
    633675,
    633675,
    633675,
    633691,
    633691,
    633691,
    633691,
    633691,
    633691,
    633691
  ],
  "proc-vmstat.pgpgout": [
    417852,
    417856,
    418160,
    420728,
    421240,
    421428,
    421432,
    421436,
    421988,
    422084,
    422088,
    422092
  ],
  "proc-vmstat.pgalloc_dma": [
    1,
    1,
    1,
    1,
    1,
    1,
    1,
    1,
    1,
    1,
    1,
    1
  ],
  "proc-vmstat.pgalloc_dma32": [
    114509,
    116747,
    124076,
    131801,
    139313,
    145649,
    146092,
    146466,
    146639,
    146840,
    147130,
    147355
  ],
  "proc-vmstat.pgalloc_normal": [
    700173,
    714317,
    759496,
    806621,
    853962,
    891587,
    894894,
    896007,
    897331,
    898619,
    900194,
    901622
  ],
  "proc-vmstat.pgfree": [
    4570935,
    4585261,
    4634536,
    4689369,
    4744221,
    4789800,
    4791492,
    4792992,
    4794489,
    4795968,
    4797844,
    4799481
  ],
  "proc-vmstat.pgactivate": [
    89781,
    89889,
    93123,
    93124,
    93125,
    93126,
    93126,
    93127,
    93130,
    93130,
    93131,
    93132
  ],
  "proc-vmstat.pgfault": [
    792552,
    815890,
    886386,
    941740,
    997086,
    1042360,
    1046742,
    1048861,
    1050996,
    1053117,
    1055665,
    1058085
  ],
  "proc-vmstat.pgmajfault": [
    3791,
    3794,
    3802,
    3802,
    3802,
    3804,
    3804,
    3804,
    3804,
    3804,
    3804,
    3804
  ],
  "proc-vmstat.pageoutrun": [
    1,
    1,
    1,
    1,
    1,
    1,
    1,
    1,
    1,
    1,
    1,
    1
  ]
}