{
  "interrupts.time": [
    1478791676.594114,
    1478791677.5880067
  ],
  "interrupts.CPU0.0:IO-APIC.2-edge.timer": [
    37,
    37
  ],
  "interrupts.0:IO-APIC.2-edge.timer": [
    37,
    37
  ],
  "interrupts.CPU2.1:IO-APIC.1-edge.i8042": [
    1,
    1
  ],
  "interrupts.CPU4.1:IO-APIC.1-edge.i8042": [
    1,
    1
  ],
  "interrupts.1:IO-APIC.1-edge.i8042": [
    2,
    2
  ],
  "interrupts.CPU0.8:IO-APIC.8-edge.rtc0": [
    1,
    1
  ],
  "interrupts.8:IO-APIC.8-edge.rtc0": [
    1,
    1
  ],
  "interrupts.CPU0.9:IO-APIC.9-fasteoi.acpi": [
    2,
    2
  ],
  "interrupts.CPU2.9:IO-APIC.9-fasteoi.acpi": [
    1,
    1
  ],
  "interrupts.9:IO-APIC.9-fasteoi.acpi": [
    3,
    3
  ],
  "interrupts.CPU0.12:IO-APIC.12-edge.i8042": [
    1,
    1
  ],
  "interrupts.CPU2.12:IO-APIC.12-edge.i8042": [
    2,
    2
  ],
  "interrupts.CPU3.12:IO-APIC.12-edge.i8042": [
    1,
    1
  ],
  "interrupts.12:IO-APIC.12-edge.i8042": [
    4,
    4
  ],
  "interrupts.CPU0.120:PCI-MSI.376832-edge.0000:00:17.0": [
    22687,
    22687
  ],
  "interrupts.CPU1.120:PCI-MSI.376832-edge.0000:00:17.0": [
    3258,
    3258
  ],
  "interrupts.CPU2.120:PCI-MSI.376832-edge.0000:00:17.0": [
    1792,
    1793
  ],
  "interrupts.CPU3.120:PCI-MSI.376832-edge.0000:00:17.0": [
    1175,
    1175
  ],
  "interrupts.CPU4.120:PCI-MSI.376832-edge.0000:00:17.0": [
    8441,
    8441
  ],
  "interrupts.CPU5.120:PCI-MSI.376832-edge.0000:00:17.0": [
    4075,
    4075
  ],
  "interrupts.CPU6.120:PCI-MSI.376832-edge.0000:00:17.0": [
    3383,
    3383
  ],
  "interrupts.CPU7.120:PCI-MSI.376832-edge.0000:00:17.0": [
    1189,
    1189
  ],
  "interrupts.120:PCI-MSI.376832-edge.0000:00:17.0": [
    46000,
    46001
  ],
  "interrupts.CPU0.121:PCI-MSI.327680-edge.xhci_hcd": [
    1592,
    1592
  ],
  "interrupts.CPU1.121:PCI-MSI.327680-edge.xhci_hcd": [
    108,
    108
  ],
  "interrupts.CPU2.121:PCI-MSI.327680-edge.xhci_hcd": [
    95,
    95
  ],
  "interrupts.CPU3.121:PCI-MSI.327680-edge.xhci_hcd": [
    46,
    46
  ],
  "interrupts.CPU4.121:PCI-MSI.327680-edge.xhci_hcd": [
    206,
    206
  ],
  "interrupts.CPU5.121:PCI-MSI.327680-edge.xhci_hcd": [
    111,
    111
  ],
  "interrupts.CPU6.121:PCI-MSI.327680-edge.xhci_hcd": [
    97,
    97
  ],
  "interrupts.CPU7.121:PCI-MSI.327680-edge.xhci_hcd": [
    59,
    59
  ],
  "interrupts.121:PCI-MSI.327680-edge.xhci_hcd": [
    2314,
    2314
  ],
  "interrupts.CPU0.122:PCI-MSI.32768-edge.i915": [
    5320,
    5320
  ],
  "interrupts.CPU1.122:PCI-MSI.32768-edge.i915": [
    887,
    887
  ],
  "interrupts.CPU2.122:PCI-MSI.32768-edge.i915": [
    977,
    977
  ],
  "interrupts.CPU3.122:PCI-MSI.32768-edge.i915": [
    670,
    670
  ],
  "interrupts.CPU4.122:PCI-MSI.32768-edge.i915": [
    2562,
    2562
  ],
  "interrupts.CPU5.122:PCI-MSI.32768-edge.i915": [
    893,
    893
  ],
  "interrupts.CPU6.122:PCI-MSI.32768-edge.i915": [
    772,
    772
  ],
  "interrupts.CPU7.122:PCI-MSI.32768-edge.i915": [
    583,
    583
  ],
  "interrupts.122:PCI-MSI.32768-edge.i915": [
    12664,
    12664
  ],
  "interrupts.CPU0.123:PCI-MSI.514048-edge.snd_hda_intel": [
    370,
    370
  ],
  "interrupts.CPU1.123:PCI-MSI.514048-edge.snd_hda_intel": [
    185,
    185
  ],
  "interrupts.CPU2.123:PCI-MSI.514048-edge.snd_hda_intel": [
    1737,
    1737
  ],
  "interrupts.CPU3.123:PCI-MSI.514048-edge.snd_hda_intel": [
    28,
    28
  ],
  "interrupts.CPU4.123:PCI-MSI.514048-edge.snd_hda_intel": [
    510,
    510
  ],
  "interrupts.CPU5.123:PCI-MSI.514048-edge.snd_hda_intel": [
    221,
    221
  ],
  "interrupts.CPU6.123:PCI-MSI.514048-edge.snd_hda_intel": [
    138,
    138
  ],
  "interrupts.CPU7.123:PCI-MSI.514048-edge.snd_hda_intel": [
    57,
    57
  ],
  "interrupts.123:PCI-MSI.514048-edge.snd_hda_intel": [
    3246,
    3246
  ],
  "interrupts.CPU0.124:PCI-MSI.2097152-edge.eth0": [
    78964,
    78967
  ],
  "interrupts.CPU1.124:PCI-MSI.2097152-edge.eth0": [
    9138,
    9138
  ],
  "interrupts.CPU2.124:PCI-MSI.2097152-edge.eth0": [
    7341,
    7341
  ],
  "interrupts.CPU3.124:PCI-MSI.2097152-edge.eth0": [
    5461,
    5463
  ],
  "interrupts.CPU4.124:PCI-MSI.2097152-edge.eth0": [
    33071,
    33072
  ],
  "interrupts.CPU5.124:PCI-MSI.2097152-edge.eth0": [
    7825,
    7826
  ],
  "interrupts.CPU6.124:PCI-MSI.2097152-edge.eth0": [
    7159,
    7162
  ],
  "interrupts.CPU7.124:PCI-MSI.2097152-edge.eth0": [
    5643,
    5644
  ],
  "interrupts.124:PCI-MSI.2097152-edge.eth0": [
    154602,
    154613
  ],
  "interrupts.CPU0.NMI:Non-maskable_interrupts": [
    4,
    4
  ],
  "interrupts.CPU1.NMI:Non-maskable_interrupts": [
    5,
    5
  ],
  "interrupts.CPU2.NMI:Non-maskable_interrupts": [
    5,
    5
  ],
  "interrupts.CPU3.NMI:Non-maskable_interrupts": [
    7,
    7
  ],
  "interrupts.CPU4.NMI:Non-maskable_interrupts": [
    4,
    4
  ],
  "interrupts.CPU5.NMI:Non-maskable_interrupts": [
    5,
    5
  ],
  "interrupts.CPU6.NMI:Non-maskable_interrupts": [
    4,
    4
  ],
  "interrupts.CPU7.NMI:Non-maskable_interrupts": [
    3,
    3
  ],
  "interrupts.NMI:Non-maskable_interrupts": [
    37,
    37
  ],
  "interrupts.CPU0.LOC:Local_timer_interrupts": [
    337507,
    337575
  ],
  "interrupts.CPU1.LOC:Local_timer_interrupts": [
    296590,
    296654
  ],
  "interrupts.CPU2.LOC:Local_timer_interrupts": [
    304093,
    304186
  ],
  "interrupts.CPU3.LOC:Local_timer_interrupts": [
    376690,
    376775
  ],
  "interrupts.CPU4.LOC:Local_timer_interrupts": [
    180470,
    180517
  ],
  "interrupts.CPU5.LOC:Local_timer_interrupts": [
    208881,
    208945
  ],
  "interrupts.CPU6.LOC:Local_timer_interrupts": [
    162678,
    162767
  ],
  "interrupts.CPU7.LOC:Local_timer_interrupts": [
    188387,
    188443
  ],
  "interrupts.LOC:Local_timer_interrupts": [
    2055296,
    2055862
  ],
  "interrupts.CPU0.PMI:Performance_monitoring_interrupts": [
    4,
    4
  ],
  "interrupts.CPU1.PMI:Performance_monitoring_interrupts": [
    5,
    5
  ],
  "interrupts.CPU2.PMI:Performance_monitoring_interrupts": [
    5,
    5
  ],
  "interrupts.CPU3.PMI:Performance_monitoring_interrupts": [
    7,
    7
  ],
  "interrupts.CPU4.PMI:Performance_monitoring_interrupts": [
    4,
    4
  ],
  "interrupts.CPU5.PMI:Performance_monitoring_interrupts": [
    5,
    5
  ],
  "interrupts.CPU6.PMI:Performance_monitoring_interrupts": [
    4,
    4
  ],
  "interrupts.CPU7.PMI:Performance_monitoring_interrupts": [
    3,
    3
  ],
  "interrupts.PMI:Performance_monitoring_interrupts": [
    37,
    37
  ],
  "interrupts.CPU0.RTR:APIC_ICR_read_retries": [
    7,
    7
  ],
  "interrupts.RTR:APIC_ICR_read_retries": [
    7,
    7
  ],
  "interrupts.CPU0.RES:Rescheduling_interrupts": [
    31186,
    31190
  ],
  "interrupts.CPU1.RES:Rescheduling_interrupts": [
    32662,
    32665
  ],
  "interrupts.CPU2.RES:Rescheduling_interrupts": [
    36333,
    36337
  ],
  "interrupts.CPU3.RES:Rescheduling_interrupts": [
    36837,
    36846
  ],
  "interrupts.CPU4.RES:Rescheduling_interrupts": [
    14215,
    14223
  ],
  "interrupts.CPU5.RES:Rescheduling_interrupts": [
    19608,
    19612
  ],
  "interrupts.CPU6.RES:Rescheduling_interrupts": [
    21997,
    22001
  ],
  "interrupts.CPU7.RES:Rescheduling_interrupts": [
    24686,
    24686
  ],
  "interrupts.RES:Rescheduling_interrupts": [
    217524,
    217560
  ],
  "interrupts.CPU0.CAL:Function_call_interrupts": [
    196,
    196
  ],
  "interrupts.CPU1.CAL:Function_call_interrupts": [
    181,
    181
  ],
  "interrupts.CPU2.CAL:Function_call_interrupts": [
    216,
    216
  ],
  "interrupts.CPU3.CAL:Function_call_interrupts": [
    219,
    219
  ],
  "interrupts.CPU4.CAL:Function_call_interrupts": [
    231,
    231
  ],
  "interrupts.CPU5.CAL:Function_call_interrupts": [
    199,
    199
  ],
  "interrupts.CPU6.CAL:Function_call_interrupts": [
    246,
    246
  ],
  "interrupts.CPU7.CAL:Function_call_interrupts": [
    245,
    245
  ],