{
  "ebizzy.throughput": [
    21330,
    21430,
    21489,
    21585,
    21566
  ],
  "ebizzy.throughput.per_thread.min": [
    2576,
    2628,
    2604,
    2657,
    2588
  ],
  "ebizzy.throughput.per_thread.max": [
    2817,
    2736,
    2751,
    2743,
    2858
  ],
  "ebizzy.throughput.per_thread.stddev_percent": [
    0.41706458079803016,
    0.14444872144568194,
    0.24265940744167405,
    0.13003860460679056,
    0.4248166621301834
  ],
  "ebizzy.time.real": [
    5.0,
    5.0,
    5.0,
    5.0,
    5.0
  ],
  "ebizzy.time.user": [
    5.39,
    5.33,
    5.43,
    5.34,
    5.46
  ],
  "ebizzy.time.sys": [
    14.41,
    14.47,
    14.37,
    14.45,
    14.34
  ]
}