{
  "ebizzy.throughput": [
    67104,
    66795,
    66984,
    66749,
    67121
  ],
  "ebizzy.throughput.per_thread.min": [
    4084,
    4065,
    4093,
    3985,
    4013
  ],
  "ebizzy.throughput.per_thread.max": [
    4513,
    4418,
    4305,
    4483,
    4422
  ],
  "ebizzy.throughput.per_thread.stddev_percent": [
    0.17624615038182465,
    0.14618211544264093,
    0.09303745693731752,
    0.18187869173215426,
    0.14666547453182172
  ],
  "ebizzy.time.real": [
    5.0,
    5.0,
    5.0,
    5.0,
    5.0
  ],
  "ebizzy.time.user": [
    9.41,
    9.41,
    9.33,
    9.36,
    9.43
  ],
  "ebizzy.time.sys": [
    30.51,
    30.5,
    30.58,
    30.55,
    30.49
  ]
}