{
  "meminfo.time": [
    1479890268.1685414,
    1479890269.1767468,
    1479890270.1954322,
    1479890271.2241106,
    1479890272.2564158,
    1479890273.2874448,
    1479890274.3154335,
    1479890275.3514676,
    1479890276.3775218,
    1479890277.4154608,
    1479890278.4464731,
    1479890279.474439,
    1479890280.500465,
    1479890281.524437,
    1479890282.5604541,
    1479890283.5833108,
    1479890284.6144767,
    1479890285.6534555,
    1479890286.6874554,
    1479890287.7104638,
    1479890288.747457,
    1479890289.7764742,
    1479890290.7966032,
    1479890291.8325977,
    1479890292.8634553,
    1479890293.8894503
  ],
  "meminfo.MemTotal": [
    16360572,
    16360572,
    16360572,
    16360572,
    16360572,
    16360572,
    16360572,
    16360572,
    16360572,
    16360572,
    16360572,
    16360572,
    16360572,
    16360572,
    16360572,
    16360572,
    16360572,
    16360572,
    16360572,
    16360572,
    16360572,
    16360572,
    16360572,
    16360572,
    16360572,
    16360572
  ],
  "meminfo.MemFree": [
    14282248,
    14269088,
    14268824,
    14268512,
    14268804,
    14268316,
    14268364,
    14268280,
    14268980,
    14268712,
    14269080,
    14268728,
    14268436,
    14268476,
    14268356,
    14268568,
    14268868,
    14268580,
    14269008,
    14268640,
    14268884,
    14268636,
    14268884,
    14268740,
    14268548,
    14268956
  ],
  "meminfo.MemAvailable": [
    15846400,
    15833848,
    15833652,
    15833344,
    15833620,
    15833132,
    15833176,
    15833104,
    15833772,
    15833504,
    15833864,
    15833520,
    15833204,
    15833244,
    15833120,
    15833332,
    15833612,
    15833324,
    15833764,
    15833384,
    15833628,
    15833380,
    15833632,
    15833464,
    15833272,
    15833680
  ],
  "meminfo.Buffers": [
    200932,
    200940,
    200940,
    200940,
    200940,
    200948,
    200952,
    200952,
    200952,
    200952,
    200960,
    200960,
    200960,
    200960,
    200960,
    200968,
    200968,
    200968,
    200968,
    200968,
    200976,
    200976,
    200976,
    200976,
    200976,
    200984
  ],
  "meminfo.Cached": [
    1216592,
    1217104,
    1217168,
    1217168,
    1217168,
    1217160,
    1217164,
    1217176,
    1217176,
    1217176,
    1217168,
    1217176,
    1217176,
    1217176,
    1217176,
    1217168,
    1217176,
    1217176,
    1217176,
    1217176,
    1217168,
    1217176,
    1217176,
    1217176,
    1217176,
    1217168
  ],
  "meminfo.Active": [
    887372,
    898300,
    898324,
    899056,
    898368,
    898980,
    898032,
    898888,
    898348,
    898780,
    898792,
    898772,
    898560,
    898556,
    898816,
    898272,
    898196,
    899384,
    898688,
    898932,
    898440,
    899096,
    899268,
    898880,
    898728,
    898964
  ],
  "meminfo.Inactive": [
    742100,
    741972,
    742008,
    742008,
    742008,
    742008,
    742008,
    741996,
    741996,
    741996,
    741996,
    741996,
    741996,
    741996,
    741996,
    741996,
    741996,
    741996,
    741996,
    741996,
    741996,
    741996,
    741996,
    741996,
    741996,
    741996
  ],
  "meminfo.Active(anon)": [
    214712,
    224996,
    224992,
    225724,
    225036,
    225648,
    224692,
    225524,
    224984,
    225416,
    225428,
    225400,
    225188,
    225184,
    225444,
    224900,
    224816,
    226004,
    225308,
    225552,
    225060,
    225708,
    225880,
    225492,
    225340,
    225576
  ],
  "meminfo.Inactive(anon)": [
    70856,
    70856,
    70856,
    70856,
    70856,
    70856,
    70856,
    70856,
    70856,
    70856,
    70856,
    70856,
    70856,
    70856,
    70856,
    70856,
    70856,
    70856,
    70856,
    70856,
    70856,
    70856,
    70856,
    70856,
    70856,
    70856
  ],
  "meminfo.Active(file)": [
    672660,
    673304,
    673332,
    673332,
    673332,
    673332,
    673340,
    673364,
    673364,
    673364,
    673364,
    673372,
    673372,
    673372,
    673372,
    673372,
    673380,
    673380,
    673380,
    673380,
    673380,
    673388,
    673388,
    673388,
    673388,
    673388
  ],
  "meminfo.Inactive(file)": [
    671244,
    671116,
    671152,
    671152,
    671152,
    671152,
    671152,
    671140,
    671140,
    671140,
    671140,
    671140,
    671140,
    671140,
    671140,
    671140,
    671140,
    671140,
    671140,
    671140,
    671140,
    671140,
    671140,
    671140,
    671140,
    671140
  ],
  "meminfo.Dirty": [
    908,
    1072,
    212,
    212,
    212,
    504,
    712,
    500,
    504,
    504,
    504,
    228,
    8,
    12,
    12,
    12,
    24,
    16,
    16,
    16,
    16,
    8,
    12,
    12,
    12,
    12
  ],
  "meminfo.AnonPages": [
    211616,
    222200,
    222172,
    223028,
    222324,
    222752,
    221812,
    222780,
    221964,
    222172,
    222576,
    222732,
    222468,
    222360,
    222352,
    222148,
    222136,
    223220,
    222776,
    222908,
    222144,
    223024,
    222824,
    222756,
    222420,
    222812
  ],
  "meminfo.Mapped": [
    263628,
    263440,
    263460,
    263460,
    263752,
    263460,
    263460,
    263460,
    263460,
    263460,
    263460,
    263460,
    263460,
    263460,
    263460,
    263460,
    263460,
    263460,
    263460,
    263460,
    263460,
    263460,
    263460,
    263460,
    263460,
    263460
  ],
  "meminfo.Shmem": [
    73636,
    73636,
    73636,
    73636,
    73636,
    73636,
    73636,
    73636,
    73636,
    73636,
    73636,
    73636,
    73636,
    73636,
    73636,
    73636,
    73636,
    73636,
    73636,
    73636,
    73636,
    73636,
    73636,
    73636,
    73636,
    73636
  ],
  "meminfo.Slab": [
    406108,
    406368,
    406372,
    406384,
    406324,
    406332,
    406320,
    406320,
    406136,
    406140,
    406132,
    406132,
    406008,
    406008,
    406004,
    406004,
    405896,
    405908,
    405920,
    405852,
    405860,
    405852,
    405864,
    405768,
    405768,
    405772
  ],
  "meminfo.SReclaimable": [
    353280,
    353372,
    353376,
    353380,
    353364,
    353364,
    353352,
    353352,
    353320,
    353320,
    353312,
    353312,
    353288,
    353288,
    353284,
    353284,
    353256,
    353256,
    353268,
    353256,
    353256,
    353248,
    353252,
    353228,
    353228,
    353228
  ],
  "meminfo.SUnreclaim": [
    52828,
    52996,
    52996,
    53004,
    52960,
    52968,
    52968,
    52968,
    52816,
    52820,
    52820,
    52820,
    52720,
    52720,
    52720,
    52720,
    52640,
    52652,
    52652,
    52596,
    52604,
    52604,
    52612,
    52540,
    52540,
    52544
  ],
  "meminfo.KernelStack": [
    9648,
    10256,
    10432,
    10432,
    10432,
    10432,
    10432,
    10432,
    10432,
    10432,
    10432,
    10432,
    10432,
    10432,
    10432,
    10432,
    10448,
    10432,
    10432,
    10432,
    10432,
    10432,
    10432,
    10432,
    10432,
    10432
  ],
  "meminfo.PageTables": [
    12220,
    13004,
    13172,
    13172,
    13164,
    13168,
    13172,
    13176,
    13176,
    13176,
    13176,
    13176,
    13172,
    13172,
    13172,
    13176,
    13156,
    13160,
    13172,
    13172,
    13168,
    13172,
    13172,
    13168,
    13172,
    13172
  ],
  "meminfo.CommitLimit": [
    8180284,
    8180284,
    8180284,
    8180284,
    8180284,
    8180284,
    8180284,
    8180284,
    8180284,
    8180284,
    8180284,
    8180284,
    8180284,
    8180284,
    8180284,
    8180284,
    8180284,
    8180284,
    8180284,
    8180284,
    8180284,
    8180284,
    8180284,
    8180284,
    8180284,
    8180284
  ],