{
  "proc-vmstat.time": [
    1479890268.1620083,
    1479890269.1710389,
    1479890270.1865728,
    1479890271.2254512,
    1479890272.2564173,
    1479890273.2845879,
    1479890274.3184566,
    1479890275.3464592,
    1479890276.3644388,
    1479890277.388594,
    1479890278.4115415,
    1479890279.4352145,
    1479890280.463715,
    1479890281.4975097,
    1479890282.5264807,
    1479890283.547485,
    1479890284.5831816,
    1479890285.6043825,
    1479890286.638479,
    1479890287.668451,
    1479890288.6954472,
    1479890289.7296362,
    1479890290.751584,
    1479890291.7775433,
    1479890292.8154445,
    1479890293.8465579
  ],
  "proc-vmstat.nr_free_pages": [
    3570792,
    3567198,
    3567206,
    3567128,
    3567201,
    3567079,
    3567140,
    3567119,
    3567147,
    3567141,
    3567221,
    3567053,
    3567072,
    3567119,
    3567232,
    3567146,
    3567168,
    3567135,
    3567109,
    3567247,
    3567172,
    3567159,
    3567172,
    3567185,
    3567239,
    3567239
  ],
  "proc-vmstat.nr_alloc_batch": [
    263,
    267,
    1358,
    243,
    546,
    494,
    864,
    135,
    426,
    240,
    310,
    221,
    1150,
    770,
    104,
    24,
    53,
    80,
    822,
    575,
    78,
    811,
    862,
    551,
    959,
    484
  ],
  "proc-vmstat.nr_inactive_anon": [
    17714,
    17714,
    17714,
    17714,
    17714,
    17714,
    17714,
    17714,
    17714,
    17714,
    17714,
    17714,
    17714,
    17714,
    17714,
    17714,
    17714,
    17714,
    17714,
    17714,
    17714,
    17714,
    17714,
    17714,
    17714,
    17714
  ],
  "proc-vmstat.nr_active_anon": [
    53420,
    56348,
    56285,
    56370,
    56296,
    56191,
    56210,
    56381,
    56196,
    56355,
    56259,
    56460,
    56408,
    56419,
    56288,
    56520,
    56413,
    56530,
    56389,
    56265,
    56437,
    56329,
    56395,
    56299,
    56384,
    56247
  ],
  "proc-vmstat.nr_inactive_file": [
    167811,
    167779,
    167788,
    167788,
    167788,
    167788,
    167788,
    167785,
    167785,
    167785,
    167785,
    167785,
    167785,
    167785,
    167785,
    167785,
    167785,
    167785,
    167785,
    167785,
    167785,
    167785,
    167785,
    167785,
    167785,
    167785
  ],
  "proc-vmstat.nr_active_file": [
    168165,
    168326,
    168333,
    168333,
    168333,
    168333,
    168335,
    168341,
    168341,
    168341,
    168341,
    168343,
    168343,
    168343,
    168343,
    168343,
    168345,
    168345,
    168345,
    168345,
    168345,
    168347,
    168347,
    168347,
    168347,
    168347
  ],
  "proc-vmstat.nr_anon_pages": [
    52781,
    55624,
    55580,
    55659,
    55581,
    55418,
    55490,
    55646,
    55527,
    55642,
    55546,
    55793,
    55728,
    55713,
    55613,
    55844,
    55780,
    55589,
    55636,
    55518,
    55757,
    55658,
    55668,
    55664,
    55605,
    55507
  ],
  "proc-vmstat.nr_mapped": [
    65852,
    65860,
    65865,
    65865,
    65938,
    65865,
    65865,
    65865,
    65865,
    65865,
    65865,
    65865,
    65865,
    65865,
    65865,
    65865,
    65865,
    65865,
    65865,
    65865,
    65865,
    65865,
    65865,
    65865,
    65865,
    65865
  ],
  "proc-vmstat.nr_file_pages": [
    354381,
    354511,
    354527,
    354527,
    354527,
    354527,
    354529,
    354532,
    354532,
    354532,
    354532,
    354534,
    354534,
    354534,
    354534,
    354534,
    354536,
    354536,
    354536,
    354536,
    354536,
    354538,
    354538,
    354538,
    354538,
    354538
  ],
  "proc-vmstat.nr_dirty": [
    227,
    268,
    53,
    53,
    53,
    126,
    178,
    125,
    126,
    126,
    126,
    57,
    2,
    3,
    3,
    3,
    6,
    3,
    4,
    4,
    4,
    2,
    3,
    3,
    3,
    3
  ],
  "proc-vmstat.nr_slab_reclaimable": [
    88320,
    88343,
    88344,
    88345,
    88341,
    88341,
    88338,
    88338,
    88330,
    88330,
    88328,
    88328,
    88322,
    88322,
    88321,
    88321,
    88314,
    88314,
    88317,
    88314,
    88314,
    88312,
    88313,
    88307,
    88307,
    88307
  ],
  "proc-vmstat.nr_slab_unreclaimable": [
    13207,
    13249,
    13249,
    13251,
    13240,
    13242,
    13242,
    13242,
    13204,
    13205,
    13205,
    13205,
    13180,
    13180,
    13180,
    13180,
    13160,
    13162,
    13163,
    13149,
    13151,
    13151,
    13153,
    13135,
    13135,
    13136
  ],
  "proc-vmstat.nr_page_table_pages": [
    3128,
    3251,
    3293,
    3293,
    3291,
    3292,
    3293,
    3294,
    3294,
    3294,
    3294,
    3294,
    3293,
    3293,
    3293,
    3294,
    3289,
    3291,
    3286,
    3293,
    3292,
    3293,
    3293,
    3292,
    3293,
    3293
  ],
  "proc-vmstat.nr_kernel_stack": [
    603,
    641,
    652,
    652,
    652,
    652,
    652,
    652,
    652,
    652,
    652,
    652,
    652,
    652,
    652,
    652,
    653,
    653,
    652,
    652,
    652,
    652,
    652,
    652,
    652,
    652
  ],
  "proc-vmstat.nr_shmem": [
    18409,
    18409,
    18409,
    18409,
    18409,
    18409,
    18409,
    18409,
    18409,
    18409,
    18409,
    18409,
    18409,
    18409,
    18409,
    18409,
    18409,
    18409,
    18409,
    18409,
    18409,
    18409,
    18409,
    18409,
    18409,
    18409
  ],
  "proc-vmstat.nr_dirtied": [
    765600,
    765637,
    765641,
    765641,
    765641,
    765714,
    765766,
    765766,
    765767,
    765767,
    765767,
    765771,
    765773,
    765774,
    765774,
    765774,
    765777,
    765777,
    765778,
    765778,
    765778,
    765781,
    765782,
    765782,
    765782,
    765782
  ],
  "proc-vmstat.nr_written": [
    761236,
    761274,
    761493,
    761493,
    761493,
    761493,
    761493,
    761546,
    761546,
    761546,
    761546,
    761619,
    761676,
    761676,
    761676,
    761676,
    761676,
    761679,
    761679,
    761679,
    761679,
    761684,
    761684,
    761684,
    761684,
    761684
  ],
  "proc-vmstat.nr_dirty_threshold": [
    775632,
    774939,
    774944,
    774928,
    774943,
    774918,
    774931,
    774927,
    774933,
    774932,
    774948,
    774914,
    774918,
    774928,
    774950,
    774933,
    774938,
    774931,
    774926,
    774954,
    774939,
    774936,
    774939,
    774942,
    774952,
    774952
  ],
  "proc-vmstat.nr_dirty_background_threshold": [
    193908,
    193734,
    193736,
    193732,
    193735,
    193729,
    193732,
    193731,
    193733,
    193733,
    193737,
    193728,
    193729,
    193732,
    193737,
    193733,
    193734,
    193732,
    193731,
    193738,
    193734,
    193734,
    193734,
    193735,
    193738,
    193738
  ],
  "proc-vmstat.pgpgin": [
    936512,
    936560,
    936560,
    936560,
    936560,
    936560,
    936560,
    936560,
    936560,
    936560,
    936560,
    936560,
    936560,
    936560,
    936560,
    936560,
    936560,
    936560,
    936560,
    936560,
    936560,
    936560,
    936560,
    936560,
    936560,
    936560
  ],
  "proc-vmstat.pgpgout": [
    3159461,
    3159461,
    3160229,
    3160229,
    3160229,
    3160737,
    3160949,
    3160949,
    3160949,
    3160949,
    3161013,
    3161517,
    3161517,
    3161517,
    3161517,
    3161541,
    3161553,
    3161553,
    3161553,
    3161553,
    3161577,
    3161581,
    3161581,
    3161581,
    3161581,
    3161605
  ],
  "proc-vmstat.pgalloc_dma32": [
    606378,
    623546,
    1105205,
    1590483,
    2080116,
    2561459,
    3035716,
    3523023,
    4002912,
    4490256,
    4971640,
    5453675,
    5936786,
    6425401,
    6912572,
    7401704,
    7881821,
    8368094,
    8854613,
    9342859,
    9830766,
    10317240,
    10801541,
    11286624,
    11778554,
    12262537
  ],