{
  "proc-vmstat.time": [
    1479482552.9387147,
    1479482553.9415336,
    1479482554.96615,
    1479482555.9902966,
    1479482557.0291727,
    1479482558.060166,
    1479482559.0773165,
    1479482560.1052399,
    1479482561.1432002,
    1479482562.1791313,
    1479482563.2131984,
    1479482564.255182,
    1479482565.2841918,
    1479482566.319131,
    1479482567.3561301,
    1479482568.3771608,
    1479482569.4121628,
    1479482570.4282486,
    1479482571.457102,
    1479482572.4901588,
    1479482573.5221872,
    1479482574.5591333,
    1479482575.5913277,
    1479482576.6133232,
    1479482577.6421618,
    1479482578.6791475
  ],
  "proc-vmstat.nr_free_pages": [
    3749919,
    3746202,
    3745487,
    3745423,
    3745452,
    3745549,
    3745606,
    3745523,
    3745520,
    3745485,
    3745519,
    3745498,
    3745539,
    3745514,
    3745452,
    3745466,
    3745527,
    3745468,
    3745499,
    3745565,
    3745561,
    3745438,
    3745500,
    3745596,
    3745658,
    3745437
  ],
  "proc-vmstat.nr_alloc_batch": [
    1010,
    578,
    241,
    269,
    837,
    411,
    0,
    307,
    416,
    1456,
    94,
    403,
    1173,
    742,
    1288,
    297,
    398,
    744,
    1803,
    34,
    980,
    343,
    663,
    1002,
    732,
    528
  ],
  "proc-vmstat.nr_inactive_anon": [
    28880,
    28880,
    28880,
    28880,
    28880,
    28880,
    28880,
    28880,
    28880,
    28880,
    28880,
    28880,
    28880,
    28880,
    28880,
    28880,
    28880,
    28880,
    28880,
    28880,
    28880,
    28880,
    28880,
    28880,
    28880,
    28880
  ],
  "proc-vmstat.nr_active_anon": [
    50227,
    53548,
    53900,
    54028,
    54005,
    53865,
    53913,
    53922,
    54143,
    53930,
    54215,
    54194,
    54008,
    53922,
    53981,
    54150,
    54132,
    53847,
    54337,
    54061,
    54303,
    53963,
    54068,
    54029,
    53874,
    54090
  ],
  "proc-vmstat.nr_inactive_file": [
    89626,
    89577,
    89576,
    89576,
    89576,
    89576,
    89576,
    89573,
    89573,
    89573,
    89573,
    89573,
    89573,
    89573,
    89573,
    89573,
    89573,
    89573,
    89573,
    89573,
    89573,
    89573,
    89573,
    89573,
    89573,
    89573
  ],
  "proc-vmstat.nr_active_file": [
    129340,
    129411,
    129418,
    129419,
    129419,
    129420,
    129422,
    129427,
    129427,
    129427,
    129427,
    129429,
    129431,
    129431,
    129431,
    129431,
    129433,
    129435,
    129435,
    129435,
    129435,
    129437,
    129439,
    129439,
    129439,
    129439
  ],
  "proc-vmstat.nr_anon_pages": [
    49449,
    52829,
    53167,
    53146,
    53154,
    53137,
    53130,
    53037,
    53537,
    53157,
    53445,
    53414,
    53225,
    53279,
    53212,
    53331,
    53331,
    53090,
    53307,
    53283,
    53524,
    53345,
    53410,
    53308,
    53260,
    53360
  ],
  "proc-vmstat.nr_mapped": [
    61771,
    61747,
    61754,
    61754,
    61754,
    61754,
    61754,
    61754,
    61754,
    61754,
    61754,
    61754,
    61754,
    61754,
    61754,
    61754,
    61754,
    61754,
    61754,
    61754,
    61754,
    61754,
    61754,
    61754,
    61754,
    61754
  ],
  "proc-vmstat.nr_file_pages": [
    248519,
    248541,
    248547,
    248548,
    248548,
    248549,
    248551,
    248553,
    248553,
    248553,
    248553,
    248555,
    248557,
    248557,
    248557,
    248557,
    248559,
    248561,
    248561,
    248561,
    248561,
    248563,
    248565,
    248565,
    248565,
    248565
  ],
  "proc-vmstat.nr_dirty": [
    604,
    635,
    639,
    4,
    5,
    5,
    73,
    0,
    1,
    2,
    2,
    11,
    14,
    2,
    3,
    3,
    7,
    8,
    5,
    6,
    6,
    6,
    8,
    2,
    3,
    3
  ],
  "proc-vmstat.nr_slab_reclaimable": [
    12973,
    12980,
    12981,
    12981,
    12981,
    12981,
    12974,
    12974,
    12973,
    12973,
    12967,
    12967,
    12962,
    12961,
    12957,
    12957,
    12957,
    12957,
    12948,
    12948,
    12948,
    12947,
    12941,
    12941,
    12941,
    12941
  ],
  "proc-vmstat.nr_slab_unreclaimable": [
    7750,
    7815,
    7825,
    7825,
    7825,
    7825,
    7788,
    7792,
    7792,
    7792,
    7765,
    7765,
    7778,
    7776,
    7750,
    7752,
    7752,
    7761,
    7735,
    7735,
    7735,
    7735,
    7711,
    7711,
    7711,
    7711
  ],
  "proc-vmstat.nr_page_table_pages": [
    2355,
    2629,
    2691,
    2688,
    2691,
    2692,
    2692,
    2691,
    2692,
    2692,
    2690,
    2691,
    2691,
    2691,
    2691,
    2691,
    2690,
    2690,
    2690,
    2690,
    2690,
    2690,
    2692,
    2690,
    2692,
    2690
  ],
  "proc-vmstat.nr_kernel_stack": [
    604,
    642,
    661,
    661,
    661,
    661,
    661,
    661,
    661,
    661,
    661,
    661,
    661,
    661,
    661,
    661,
    661,
    661,
    661,
    661,
    661,
    661,
    661,
    661,
    661,
    661
  ],
  "proc-vmstat.nr_shmem": [
    29556,
    29556,
    29556,
    29556,
    29556,
    29556,
    29556,
    29556,
    29556,
    29556,
    29556,
    29556,
    29556,
    29556,
    29556,
    29556,
    29556,
    29556,
    29556,
    29556,
    29556,
    29556,
    29556,
    29556,
    29556,
    29556
  ],
  "proc-vmstat.nr_dirtied": [
    293308,
    293342,
    293347,
    293348,
    293350,
    293351,
    293420,
    293422,
    293423,
    293425,
    293426,
    293436,
    293440,
    293441,
    293443,
    293444,
    293449,
    293451,
    293452,
    293454,
    293455,
    293456,
    293459,
    293460,
    293462,
    293463
  ],
  "proc-vmstat.nr_written": [
    286420,
    286421,
    286422,
    287058,
    287059,
    287060,
    287061,
    287062,
    287136,
    287137,
    287138,
    287139,
    287140,
    287153,
    287154,
    287155,
    287156,
    287157,
    287161,
    287162,
    287163,
    287164,
    287165,
    287172,
    287173,
    287174
  ],
  "proc-vmstat.nr_dirty_threshold": [
    787807,
    787068,
    786926,
    786914,
    786919,
    786939,
    786951,
    786935,
    786934,
    786927,
    786934,
    786930,
    786939,
    786934,
    786921,
    786924,
    786937,
    786925,
    786931,
    786945,
    786944,
    786920,
    786932,
    786952,
    786964,
    786920
  ],
  "proc-vmstat.nr_dirty_background_threshold": [
    196951,
    196767,
    196731,
    196728,
    196729,
    196734,
    196737,
    196733,
    196733,
    196731,
    196733,
    196732,
    196734,
    196733,
    196730,
    196731,
    196734,
    196731,
    196732,
    196736,
    196736,
    196730,
    196733,
    196738,
    196741,
    196730
  ],
  "proc-vmstat.pgpgin": [
    700071,
    700071,
    700071,
    700071,
    700071,
    700071,
    700071,
    700071,
    700071,
    700071,
    700071,
    700071,
    700071,
    700071,
    700071,
    700071,
    700071,
    700071,
    700071,
    700071,
    700071,
    700071,
    700071,
    700071,
    700071,
    700071
  ],
  "proc-vmstat.pgpgout": [
    1243600,
    1243604,
    1243636,
    1245960,
    1245964,
    1246252,
    1246256,
    1246548,
    1246552,
    1246556,
    1246604,
    1246608,
    1246672,
    1246676,
    1246680,
    1246712,
    1246744,
    1246760,
    1246764,
    1246768,
    1246800,
    1246832,
    1246844,
    1246848,
    1246852,
    1246884
  ],
  "proc-vmstat.pgalloc_dma": [
    1,
    1,
    1,
    1,
    1,
    1,
    1,
    1,
    1,
    1,
    1,
    1,
    1,
    1,
    1,
    1,
    1,
    1,
    1,
    1,
    1,
    1,
    1,
    1,
    1,
    1
  ],