{
  "meminfo.time": [
    1478102969.1488745,
    1478102970.1590583,
    1478102971.1830747,
    1478102972.2140388,
    1478102973.2480707,
    1478102974.2860405,
    1478102975.316173,
    1478102976.3380237,
    1478102977.3581994,
    1478102978.3860843,
    1478102979.4133992,
    1478102980.4482157,
    1478102981.4681869,
    1478102982.5010388,
    1478102983.5341678,
    1478102984.5660253,
    1478102985.5922627,
    1478102986.609046,
    1478102987.6431644,
    1478102988.6680534,
    1478102989.6980758,
    1478102990.7370703,
    1478102991.765245,
    1478102992.7980857,
    1478102993.8240361,
    1478102994.8520293
  ],
  "meminfo.MemTotal": [
    16317260,
    16317260,
    16317260,
    16317260,
    16317260,
    16317260,
    16317260,
    16317260,
    16317260,
    16317260,
    16317260,
    16317260,
    16317260,
    16317260,
    16317260,
    16317260,
    16317260,
    16317260,
    16317260,
    16317260,
    16317260,
    16317260,
    16317260,
    16317260,
    16317260,
    16317260
  ],
  "meminfo.MemFree": [
    15118224,
    15101324,
    15098948,
    15100160,
    15100144,
    15099924,
    15100188,
    15100108,
    15099964,
    15100604,
    15099844,
    15100600,
    15100104,
    15099872,
    15100004,
    15099980,
    15100548,
    15100476,
    15100120,
    15100004,
    15100380,
    15100504,
    15100320,
    15100592,
    15099836,
    15100436
  ],
  "meminfo.MemAvailable": [
    15869876,
    15853076,
    15850720,
    15852132,
    15852116,
    15851888,
    15852172,
    15852088,
    15851940,
    15852580,
    15851816,
    15852580,
    15852072,
    15851848,
    15851976,
    15851952,
    15852524,
    15852452,
    15852100,
    15851984,
    15852356,
    15852484,
    15852300,
    15852576,
    15851804,
    15852404
  ],
  "meminfo.Buffers": [
    71184,
    71184,
    71252,
    71316,
    71316,
    71328,
    71328,
    71328,
    71336,
    71336,
    71344,
    71344,
    71344,
    71352,
    71352,
    71360,
    71360,
    71360,
    71368,
    71368,
    71376,
    71376,
    71376,
    71384,
    71384,
    71392
  ],
  "meminfo.Cached": [
    833856,
    833908,
    833856,
    833940,
    833940,
    833928,
    833940,
    833940,
    833940,
    833940,
    833932,
    833940,
    833940,
    833940,
    833940,
    833932,
    833940,
    833940,
    833940,
    833940,
    833932,
    833940,
    833940,
    833936,
    833940,
    833932
  ],
  "meminfo.Active": [
    626368,
    641228,
    641468,
    641176,
    642996,
    641776,
    641972,
    642836,
    642228,
    641964,
    641780,
    641824,
    641028,
    642732,
    641468,
    641324,
    642580,
    642188,
    642328,
    642408,
    642280,
    642192,
    643008,
    641732,
    642200,
    642224
  ],
  "meminfo.Inactive": [
    452964,
    452560,
    452516,
    452524,
    452524,
    452524,
    452524,
    452512,
    452512,
    452512,
    452512,
    452512,
    452512,
    452512,
    452512,
    452512,
    452512,
    452512,
    452512,
    452512,
    452512,
    452512,
    452512,
    452512,
    452512,
    452512
  ],
  "meminfo.Active(anon)": [
    176988,
    191388,
    191568,
    191136,
    192956,
    191736,
    191920,
    192772,
    192156,
    191892,
    191708,
    191744,
    190948,
    192644,
    191380,
    191236,
    192484,
    192092,
    192224,
    192304,
    192176,
    192080,
    192896,
    191616,
    192080,
    192104
  ],
  "meminfo.Inactive(anon)": [
    85792,
    85792,
    85792,
    85792,
    85792,
    85792,
    85792,
    85792,
    85792,
    85792,
    85792,
    85792,
    85792,
    85792,
    85792,
    85792,
    85792,
    85792,
    85792,
    85792,
    85792,
    85792,
    85792,
    85792,
    85792,
    85792
  ],
  "meminfo.Active(file)": [
    449380,
    449840,
    449900,
    450040,
    450040,
    450040,
    450052,
    450064,
    450072,
    450072,
    450072,
    450080,
    450080,
    450088,
    450088,
    450088,
    450096,
    450096,
    450104,
    450104,
    450104,
    450112,
    450112,
    450116,
    450120,
    450120
  ],
  "meminfo.Inactive(file)": [
    367172,
    366768,
    366724,
    366732,
    366732,
    366732,
    366732,
    366720,
    366720,
    366720,
    366720,
    366720,
    366720,
    366720,
    366720,
    366720,
    366720,
    366720,
    366720,
    366720,
    366720,
    366720,
    366720,
    366720,
    366720,
    366720
  ],
  "meminfo.Dirty": [
    22344,
    22480,
    5608,
    16,
    20,
    796,
    924,
    148,
    0,
    4,
    4,
    36,
    44,
    40,
    44,
    44,
    44,
    44,
    0,
    4,
    4,
    20,
    28,
    24,
    28,
    28
  ],
  "meminfo.Writeback": [
    0,
    0,
    6020,
    0,
    0,
    0,
    0,
    0,
    0,
    0,
    0,
    0,
    0,
    0,
    0,
    0,
    0,
    0,
    0,
    0,
    0,
    0,
    0,
    0,
    0,
    0
  ],
  "meminfo.AnonPages": [
    174676,
    188028,
    188256,
    188452,
    189044,
    188504,
    188848,
    190016,
    189092,
    188604,
    189244,
    188652,
    188376,
    189060,
    188704,
    188464,
    189704,
    189552,
    189932,
    189656,
    188916,
    189352,
    189908,
    188688,
    189284,
    189512
  ],
  "meminfo.Mapped": [
    248172,
    247468,
    247496,
    247496,
    247496,
    247496,
    247496,
    247496,
    247496,
    247496,
    247496,
    247496,
    247496,
    247496,
    247496,
    247496,
    247496,
    247496,
    247496,
    247496,
    247496,
    247496,
    247496,
    247496,
    247496,
    247496
  ],
  "meminfo.Shmem": [
    88496,
    88496,
    88496,
    88496,
    88496,
    88496,
    88496,
    88496,
    88496,
    88496,
    88496,
    88496,
    88496,
    88496,
    88496,
    88496,
    88496,
    88496,
    88496,
    88496,
    88496,
    88496,
    88496,
    88496,
    88496,
    88496
  ],
  "meminfo.Slab": [
    76932,
    77564,
    78384,
    78220,
    78220,
    78208,
    78216,
    78256,
    78012,
    78020,
    78020,
    78020,
    77880,
    77880,
    77876,
    77876,
    77740,
    77760,
    77748,
    77748,
    77624,
    77616,
    77652,
    77652,
    77524,
    77532
  ],
  "meminfo.SReclaimable": [
    47460,
    47552,
    47560,
    47660,
    47660,
    47648,
    47660,
    47652,
    47628,
    47628,
    47620,
    47620,
    47596,
    47596,
    47592,
    47592,
    47584,
    47584,
    47572,
    47572,
    47564,
    47556,
    47556,
    47556,
    47520,
    47520
  ],
  "meminfo.SUnreclaim": [
    29472,
    30012,
    30824,
    30560,
    30560,
    30560,
    30556,
    30604,
    30384,
    30392,
    30400,
    30400,
    30284,
    30284,
    30284,
    30284,
    30156,
    30176,
    30176,
    30176,
    30060,
    30060,
    30096,
    30096,
    30004,
    30012
  ],
  "meminfo.KernelStack": [
    9968,
    10576,
    10880,
    10880,
    10880,
    10880,
    10880,
    10880,
    10880,
    10880,
    10880,
    10864,
    10864,
    10864,
    10864,
    10864,
    10864,
    10864,
    10864,
    10864,
    10864,
    10864,
    10864,
    10880,
    10864,
    10880
  ],
  "meminfo.PageTables": [
    10524,
    10576,
    10828,
    10828,
    10832,
    10828,
    10832,
    10832,
    10824,
    10828,
    10832,
    10824,
    10820,
    10824,
    10824,
    10820,
    10824,
    10828,
    10828,
    10824,
    10828,
    10824,
    10824,
    10856,
    10828,
    10852
  ],
  "meminfo.CommitLimit": [
    8158628,
    8158628,
    8158628,
    8158628,
    8158628,
    8158628,
    8158628,
    8158628,
    8158628,
    8158628,
    8158628,
    8158628,
    8158628,
    8158628,
    8158628,
    8158628,
    8158628,
    8158628,
    8158628,
    8158628,
    8158628,
    8158628,
    8158628,
    8158628,
    8158628,
    8158628
  ],