{
  "diskstats.time": [
    1481196794.0887072,
    1481196795.0913477,
    1481196796.094705,
    1481196797.0964878,
    1481196798.098278,
    1481196799.1013849,
    1481196800.1066806,
    1481196801.111853,
    1481196802.1168737,
    1481196803.1211934,
    1481196804.1261854,
    1481196805.1313055
  ],
  "diskstats.sda.read_ios": [
    20069,
    20075,
    20079,
    20079,
    20079,
    20080,
    20080,
    20080,
    20080,
    20080,
    20080,
    20080
  ],
  "diskstats.sda.read_merges": [
    219,
    219,
    219,
    219,
    219,
    219,
    219,
    219,
    219,
    219,
    219,
    219
  ],
  "diskstats.sda.read_sectors": [
    1345982,
    1346182,
    1346710,
    1346710,
    1346710,
    1346878,
    1346878,
    1346878,
    1346878,
    1346878,
    1346878,
    1346878
  ],
  "diskstats.sda.read_ticks": [
    141058,
    141099,
    141149,
    141149,
    141149,
    141159,
    141159,
    141159,
    141159,
    141159,
    141159,
    141159
  ],
  "diskstats.sda.write_ios": [
    5828,
    5829,
    5932,
    5933,
    5936,
    5949,
    5950,
    6034,
    6038,
    6044,
    6045,
    6046
  ],
  "diskstats.sda.write_merges": [
    9091,
    9091,
    9688,
    9688,
    9815,
    9852,
    9852,
    9910,
    9922,
    9946,
    9946,
    9946
  ],
  "diskstats.sda.write_sectors": [
    1607752,
    1607760,
    1613336,
    1613344,
    1614384,
    1614784,
    1614792,
    1616144,
    1616272,
    1616512,
    1616520,
    1616528
  ],
  "diskstats.sda.write_ticks": [
    241748,
    241748,
    242727,
    242727,
    242754,
    242888,
    242888,
    244004,
    244024,
    244069,
    244069,
    244069
  ],
  "diskstats.sda.io_ticks": [
    62866,
    62899,
    63189,
    63189,
    63216,
    63350,
    63350,
    63371,
    63391,
    63436,
    63436,
    63436
  ],
  "diskstats.sda.time_in_queue": [
    382814,
    382855,
    383883,
    383883,
    383910,
    384054,
    384054,
    385170,
    385190,
    385235,
    385235,
    385235
  ],
  "diskstats.sda1.read_ios": [
    15,
    15,
    15,
    15,
    15,
    15,
    15,
    15,
    15,
    15,
    15,
    15
  ],
  "diskstats.sda1.read_sectors": [
    19,
    19,
    19,
    19,
    19,
    19,
    19,
    19,
    19,
    19,
    19,
    19
  ],
  "diskstats.sda1.read_ticks": [
    64,
    64,
    64,
    64,
    64,
    64,
    64,
    64,
    64,
    64,
    64,
    64
  ],
  "diskstats.sda1.io_ticks": [
    36,
    36,
    36,
    36,
    36,
    36,
    36,
    36,
    36,
    36,
    36,
    36
  ],
  "diskstats.sda1.time_in_queue": [
    64,
    64,
    64,
    64,
    64,
    64,
    64,
    64,
    64,
    64,
    64,
    64
  ],
  "diskstats.sda2.read_ios": [
    10012,
    10017,
    10017,
    10017,
    10017,
    10017,
    10017,
    10017,
    10017,
    10017,
    10017,
    10017
  ],
  "diskstats.sda2.read_merges": [
    34,
    34,
    34,
    34,
    34,
    34,
    34,
    34,
    34,
    34,
    34,
    34
  ],
  "diskstats.sda2.read_sectors": [
    500820,
    501012,
    501012,
    501012,
    501012,
    501012,
    501012,
    501012,
    501012,
    501012,
    501012,
    501012
  ],
  "diskstats.sda2.read_ticks": [
    47565,
    47591,
    47591,
    47591,
    47591,
    47591,
    47591,
    47591,
    47591,
    47591,
    47591,
    47591
  ],
  "diskstats.sda2.write_ios": [
    2296,
    2296,
    2346,
    2346,
    2348,
    2348,
    2348,
    2426,
    2426,
    2428,
    2428,
    2428
  ],
  "diskstats.sda2.write_merges": [
    5948,
    5948,
    6499,
    6499,
    6626,
    6626,
    6626,
    6684,
    6684,
    6700,
    6700,
    6700
  ],
  "diskstats.sda2.write_sectors": [
    1503144,
    1503144,
    1507952,
    1507952,
    1508984,
    1508984,
    1508984,
    1510288,
    1510288,
    1510432,
    1510432,
    1510432
  ],
  "diskstats.sda2.write_ticks": [
    180963,
    180963,
    181606,
    181606,
    181633,
    181633,
    181633,
    182661,
    182661,
    182681,
    182681,
    182681
  ],
  "diskstats.sda2.io_ticks": [
    21201,
    21219,
    21239,
    21239,
    21266,
    21266,
    21266,
    21286,
    21286,
    21306,
    21306,
    21306
  ],
  "diskstats.sda2.time_in_queue": [
    228537,
    228563,
    229205,
    229205,
    229232,
    229232,
    229232,
    230260,
    230260,
    230280,
    230280,
    230280
  ],
  "diskstats.sda3.read_ios": [
    98,
    98,
    98,
    98,
    98,
    98,
    98,
    98,
    98,
    98,
    98,
    98
  ],
  "diskstats.sda3.read_sectors": [
    222,
    222,
    222,
    222,
    222,
    222,
    222,
    222,
    222,
    222,
    222,
    222
  ],
  "diskstats.sda3.read_ticks": [
    23,
    23,
    23,
    23,
    23,
    23,
    23,
    23,
    23,
    23,
    23,
    23
  ],
  "diskstats.sda3.io_ticks": [
    23,
    23,
    23,
    23,
    23,
    23,
    23,
    23,
    23,
    23,
    23,
    23
  ],
  "diskstats.sda3.time_in_queue": [
    23,
    23,
    23,
    23,
    23,
    23,
    23,
    23,
    23,
    23,
    23,
    23
  ],
  "diskstats.sda40.read_ios": [
    9837,
    9838,
    9842,
    9842,
    9842,
    9843,
    9843,
    9843,
    9843,
    9843,
    9843,
    9843
  ],
  "diskstats.sda40.read_merges": [
    185,
    185,
    185,
    185,
    185,
    185,
    185,
    185,
    185,
    185,
    185,
    185
  ],
  "diskstats.sda40.read_sectors": [
    844620,
    844628,
    845156,
    845156,
    845156,
    845324,
    845324,
    845324,
    845324,
    845324,
    845324,
    845324
  ],
  "diskstats.sda40.read_ticks": [
    93352,
    93367,
    93417,
    93417,
    93417,
    93427,
    93427,
    93427,
    93427,
    93427,
    93427,
    93427
  ],
  "diskstats.sda40.write_ios": [
    3505,
    3506,
    3550,
    3551,
    3552,
    3565,
    3566,
    3572,
    3576,
    3580,
    3581,
    3582
  ],
  "diskstats.sda40.write_merges": [
    3143,
    3143,
    3189,
    3189,
    3189,
    3226,
    3226,
    3226,
    3238,
    3246,
    3246,
    3246
  ],
  "diskstats.sda40.write_sectors": [
    104608,
    104616,
    105384,
    105392,
    105400,
    105800,
    105808,
    105856,
    105984,
    106080,
    106088,
    106096
  ],
  "diskstats.sda40.write_ticks": [
    60543,
    60543,
    60794,
    60794,
    60794,
    60928,
    60928,
    61016,
    61036,
    61061,
    61061,
    61061
  ],
  "diskstats.sda40.io_ticks": [
    42952,
    42967,
    43166,
    43166,
    43166,
    43300,
    43300,
    43321,
    43341,
    43366,
    43366,
    43366
  ],
  "diskstats.sda40.time_in_queue": [
    153894,
    153909,
    154210,
    154210,
    154210,
    154354,
    154354,
    154442,
    154462,
    154487,
    154487,
    154487
  ]
}