{
  "interrupts.time": [
    1481196794.0630054,
    1481196805.4645228
  ],
  "interrupts.CPU0.0:IO-APIC.2-edge.timer": [
    37,
    37
  ],
  "interrupts.0:IO-APIC.2-edge.timer": [
    37,
    37
  ],
  "interrupts.CPU0.1:IO-APIC.1-edge.i8042": [
    1,
    1
  ],
  "interrupts.CPU5.1:IO-APIC.1-edge.i8042": [
    1,
    1
  ],
  "interrupts.1:IO-APIC.1-edge.i8042": [
    2,
    2
  ],
  "interrupts.CPU0.8:IO-APIC.8-edge.rtc0": [
    1,
    1
  ],
  "interrupts.8:IO-APIC.8-edge.rtc0": [
    1,
    1
  ],
  "interrupts.CPU4.9:IO-APIC.9-fasteoi.acpi": [
    3,
    3
  ],
  "interrupts.9:IO-APIC.9-fasteoi.acpi": [
    3,
    3
  ],
  "interrupts.CPU2.12:IO-APIC.12-edge.i8042": [
    2,
    2
  ],
  "interrupts.CPU7.12:IO-APIC.12-edge.i8042": [
    2,
    2
  ],
  "interrupts.12:IO-APIC.12-edge.i8042": [
    4,
    4
  ],
  "interrupts.CPU0.120:PCI-MSI.376832-edge.0000:00:17.0": [
    13208,
    13346
  ],
  "interrupts.CPU1.120:PCI-MSI.376832-edge.0000:00:17.0": [
    2158,
    2172
  ],
  "interrupts.CPU2.120:PCI-MSI.376832-edge.0000:00:17.0": [
    1569,
    1607
  ],
  "interrupts.CPU3.120:PCI-MSI.376832-edge.0000:00:17.0": [
    1020,
    1027
  ],
  "interrupts.CPU4.120:PCI-MSI.376832-edge.0000:00:17.0": [
    4654,
    4698
  ],
  "interrupts.CPU5.120:PCI-MSI.376832-edge.0000:00:17.0": [
    1798,
    1807
  ],
  "interrupts.CPU6.120:PCI-MSI.376832-edge.0000:00:17.0": [
    1560,
    1568
  ],
  "interrupts.CPU7.120:PCI-MSI.376832-edge.0000:00:17.0": [
    1004,
    1009
  ],
  "interrupts.120:PCI-MSI.376832-edge.0000:00:17.0": [
    26971,
    27234
  ],
  "interrupts.CPU0.121:PCI-MSI.327680-edge.xhci_hcd": [
    1924,
    1924
  ],
  "interrupts.CPU1.121:PCI-MSI.327680-edge.xhci_hcd": [
    75,
    75
  ],
  "interrupts.CPU2.121:PCI-MSI.327680-edge.xhci_hcd": [
    36,
    36
  ],
  "interrupts.CPU3.121:PCI-MSI.327680-edge.xhci_hcd": [
    34,
    34
  ],
  "interrupts.CPU4.121:PCI-MSI.327680-edge.xhci_hcd": [
    93,
    93
  ],
  "interrupts.CPU5.121:PCI-MSI.327680-edge.xhci_hcd": [
    77,
    77
  ],
  "interrupts.CPU6.121:PCI-MSI.327680-edge.xhci_hcd": [
    129,
    129
  ],
  "interrupts.CPU7.121:PCI-MSI.327680-edge.xhci_hcd": [
    55,
    55
  ],
  "interrupts.121:PCI-MSI.327680-edge.xhci_hcd": [
    2423,
    2423
  ],
  "interrupts.CPU0.122:PCI-MSI.32768-edge.i915": [
    3107,
    3575
  ],
  "interrupts.CPU1.122:PCI-MSI.32768-edge.i915": [
    752,
    775
  ],
  "interrupts.CPU2.122:PCI-MSI.32768-edge.i915": [
    548,
    895
  ],
  "interrupts.CPU3.122:PCI-MSI.32768-edge.i915": [
    400,
    425
  ],
  "interrupts.CPU4.122:PCI-MSI.32768-edge.i915": [
    1321,
    1408
  ],
  "interrupts.CPU5.122:PCI-MSI.32768-edge.i915": [
    680,
    699
  ],
  "interrupts.CPU6.122:PCI-MSI.32768-edge.i915": [
    429,
    444
  ],
  "interrupts.CPU7.122:PCI-MSI.32768-edge.i915": [
    375,
    393
  ],
  "interrupts.122:PCI-MSI.32768-edge.i915": [
    7612,
    8614
  ],
  "interrupts.CPU0.123:PCI-MSI.2097152-edge.eth0": [
    170641,
    170688
  ],
  "interrupts.CPU1.123:PCI-MSI.2097152-edge.eth0": [
    14751,
    14762
  ],
  "interrupts.CPU2.123:PCI-MSI.2097152-edge.eth0": [
    13163,
    13179
  ],
  "interrupts.CPU3.123:PCI-MSI.2097152-edge.eth0": [
    11942,
    11949
  ],
  "interrupts.CPU4.123:PCI-MSI.2097152-edge.eth0": [
    62929,
    62937
  ],
  "interrupts.CPU5.123:PCI-MSI.2097152-edge.eth0": [
    19296,
    19305
  ],
  "interrupts.CPU6.123:PCI-MSI.2097152-edge.eth0": [
    18841,
    18857
  ],
  "interrupts.CPU7.123:PCI-MSI.2097152-edge.eth0": [
    16903,
    16910
  ],
  "interrupts.123:PCI-MSI.2097152-edge.eth0": [
    328466,
    328587
  ],
  "interrupts.CPU0.124:PCI-MSI.514048-edge.snd_hda_intel": [
    301,
    301
  ],
  "interrupts.CPU1.124:PCI-MSI.514048-edge.snd_hda_intel": [
    150,
    150
  ],
  "interrupts.CPU2.124:PCI-MSI.514048-edge.snd_hda_intel": [
    21,
    21
  ],
  "interrupts.CPU3.124:PCI-MSI.514048-edge.snd_hda_intel": [
    651,
    651
  ],
  "interrupts.CPU4.124:PCI-MSI.514048-edge.snd_hda_intel": [
    70,
    70
  ],
  "interrupts.CPU5.124:PCI-MSI.514048-edge.snd_hda_intel": [
    379,
    379
  ],
  "interrupts.CPU6.124:PCI-MSI.514048-edge.snd_hda_intel": [
    23,
    23
  ],
  "interrupts.CPU7.124:PCI-MSI.514048-edge.snd_hda_intel": [
    27,
    27
  ],
  "interrupts.124:PCI-MSI.514048-edge.snd_hda_intel": [
    1622,
    1622
  ],
  "interrupts.CPU0.NMI:Non-maskable_interrupts": [
    1,
    1
  ],
  "interrupts.NMI:Non-maskable_interrupts": [
    1,
    1
  ],
  "interrupts.CPU0.LOC:Local_timer_interrupts": [
    200605,
    203758
  ],
  "interrupts.CPU1.LOC:Local_timer_interrupts": [
    193529,
    195674
  ],
  "interrupts.CPU2.LOC:Local_timer_interrupts": [
    194224,
    196181
  ],
  "interrupts.CPU3.LOC:Local_timer_interrupts": [
    184464,
    186924
  ],
  "interrupts.CPU4.LOC:Local_timer_interrupts": [
    110989,
    112208
  ],
  "interrupts.CPU5.LOC:Local_timer_interrupts": [
    94944,
    96058
  ],
  "interrupts.CPU6.LOC:Local_timer_interrupts": [
    122246,
    124586
  ],
  "interrupts.CPU7.LOC:Local_timer_interrupts": [
    109025,
    110535
  ],
  "interrupts.LOC:Local_timer_interrupts": [
    1210026,
    1225924
  ],
  "interrupts.CPU0.PMI:Performance_monitoring_interrupts": [
    1,
    1
  ],
  "interrupts.PMI:Performance_monitoring_interrupts": [
    1,
    1
  ],
  "interrupts.CPU0.RTR:APIC_ICR_read_retries": [
    7,
    7
  ],
  "interrupts.RTR:APIC_ICR_read_retries": [
    7,
    7
  ],
  "interrupts.CPU0.RES:Rescheduling_interrupts": [
    14211,
    14269
  ],
  "interrupts.CPU1.RES:Rescheduling_interrupts": [
    10650,
    10755
  ],
  "interrupts.CPU2.RES:Rescheduling_interrupts": [
    12375,
    12415
  ],
  "interrupts.CPU3.RES:Rescheduling_interrupts": [
    11782,
    11803
  ],
  "interrupts.CPU4.RES:Rescheduling_interrupts": [
    2433,
    2440
  ],
  "interrupts.CPU5.RES:Rescheduling_interrupts": [
    2260,
    2271
  ],
  "interrupts.CPU6.RES:Rescheduling_interrupts": [
    1425,
    1439
  ],
  "interrupts.CPU7.RES:Rescheduling_interrupts": [
    1754,
    1764
  ],
  "interrupts.RES:Rescheduling_interrupts": [
    56890,
    57156
  ],
  "interrupts.CPU0.CAL:Function_call_interrupts": [
    213,
    217
  ],
  "interrupts.CPU1.CAL:Function_call_interrupts": [
    176,
    180
  ],
  "interrupts.CPU2.CAL:Function_call_interrupts": [
    216,
    219
  ],
  "interrupts.CPU3.CAL:Function_call_interrupts": [
    214,
    218
  ],
  "interrupts.CPU4.CAL:Function_call_interrupts": [
    219,
    223
  ],
  "interrupts.CPU5.CAL:Function_call_interrupts": [
    222,
    224
  ],
  "interrupts.CPU6.CAL:Function_call_interrupts": [
    176,
    180
  ],
  "interrupts.CPU7.CAL:Function_call_interrupts": [
    218,
    221
  ],
  "interrupts.CAL:Function_call_interrupts": [
    1654,
    1682
  ],
  "interrupts.CPU0.TLB:TLB_shootdowns": [
    1854,
    2718
  ],
  "interrupts.CPU1.TLB:TLB_shootdowns": [
    2096,
    2216
  ],
  "interrupts.CPU2.TLB:TLB_shootdowns": [
    1929,
    4774
  ],
  "interrupts.CPU3.TLB:TLB_shootdowns": [
    1562,
    1783
  ],
  "interrupts.CPU4.TLB:TLB_shootdowns": [
    1259,
    1655
  ],
  "interrupts.CPU5.TLB:TLB_shootdowns": [
    1588,
    1714
  ],
  "interrupts.CPU6.TLB:TLB_shootdowns": [
    1430,
    1576
  ],
  "interrupts.CPU7.TLB:TLB_shootdowns": [
    1218,
    1295
  ],
  "interrupts.TLB:TLB_shootdowns": [
    12936,
    17731
  ],
  "interrupts.CPU0.MCP:Machine_check_polls": [
    8,
    8
  ],
  "interrupts.CPU1.MCP:Machine_check_polls": [
    8,
    8
  ],
  "interrupts.CPU2.MCP:Machine_check_polls": [
    8,
    8
  ],
  "interrupts.CPU3.MCP:Machine_check_polls": [
    8,
    8
  ],
  "interrupts.CPU4.MCP:Machine_check_polls": [
    8,
    8
  ],
  "interrupts.CPU5.MCP:Machine_check_polls": [
    8,
    8
  ],
  "interrupts.CPU6.MCP:Machine_check_polls": [
    8,
    8
  ],
  "interrupts.CPU7.MCP:Machine_check_polls": [
    8,
    8
  ],