{
  "softirqs.time": [
    1478603667.5982947,
    1478603922.9986255
  ],
  "softirqs.CPU1.HI": [
    1,
    1
  ],
  "softirqs.CPU5.HI": [
    1,
    1
  ],
  "softirqs.HI": [
    2,
    2
  ],
  "softirqs.CPU0.TIMER": [
    92759,
    104879
  ],
  "softirqs.CPU1.TIMER": [
    80617,
    88137
  ],
  "softirqs.CPU2.TIMER": [
    85463,
    96053
  ],
  "softirqs.CPU3.TIMER": [
    81221,
    93554
  ],
  "softirqs.CPU4.TIMER": [
    313065,
    322606
  ],
  "softirqs.CPU5.TIMER": [
    72237,
    326727
  ],
  "softirqs.CPU6.TIMER": [
    64163,
    73362
  ],
  "softirqs.CPU7.TIMER": [
    57436,
    67338
  ],
  "softirqs.TIMER": [
    846961,
    1172656
  ],
  "softirqs.CPU4.NET_TX": [
    284,
    327
  ],
  "softirqs.NET_TX": [
    284,
    327
  ],
  "softirqs.CPU0.NET_RX": [
    39816,
    39820
  ],
  "softirqs.CPU1.NET_RX": [
    2254,
    2301
  ],
  "softirqs.CPU2.NET_RX": [
    2001,
    2003
  ],
  "softirqs.CPU3.NET_RX": [
    1385,
    1385
  ],
  "softirqs.CPU4.NET_RX": [
    6878,
    6882
  ],
  "softirqs.CPU5.NET_RX": [
    2299,
    2300
  ],
  "softirqs.CPU6.NET_RX": [
    2477,
    2479
  ],
  "softirqs.CPU7.NET_RX": [
    2175,
    2176
  ],
  "softirqs.NET_RX": [
    59285,
    59346
  ],
  "softirqs.CPU0.BLOCK": [
    12894,
    12921
  ],
  "softirqs.CPU1.BLOCK": [
    1721,
    2519
  ],
  "softirqs.CPU2.BLOCK": [
    2418,
    2439
  ],
  "softirqs.CPU3.BLOCK": [
    953,
    972
  ],
  "softirqs.CPU4.BLOCK": [
    3034,
    3062
  ],
  "softirqs.CPU5.BLOCK": [
    2090,
    2090
  ],
  "softirqs.CPU6.BLOCK": [
    1194,
    1210
  ],
  "softirqs.CPU7.BLOCK": [
    787,
    811
  ],
  "softirqs.BLOCK": [
    25091,
    26024
  ],
  "softirqs.CPU0.TASKLET": [
    3018,
    3019
  ],
  "softirqs.CPU1.TASKLET": [
    130,
    130
  ],
  "softirqs.CPU2.TASKLET": [
    23,
    23
  ],
  "softirqs.CPU3.TASKLET": [
    25,
    25
  ],
  "softirqs.CPU4.TASKLET": [
    150,
    150
  ],
  "softirqs.CPU5.TASKLET": [
    38,
    38
  ],
  "softirqs.CPU6.TASKLET": [
    18,
    18
  ],
  "softirqs.CPU7.TASKLET": [
    17,
    17
  ],
  "softirqs.TASKLET": [
    3419,
    3420
  ],
  "softirqs.CPU0.SCHED": [
    30055,
    35242
  ],
  "softirqs.CPU1.SCHED": [
    20152,
    22869
  ],
  "softirqs.CPU2.SCHED": [
    22930,
    26731
  ],
  "softirqs.CPU3.SCHED": [
    20897,
    25118
  ],
  "softirqs.CPU4.SCHED": [
    14037,
    17337
  ],
  "softirqs.CPU5.SCHED": [
    17019,
    19038
  ],
  "softirqs.CPU6.SCHED": [
    13458,
    16581
  ],
  "softirqs.CPU7.SCHED": [
    11661,
    14799
  ],
  "softirqs.SCHED": [
    150209,
    177715
  ],
  "softirqs.CPU0.RCU": [
    48686,
    57956
  ],
  "softirqs.CPU1.RCU": [
    43367,
    48891
  ],
  "softirqs.CPU2.RCU": [
    47787,
    56319
  ],
  "softirqs.CPU3.RCU": [
    43484,
    53359
  ],
  "softirqs.CPU4.RCU": [
    40604,
    48163
  ],
  "softirqs.CPU5.RCU": [
    38086,
    51461
  ],
  "softirqs.CPU6.RCU": [
    31824,
    39378
  ],
  "softirqs.CPU7.RCU": [
    27643,
    35592
  ],
  "softirqs.RCU": [
    321481,
    391119
  ]
}