{
  "diskstats.time": [
    1479482040.0529323,
    1479482041.0559452,
    1479482042.0603964,
    1479482043.0640087,
    1479482044.0666785,
    1479482045.069847,
    1479482046.0756133,
    1479482047.080748,
    1479482048.0848932,
    1479482049.088378,
    1479482050.0935757,
    1479482051.0986578
  ],
  "diskstats.sda.read_ios": [
    25957,
    25957,
    25958,
    25958,
    25958,
    25958,
    25958,
    25958,
    25958,
    25958,
    25958,
    25958
  ],
  "diskstats.sda.read_merges": [
    523,
    523,
    523,
    523,
    523,
    523,
    523,
    523,
    523,
    523,
    523,
    523
  ],
  "diskstats.sda.read_sectors": [
    1336630,
    1336630,
    1336702,
    1336702,
    1336702,
    1336702,
    1336702,
    1336702,
    1336702,
    1336702,
    1336702,
    1336702
  ],
  "diskstats.sda.read_ticks": [
    142000,
    142000,
    142008,
    142008,
    142008,
    142008,
    142008,
    142008,
    142008,
    142008,
    142008,
    142008
  ],
  "diskstats.sda.write_ios": [
    26089,
    26092,
    26144,
    26145,
    26146,
    26161,
    26162,
    26182,
    26186,
    26190,
    26193,
    26194
  ],
  "diskstats.sda.write_merges": [
    28738,
    28744,
    28774,
    28774,
    28774,
    28888,
    28888,
    28897,
    28910,
    28919,
    28933,
    28933
  ],
  "diskstats.sda.write_sectors": [
    1789224,
    1789296,
    1796192,
    1796200,
    1796208,
    1797240,
    1797248,
    1797584,
    1797720,
    1797824,
    1797960,
    1797968
  ],
  "diskstats.sda.write_ticks": [
    578026,
    578067,
    578744,
    578744,
    578745,
    578861,
    578861,
    578897,
    578916,
    578942,
    578968,
    578968
  ],
  "diskstats.sda.io_ticks": [
    128643,
    128670,
    128754,
    128754,
    128755,
    128871,
    128871,
    128874,
    128893,
    128919,
    128945,
    128945
  ],
  "diskstats.sda.time_in_queue": [
    720053,
    720094,
    720779,
    720779,
    720780,
    720896,
    720896,
    720932,
    720951,
    720977,
    721003,
    721003
  ],
  "diskstats.sda1.read_ios": [
    15,
    15,
    15,
    15,
    15,
    15,
    15,
    15,
    15,
    15,
    15,
    15
  ],
  "diskstats.sda1.read_sectors": [
    19,
    19,
    19,
    19,
    19,
    19,
    19,
    19,
    19,
    19,
    19,
    19
  ],
  "diskstats.sda1.read_ticks": [
    66,
    66,
    66,
    66,
    66,
    66,
    66,
    66,
    66,
    66,
    66,
    66
  ],
  "diskstats.sda1.io_ticks": [
    38,
    38,
    38,
    38,
    38,
    38,
    38,
    38,
    38,
    38,
    38,
    38
  ],
  "diskstats.sda1.time_in_queue": [
    66,
    66,
    66,
    66,
    66,
    66,
    66,
    66,
    66,
    66,
    66,
    66
  ],
  "diskstats.sda2.read_ios": [
    17036,
    17036,
    17036,
    17036,
    17036,
    17036,
    17036,
    17036,
    17036,
    17036,
    17036,
    17036
  ],
  "diskstats.sda2.read_merges": [
    348,
    348,
    348,
    348,
    348,
    348,
    348,
    348,
    348,
    348,
    348,
    348
  ],
  "diskstats.sda2.read_sectors": [
    565412,
    565412,
    565412,
    565412,
    565412,
    565412,
    565412,
    565412,
    565412,
    565412,
    565412,
    565412
  ],
  "diskstats.sda2.read_ticks": [
    51579,
    51579,
    51579,
    51579,
    51579,
    51579,
    51579,
    51579,
    51579,
    51579,
    51579,
    51579
  ],
  "diskstats.sda2.write_ios": [
    2388,
    2388,
    2432,
    2432,
    2432,
    2434,
    2434,
    2446,
    2446,
    2446,
    2448,
    2448
  ],
  "diskstats.sda2.write_merges": [
    13293,
    13293,
    13304,
    13304,
    13304,
    13379,
    13379,
    13388,
    13388,
    13388,
    13402,
    13402
  ],
  "diskstats.sda2.write_sectors": [
    1443800,
    1443800,
    1450488,
    1450488,
    1450488,
    1451104,
    1451104,
    1451376,
    1451376,
    1451376,
    1451504,
    1451504
  ],
  "diskstats.sda2.write_ticks": [
    432894,
    432894,
    433513,
    433513,
    433513,
    433532,
    433532,
    433556,
    433556,
    433556,
    433581,
    433581
  ],
  "diskstats.sda2.io_ticks": [
    23382,
    23382,
    23400,
    23400,
    23400,
    23419,
    23419,
    23421,
    23421,
    23421,
    23446,
    23446
  ],
  "diskstats.sda2.time_in_queue": [
    484532,
    484532,
    485151,
    485151,
    485151,
    485170,
    485170,
    485194,
    485194,
    485194,
    485219,
    485219
  ],
  "diskstats.sda3.read_ios": [
    98,
    98,
    98,
    98,
    98,
    98,
    98,
    98,
    98,
    98,
    98,
    98
  ],
  "diskstats.sda3.read_sectors": [
    222,
    222,
    222,
    222,
    222,
    222,
    222,
    222,
    222,
    222,
    222,
    222
  ],
  "diskstats.sda3.read_ticks": [
    22,
    22,
    22,
    22,
    22,
    22,
    22,
    22,
    22,
    22,
    22,
    22
  ],
  "diskstats.sda3.io_ticks": [
    22,
    22,
    22,
    22,
    22,
    22,
    22,
    22,
    22,
    22,
    22,
    22
  ],
  "diskstats.sda3.time_in_queue": [
    22,
    22,
    22,
    22,
    22,
    22,
    22,
    22,
    22,
    22,
    22,
    22
  ],
  "diskstats.sda40.read_ios": [
    8701,
    8701,
    8702,
    8702,
    8702,
    8702,
    8702,
    8702,
    8702,
    8702,
    8702,
    8702
  ],
  "diskstats.sda40.read_merges": [
    175,
    175,
    175,
    175,
    175,
    175,
    175,
    175,
    175,
    175,
    175,
    175
  ],
  "diskstats.sda40.read_sectors": [
    770676,
    770676,
    770748,
    770748,
    770748,
    770748,
    770748,
    770748,
    770748,
    770748,
    770748,
    770748
  ],
  "diskstats.sda40.read_ticks": [
    90286,
    90286,
    90294,
    90294,
    90294,
    90294,
    90294,
    90294,
    90294,
    90294,
    90294,
    90294
  ],
  "diskstats.sda40.write_ios": [
    23675,
    23678,
    23685,
    23686,
    23687,
    23700,
    23701,
    23709,
    23713,
    23717,
    23718,
    23719
  ],
  "diskstats.sda40.write_merges": [
    15445,
    15451,
    15470,
    15470,
    15470,
    15509,
    15509,
    15509,
    15522,
    15531,
    15531,
    15531
  ],
  "diskstats.sda40.write_sectors": [
    345424,
    345496,
    345704,
    345712,
    345720,
    346136,
    346144,
    346208,
    346344,
    346448,
    346456,
    346464
  ],
  "diskstats.sda40.write_ticks": [
    144846,
    144887,
    144945,
    144945,
    144946,
    145043,
    145043,
    145055,
    145074,
    145100,
    145101,
    145101
  ],
  "diskstats.sda40.io_ticks": [
    107985,
    108012,
    108078,
    108078,
    108079,
    108176,
    108176,
    108179,
    108198,
    108224,
    108225,
    108225
  ],
  "diskstats.sda40.time_in_queue": [
    235100,
    235141,
    235207,
    235207,
    235208,
    235305,
    235305,
    235317,
    235336,
    235362,
    235363,
    235363
  ]
}