{
  "softirqs.time": [
    1479482040.0469744,
    1479482051.4087267
  ],
  "softirqs.CPU3.HI": [
    1,
    1
  ],
  "softirqs.CPU5.HI": [
    1,
    1
  ],
  "softirqs.HI": [
    2,
    2
  ],
  "softirqs.CPU0.TIMER": [
    277145,
    279156
  ],
  "softirqs.CPU1.TIMER": [
    329729,
    331936
  ],
  "softirqs.CPU2.TIMER": [
    314982,
    317243
  ],
  "softirqs.CPU3.TIMER": [
    392757,
    395833
  ],
  "softirqs.CPU4.TIMER": [
    209205,
    210743
  ],
  "softirqs.CPU5.TIMER": [
    253563,
    255485
  ],
  "softirqs.CPU6.TIMER": [
    182615,
    184408
  ],
  "softirqs.CPU7.TIMER": [
    181627,
    182778
  ],
  "softirqs.TIMER": [
    2141623,
    2157582
  ],
  "softirqs.CPU0.NET_TX": [
    2625,
    2627
  ],
  "softirqs.NET_TX": [
    2625,
    2627
  ],
  "softirqs.CPU0.NET_RX": [
    45882,
    45949
  ],
  "softirqs.CPU1.NET_RX": [
    6905,
    6940
  ],
  "softirqs.CPU2.NET_RX": [
    5800,
    5821
  ],
  "softirqs.CPU3.NET_RX": [
    4361,
    4379
  ],
  "softirqs.CPU4.NET_RX": [
    25309,
    25345
  ],
  "softirqs.CPU5.NET_RX": [
    5059,
    5069
  ],
  "softirqs.CPU6.NET_RX": [
    4931,
    4938
  ],
  "softirqs.CPU7.NET_RX": [
    3954,
    3959
  ],
  "softirqs.NET_RX": [
    102201,
    102400
  ],
  "softirqs.CPU0.BLOCK": [
    26331,
    26420
  ],
  "softirqs.CPU1.BLOCK": [
    3261,
    3266
  ],
  "softirqs.CPU2.BLOCK": [
    2038,
    2043
  ],
  "softirqs.CPU3.BLOCK": [
    1339,
    1344
  ],
  "softirqs.CPU4.BLOCK": [
    11262,
    11308
  ],
  "softirqs.CPU5.BLOCK": [
    5041,
    5045
  ],
  "softirqs.CPU6.BLOCK": [
    5263,
    5268
  ],
  "softirqs.CPU7.BLOCK": [
    1931,
    1946
  ],
  "softirqs.BLOCK": [
    56466,
    56640
  ],
  "softirqs.CPU0.TASKLET": [
    1928,
    1928
  ],
  "softirqs.CPU1.TASKLET": [
    152,
    152
  ],
  "softirqs.CPU2.TASKLET": [
    81,
    81
  ],
  "softirqs.CPU3.TASKLET": [
    253,
    253
  ],
  "softirqs.CPU4.TASKLET": [
    152,
    152
  ],
  "softirqs.CPU5.TASKLET": [
    129,
    129
  ],
  "softirqs.CPU6.TASKLET": [
    56,
    56
  ],
  "softirqs.CPU7.TASKLET": [
    43,
    43
  ],
  "softirqs.TASKLET": [
    2794,
    2794
  ],
  "softirqs.CPU0.SCHED": [
    136554,
    137504
  ],
  "softirqs.CPU1.SCHED": [
    140522,
    141497
  ],
  "softirqs.CPU2.SCHED": [
    136182,
    137119
  ],
  "softirqs.CPU3.SCHED": [
    155357,
    156515
  ],
  "softirqs.CPU4.SCHED": [
    88897,
    89525
  ],
  "softirqs.CPU5.SCHED": [
    99720,
    100373
  ],
  "softirqs.CPU6.SCHED": [
    79102,
    79882
  ],
  "softirqs.CPU7.SCHED": [
    78766,
    79365
  ],
  "softirqs.SCHED": [
    915100,
    921780
  ],
  "softirqs.CPU0.RCU": [
    294499,
    296313
  ],
  "softirqs.CPU1.RCU": [
    387158,
    389134
  ],
  "softirqs.CPU2.RCU": [
    404019,
    405986
  ],
  "softirqs.CPU3.RCU": [
    437961,
    440159
  ],
  "softirqs.CPU4.RCU": [
    297923,
    299230
  ],
  "softirqs.CPU5.RCU": [
    301073,
    302895
  ],
  "softirqs.CPU6.RCU": [
    248543,
    250489
  ],
  "softirqs.CPU7.RCU": [
    280122,
    281394
  ],
  "softirqs.RCU": [
    2651298,
    2665600
  ]
}