{
  "meminfo.time": [
    1482157536.6069148,
    1482157537.6195824,
    1482157538.6496024,
    1482157539.6815667,
    1482157540.708552,
    1482157541.7415195,
    1482157542.7757998,
    1482157543.8065631,
    1482157544.8305328,
    1482157545.8606746,
    1482157546.8875084,
    1482157547.9115708,
    1482157548.9257524,
    1482157549.944766,
    1482157550.9637277,
    1482157551.9857316,
    1482157553.015803,
    1482157554.0375507,
    1482157555.0787828,
    1482157556.102588,
    1482157557.136545,
    1482157558.1567276,
    1482157559.1755877,
    1482157560.206567,
    1482157561.2306097,
    1482157562.259575
  ],
  "meminfo.MemTotal": [
    16317260,
    16317260,
    16317260,
    16317260,
    16317260,
    16317260,
    16317260,
    16317260,
    16317260,
    16317260,
    16317260,
    16317260,
    16317260,
    16317260,
    16317260,
    16317260,
    16317260,
    16317260,
    16317260,
    16317260,
    16317260,
    16317260,
    16317260,
    16317260,
    16317260,
    16317260
  ],
  "meminfo.MemFree": [
    14439556,
    14421488,
    14421760,
    14422032,
    14421384,
    14421992,
    14421896,
    14421464,
    14422036,
    14421812,
    14421656,
    14422520,
    14421532,
    14421900,
    14422152,
    14422040,
    14421556,
    14422040,
    14422028,
    14422028,
    14422280,
    14421524,
    14421756,
    14422016,
    14421756,
    14421796
  ],
  "meminfo.MemAvailable": [
    15860632,
    15843668,
    15844060,
    15844320,
    15843668,
    15844300,
    15844204,
    15843772,
    15844332,
    15844108,
    15843956,
    15844808,
    15843816,
    15844184,
    15844436,
    15844328,
    15843844,
    15844328,
    15844316,
    15844304,
    15844564,
    15843808,
    15844036,
    15844288,
    15844028,
    15844076
  ],
  "meminfo.Buffers": [
    60704,
    60704,
    60704,
    60704,
    60720,
    60720,
    60724,
    60724,
    60724,
    60732,
    60732,
    60732,
    60732,
    60732,
    60740,
    60740,
    60740,
    60740,
    60740,
    60748,
    60748,
    60748,
    60748,
    60748,
    60756,
    60756
  ],
  "meminfo.Cached": [
    1505912,
    1506624,
    1506736,
    1506736,
    1506720,
    1506736,
    1506732,
    1506736,
    1506736,
    1506728,
    1506736,
    1506736,
    1506736,
    1506736,
    1506728,
    1506736,
    1506736,
    1506736,
    1506736,
    1506728,
    1506736,
    1506736,
    1506736,
    1506736,
    1506728,
    1506736
  ],
  "meminfo.Active": [
    1134528,
    1150804,
    1150216,
    1150252,
    1150676,
    1150756,
    1150176,
    1151416,
    1150800,
    1150392,
    1150476,
    1151584,
    1150124,
    1150776,
    1149828,
    1150840,
    1150736,
    1150704,
    1151444,
    1151332,
    1150740,
    1150896,
    1151264,
    1151060,
    1151124,
    1151024
  ],
  "meminfo.Inactive": [
    603328,
    602576,
    602668,
    602668,
    602668,
    602668,
    602668,
    602656,
    602656,
    602656,
    602656,
    602656,
    602656,
    602656,
    602656,
    602656,
    602656,
    602656,
    602656,
    602656,
    602656,
    602656,
    602656,
    602656,
    602656,
    602656
  ],
  "meminfo.Active(anon)": [
    174144,
    188744,
    188136,
    188172,
    188596,
    188660,
    188080,
    189304,
    188688,
    188280,
    188356,
    189464,
    188004,
    188656,
    187708,
    188712,
    188608,
    188576,
    189316,
    189204,
    188604,
    188760,
    189128,
    188924,
    188988,
    188880
  ],
  "meminfo.Inactive(anon)": [
    87404,
    87404,
    87404,
    87404,
    87404,
    87404,
    87404,
    87404,
    87404,
    87404,
    87404,
    87404,
    87404,
    87404,
    87404,
    87404,
    87404,
    87404,
    87404,
    87404,
    87404,
    87404,
    87404,
    87404,
    87404,
    87404
  ],
  "meminfo.Active(file)": [
    960384,
    962060,
    962080,
    962080,
    962080,
    962096,
    962096,
    962112,
    962112,
    962112,
    962120,
    962120,
    962120,
    962120,
    962120,
    962128,
    962128,
    962128,
    962128,
    962128,
    962136,
    962136,
    962136,
    962136,
    962136,
    962144
  ],
  "meminfo.Inactive(file)": [
    515924,
    515172,
    515264,
    515264,
    515264,
    515264,
    515264,
    515252,
    515252,
    515252,
    515252,
    515252,
    515252,
    515252,
    515252,
    515252,
    515252,
    515252,
    515252,
    515252,
    515252,
    515252,
    515252,
    515252,
    515252,
    515252
  ],
  "meminfo.Dirty": [
    2364,
    404,
    192,
    196,
    584,
    708,
    708,
    524,
    532,
    532,
    156,
    12,
    16,
    16,
    16,
    36,
    32,
    36,
    36,
    36,
    36,
    12,
    16,
    16,
    16,
    32
  ],
  "meminfo.Writeback": [
    0,
    0,
    0,
    0,
    0,
    0,
    0,
    0,
    0,
    0,
    388,
    0,
    0,
    0,
    0,
    0,
    0,
    0,
    0,
    0,
    0,
    0,
    0,
    0,
    0,
    0
  ],
  "meminfo.AnonPages": [
    171764,
    185608,
    184936,
    185476,
    185412,
    185320,
    185244,
    185284,
    186160,
    185624,
    185648,
    186376,
    184684,
    185708,
    185008,
    185628,
    185544,
    185852,
    186520,
    185468,
    185348,
    185668,
    185920,
    185960,
    185708,
    185952
  ],
  "meminfo.Mapped": [
    255768,
    255920,
    255564,
    255564,
    255564,
    255564,
    255564,
    255564,
    255564,
    255564,
    255564,
    255564,
    255564,
    255564,
    255564,
    255564,
    255572,
    255572,
    255572,
    255572,
    255572,
    255564,
    255564,
    255564,
    255564,
    255564
  ],
  "meminfo.Shmem": [
    90108,
    90108,
    90108,
    90108,
    90108,
    90108,
    90108,
    90108,
    90108,
    90108,
    90108,
    90108,
    90108,
    90108,
    90108,
    90108,
    90108,
    90108,
    90108,
    90108,
    90108,
    90108,
    90108,
    90108,
    90108,
    90108
  ],
  "meminfo.Slab": [
    96536,
    97272,
    97368,
    97344,
    97200,
    97216,
    97216,
    97272,
    97116,
    97120,
    97112,
    97020,
    97016,
    97016,
    97012,
    96908,
    96916,
    96916,
    96916,
    96812,
    96820,
    96824,
    96820,
    96700,
    96696,
    96696
  ],
  "meminfo.SReclaimable": [
    66800,
    67156,
    67176,
    67152,
    67140,
    67156,
    67156,
    67148,
    67128,
    67128,
    67120,
    67092,
    67088,
    67088,
    67088,
    67076,
    67076,
    67076,
    67076,
    67052,
    67052,
    67052,
    67048,
    67032,
    67028,
    67028
  ],
  "meminfo.SUnreclaim": [
    29736,
    30116,
    30192,
    30192,
    30060,
    30060,
    30060,
    30124,
    29988,
    29992,
    29992,
    29928,
    29928,
    29928,
    29924,
    29832,
    29840,
    29840,
    29840,
    29760,
    29768,
    29772,
    29772,
    29668,
    29668,
    29668
  ],
  "meminfo.KernelStack": [
    9920,
    10528,
    10832,
    10832,
    10832,
    10832,
    10832,
    10832,
    10832,
    10832,
    10880,
    10832,
    10832,
    10832,
    10832,
    10832,
    10832,
    10832,
    10832,
    10832,
    10832,
    10832,
    10832,
    10848,
    10848,
    10832
  ],
  "meminfo.PageTables": [
    10212,
    10644,
    10896,
    10896,
    10896,
    10892,
    10892,
    10888,
    10888,
    10892,
    10844,
    10892,
    10896,
    10900,
    10896,
    10896,
    10888,
    10892,
    10896,
    10892,
    10892,
    10884,
    10892,
    10896,
    10892,
    10892
  ],
  "meminfo.CommitLimit": [
    8158628,
    8158628,
    8158628,
    8158628,
    8158628,
    8158628,
    8158628,
    8158628,
    8158628,
    8158628,
    8158628,
    8158628,
    8158628,
    8158628,
    8158628,
    8158628,
    8158628,
    8158628,
    8158628,
    8158628,
    8158628,
    8158628,
    8158628,
    8158628,
    8158628,
    8158628
  ],