{
  "ebizzy.throughput": [
    64340,
    65186,
    67752,
    58640,
    56214,
    60569,
    58312,
    55887
  ],
  "ebizzy.throughput.per_thread.min": [
    7550,
    7098,
    7452,
    5830,
    4658,
    6955,
    6416,
    5912
  ],
  "ebizzy.throughput.per_thread.max": [
    8565,
    8923,
    9570,
    8000,
    8096,
    8214,
    7898,
    7769
  ],
  "ebizzy.throughput.per_thread.stddev_percent": [
    0.475241076625684,
    0.7741639604117572,
    0.9684150411247072,
    1.1373820245912172,
    1.8112493139536425,
    0.6996960342499682,
    0.9772553918935643,
    1.2655935336367576
  ],
  "ebizzy.time.real": [
    5.0,
    5.0,
    5.0,
    5.0,
    5.0,
    5.0,
    5.0,
    5.0
  ],
  "ebizzy.time.user": [
    19.84,
    19.83,
    19.83,
    19.8,
    19.83,
    19.85,
    19.85,
    19.84
  ],
  "ebizzy.time.sys": [
    0.03,
    0.02,
    0.04,
    0.06,
    0.02,
    0.02,
    0.02,
    0.02
  ]
}