{
  "softirqs.time": [
    1473216519.4175293,
    1473216560.506901
  ],
  "softirqs.CPU2.HI": [
    1,
    1
  ],
  "softirqs.HI": [
    1,
    1
  ],
  "softirqs.CPU0.TIMER": [
    475012,
    485029
  ],
  "softirqs.CPU1.TIMER": [
    561315,
    571347
  ],
  "softirqs.CPU2.TIMER": [
    475746,
    485776
  ],
  "softirqs.CPU3.TIMER": [
    696701,
    706714
  ],
  "softirqs.TIMER": [
    2208774,
    2248866
  ],
  "softirqs.CPU0.NET_TX": [
    14732,
    14740
  ],
  "softirqs.CPU1.NET_TX": [
    5,
    5
  ],
  "softirqs.NET_TX": [
    14737,
    14745
  ],
  "softirqs.CPU0.NET_RX": [
    135,
    135
  ],
  "softirqs.CPU1.NET_RX": [
    208096,
    208218
  ],
  "softirqs.CPU2.NET_RX": [
    57,
    57
  ],
  "softirqs.CPU3.NET_RX": [
    64,
    64
  ],
  "softirqs.NET_RX": [
    208352,
    208474
  ],
  "softirqs.CPU0.BLOCK": [
    5292,
    5292
  ],
  "softirqs.CPU2.BLOCK": [
    36045,
    36065
  ],
  "softirqs.CPU3.BLOCK": [
    73057,
    73084
  ],
  "softirqs.BLOCK": [
    114394,
    114441
  ],
  "softirqs.CPU0.TASKLET": [
    14,
    14
  ],
  "softirqs.CPU1.TASKLET": [
    3043,
    3043
  ],
  "softirqs.CPU2.TASKLET": [
    2,
    2
  ],
  "softirqs.CPU3.TASKLET": [
    16,
    16
  ],
  "softirqs.TASKLET": [
    3075,
    3075
  ],
  "softirqs.CPU0.SCHED": [
    323912,
    324132
  ],
  "softirqs.CPU1.SCHED": [
    375454,
    375678
  ],
  "softirqs.CPU2.SCHED": [
    326988,
    327199
  ],
  "softirqs.CPU3.SCHED": [
    542128,
    542348
  ],
  "softirqs.SCHED": [
    1568482,
    1569357
  ],
  "softirqs.CPU0.RCU": [
    427476,
    429254
  ],
  "softirqs.CPU1.RCU": [
    521412,
    523262
  ],
  "softirqs.CPU2.RCU": [
    438112,
    439879
  ],
  "softirqs.CPU3.RCU": [
    487683,
    489458
  ],
  "softirqs.RCU": [
    1874683,
    1881853
  ]
}