{
  "ebizzy.throughput": [
    65653,
    65758,
    65843,
    66590,
    66253
  ],
  "ebizzy.throughput.per_thread.min": [
    3990,
    3945,
    3998,
    3856,
    3917
  ],
  "ebizzy.throughput.per_thread.max": [
    4189,
    4475,
    4306,
    4615,
    4433
  ],
  "ebizzy.throughput.per_thread.stddev_percent": [
    0.08460051529708508,
    0.22160264532323654,
    0.10913885668830214,
    0.3307120590833693,
    0.1934506636065503
  ],
  "ebizzy.time.real": [
    5.0,
    5.0,
    5.0,
    5.0,
    5.0
  ],
  "ebizzy.time.user": [
    9.4,
    9.36,
    9.69,
    9.51,
    9.51
  ],
  "ebizzy.time.sys": [
    30.27,
    30.32,
    30.06,
    30.36,
    30.24
  ]
}