{
  "interrupts.time": [
    1482157536.6237113,
    1482157562.5599566
  ],
  "interrupts.CPU0.0:IO-APIC.2-edge.timer": [
    37,
    37
  ],
  "interrupts.0:IO-APIC.2-edge.timer": [
    37,
    37
  ],
  "interrupts.CPU5.1:IO-APIC.1-edge.i8042": [
    1,
    1
  ],
  "interrupts.CPU7.1:IO-APIC.1-edge.i8042": [
    1,
    1
  ],
  "interrupts.1:IO-APIC.1-edge.i8042": [
    2,
    2
  ],
  "interrupts.CPU0.8:IO-APIC.8-edge.rtc0": [
    1,
    1
  ],
  "interrupts.8:IO-APIC.8-edge.rtc0": [
    1,
    1
  ],
  "interrupts.CPU0.9:IO-APIC.9-fasteoi.acpi": [
    1,
    1
  ],
  "interrupts.CPU4.9:IO-APIC.9-fasteoi.acpi": [
    2,
    2
  ],
  "interrupts.9:IO-APIC.9-fasteoi.acpi": [
    3,
    3
  ],
  "interrupts.CPU1.12:IO-APIC.12-edge.i8042": [
    2,
    2
  ],
  "interrupts.CPU3.12:IO-APIC.12-edge.i8042": [
    1,
    1
  ],
  "interrupts.CPU6.12:IO-APIC.12-edge.i8042": [
    1,
    1
  ],
  "interrupts.12:IO-APIC.12-edge.i8042": [
    4,
    4
  ],
  "interrupts.CPU0.120:PCI-MSI.376832-edge.0000:00:17.0": [
    17264,
    17461
  ],
  "interrupts.CPU1.120:PCI-MSI.376832-edge.0000:00:17.0": [
    1983,
    1983
  ],
  "interrupts.CPU2.120:PCI-MSI.376832-edge.0000:00:17.0": [
    1747,
    1747
  ],
  "interrupts.CPU3.120:PCI-MSI.376832-edge.0000:00:17.0": [
    797,
    797
  ],
  "interrupts.CPU4.120:PCI-MSI.376832-edge.0000:00:17.0": [
    8832,
    8841
  ],
  "interrupts.CPU5.120:PCI-MSI.376832-edge.0000:00:17.0": [
    2899,
    2900
  ],
  "interrupts.CPU6.120:PCI-MSI.376832-edge.0000:00:17.0": [
    2169,
    2169
  ],
  "interrupts.CPU7.120:PCI-MSI.376832-edge.0000:00:17.0": [
    1289,
    1291
  ],
  "interrupts.120:PCI-MSI.376832-edge.0000:00:17.0": [
    36980,
    37189
  ],
  "interrupts.CPU0.121:PCI-MSI.327680-edge.xhci_hcd": [
    81,
    81
  ],
  "interrupts.CPU1.121:PCI-MSI.327680-edge.xhci_hcd": [
    6,
    6
  ],
  "interrupts.CPU2.121:PCI-MSI.327680-edge.xhci_hcd": [
    6,
    6
  ],
  "interrupts.CPU3.121:PCI-MSI.327680-edge.xhci_hcd": [
    1,
    1
  ],
  "interrupts.CPU4.121:PCI-MSI.327680-edge.xhci_hcd": [
    6,
    6
  ],
  "interrupts.CPU5.121:PCI-MSI.327680-edge.xhci_hcd": [
    3,
    3
  ],
  "interrupts.CPU6.121:PCI-MSI.327680-edge.xhci_hcd": [
    14,
    14
  ],
  "interrupts.CPU7.121:PCI-MSI.327680-edge.xhci_hcd": [
    15,
    15
  ],
  "interrupts.121:PCI-MSI.327680-edge.xhci_hcd": [
    132,
    132
  ],
  "interrupts.CPU0.122:PCI-MSI.32768-edge.i915": [
    2066,
    2074
  ],
  "interrupts.CPU1.122:PCI-MSI.32768-edge.i915": [
    715,
    715
  ],
  "interrupts.CPU2.122:PCI-MSI.32768-edge.i915": [
    583,
    583
  ],
  "interrupts.CPU3.122:PCI-MSI.32768-edge.i915": [
    250,
    250
  ],
  "interrupts.CPU4.122:PCI-MSI.32768-edge.i915": [
    1310,
    1310
  ],
  "interrupts.CPU5.122:PCI-MSI.32768-edge.i915": [
    522,
    522
  ],
  "interrupts.CPU6.122:PCI-MSI.32768-edge.i915": [
    404,
    404
  ],
  "interrupts.CPU7.122:PCI-MSI.32768-edge.i915": [
    275,
    275
  ],
  "interrupts.122:PCI-MSI.32768-edge.i915": [
    6125,
    6133
  ],
  "interrupts.CPU0.123:PCI-MSI.2097152-edge.eth0": [
    89179,
    89189
  ],
  "interrupts.CPU1.123:PCI-MSI.2097152-edge.eth0": [
    12779,
    12785
  ],
  "interrupts.CPU2.123:PCI-MSI.2097152-edge.eth0": [
    17724,
    17730
  ],
  "interrupts.CPU3.123:PCI-MSI.2097152-edge.eth0": [
    7034,
    7035
  ],
  "interrupts.CPU4.123:PCI-MSI.2097152-edge.eth0": [
    385995,
    386005
  ],
  "interrupts.CPU5.123:PCI-MSI.2097152-edge.eth0": [
    58190,
    58193
  ],
  "interrupts.CPU6.123:PCI-MSI.2097152-edge.eth0": [
    25546,
    25550
  ],
  "interrupts.CPU7.123:PCI-MSI.2097152-edge.eth0": [
    32614,
    32615
  ],
  "interrupts.123:PCI-MSI.2097152-edge.eth0": [
    629061,
    629102
  ],
  "interrupts.CPU0.124:PCI-MSI.514048-edge.snd_hda_intel": [
    317,
    317
  ],
  "interrupts.CPU1.124:PCI-MSI.514048-edge.snd_hda_intel": [
    133,
    133
  ],
  "interrupts.CPU2.124:PCI-MSI.514048-edge.snd_hda_intel": [
    1,
    1
  ],
  "interrupts.CPU4.124:PCI-MSI.514048-edge.snd_hda_intel": [
    53,
    53
  ],
  "interrupts.124:PCI-MSI.514048-edge.snd_hda_intel": [
    504,
    504
  ],
  "interrupts.CPU0.NMI:Non-maskable_interrupts": [
    0,
    3
  ],
  "interrupts.CPU1.NMI:Non-maskable_interrupts": [
    0,
    3
  ],
  "interrupts.CPU2.NMI:Non-maskable_interrupts": [
    0,
    2
  ],
  "interrupts.CPU3.NMI:Non-maskable_interrupts": [
    0,
    3
  ],
  "interrupts.CPU4.NMI:Non-maskable_interrupts": [
    0,
    3
  ],
  "interrupts.CPU5.NMI:Non-maskable_interrupts": [
    0,
    3
  ],
  "interrupts.CPU6.NMI:Non-maskable_interrupts": [
    0,
    2
  ],
  "interrupts.CPU7.NMI:Non-maskable_interrupts": [
    0,
    2
  ],
  "interrupts.NMI:Non-maskable_interrupts": [
    0,
    21
  ],
  "interrupts.CPU0.LOC:Local_timer_interrupts": [
    98094,
    123856
  ],
  "interrupts.CPU1.LOC:Local_timer_interrupts": [
    88090,
    113192
  ],
  "interrupts.CPU2.LOC:Local_timer_interrupts": [
    88126,
    113291
  ],
  "interrupts.CPU3.LOC:Local_timer_interrupts": [
    117484,
    142842
  ],
  "interrupts.CPU4.LOC:Local_timer_interrupts": [
    52199,
    77323
  ],
  "interrupts.CPU5.LOC:Local_timer_interrupts": [
    64062,
    89162
  ],
  "interrupts.CPU6.LOC:Local_timer_interrupts": [
    39950,
    65092
  ],
  "interrupts.CPU7.LOC:Local_timer_interrupts": [
    41070,
    66162
  ],
  "interrupts.LOC:Local_timer_interrupts": [
    589075,
    790920
  ],
  "interrupts.CPU0.PMI:Performance_monitoring_interrupts": [
    0,
    3
  ],
  "interrupts.CPU1.PMI:Performance_monitoring_interrupts": [
    0,
    3
  ],
  "interrupts.CPU2.PMI:Performance_monitoring_interrupts": [
    0,
    2
  ],
  "interrupts.CPU3.PMI:Performance_monitoring_interrupts": [
    0,
    3
  ],
  "interrupts.CPU4.PMI:Performance_monitoring_interrupts": [
    0,
    3
  ],
  "interrupts.CPU5.PMI:Performance_monitoring_interrupts": [
    0,
    3
  ],
  "interrupts.CPU6.PMI:Performance_monitoring_interrupts": [
    0,
    2
  ],
  "interrupts.CPU7.PMI:Performance_monitoring_interrupts": [
    0,
    2
  ],
  "interrupts.PMI:Performance_monitoring_interrupts": [
    0,
    21
  ],
  "interrupts.CPU0.RTR:APIC_ICR_read_retries": [
    7,
    7
  ],
  "interrupts.RTR:APIC_ICR_read_retries": [
    7,
    7
  ],
  "interrupts.CPU0.RES:Rescheduling_interrupts": [
    12804,
    12874
  ],
  "interrupts.CPU1.RES:Rescheduling_interrupts": [
    9283,
    9340
  ],
  "interrupts.CPU2.RES:Rescheduling_interrupts": [
    7916,
    7964
  ],
  "interrupts.CPU3.RES:Rescheduling_interrupts": [
    8685,
    8743
  ],
  "interrupts.CPU4.RES:Rescheduling_interrupts": [
    1159,
    1229
  ],
  "interrupts.CPU5.RES:Rescheduling_interrupts": [
    4649,
    4690
  ],
  "interrupts.CPU6.RES:Rescheduling_interrupts": [
    3536,
    3589
  ],
  "interrupts.CPU7.RES:Rescheduling_interrupts": [
    1105,
    1132
  ],
  "interrupts.RES:Rescheduling_interrupts": [
    49137,
    49561
  ],
  "interrupts.CPU0.CAL:Function_call_interrupts": [
    152,
    4294951911
  ],
  "interrupts.CPU1.CAL:Function_call_interrupts": [
    147,
    4294951372
  ],
  "interrupts.CPU2.CAL:Function_call_interrupts": [
    128,
    4294951037
  ],
  "interrupts.CPU3.CAL:Function_call_interrupts": [
    170,
    4294952233
  ],
  "interrupts.CPU4.CAL:Function_call_interrupts": [
    178,
    4294951701
  ],
  "interrupts.CPU5.CAL:Function_call_interrupts": [
    182,
    4294951099
  ],
  "interrupts.CPU6.CAL:Function_call_interrupts": [
    185,
    4294950994
  ],
  "interrupts.CPU7.CAL:Function_call_interrupts": [
    188,
    4294952171
  ],
  "interrupts.CAL:Function_call_interrupts": [
    1330,
    34359612518
  ],
  "interrupts.CPU0.TLB:TLB_shootdowns": [
    1383,
    1446442
  ],
  "interrupts.CPU1.TLB:TLB_shootdowns": [
    1452,
    1454801
  ],
  "interrupts.CPU2.TLB:TLB_shootdowns": [
    1204,
    1453750
  ],
  "interrupts.CPU3.TLB:TLB_shootdowns": [
    1202,
    1454564
  ],