{
  "interrupts.time": [
    1482165030.750794,
    1482165056.745041
  ],
  "interrupts.CPU0.0:IO-APIC.2-edge.timer": [
    37,
    37
  ],
  "interrupts.0:IO-APIC.2-edge.timer": [
    37,
    37
  ],
  "interrupts.CPU5.1:IO-APIC.1-edge.i8042": [
    1,
    1
  ],
  "interrupts.CPU7.1:IO-APIC.1-edge.i8042": [
    1,
    1
  ],
  "interrupts.1:IO-APIC.1-edge.i8042": [
    2,
    2
  ],
  "interrupts.CPU0.8:IO-APIC.8-edge.rtc0": [
    1,
    1
  ],
  "interrupts.8:IO-APIC.8-edge.rtc0": [
    1,
    1
  ],
  "interrupts.CPU0.9:IO-APIC.9-fasteoi.acpi": [
    1,
    1
  ],
  "interrupts.CPU4.9:IO-APIC.9-fasteoi.acpi": [
    2,
    2
  ],
  "interrupts.9:IO-APIC.9-fasteoi.acpi": [
    3,
    3
  ],
  "interrupts.CPU1.12:IO-APIC.12-edge.i8042": [
    2,
    2
  ],
  "interrupts.CPU3.12:IO-APIC.12-edge.i8042": [
    1,
    1
  ],
  "interrupts.CPU6.12:IO-APIC.12-edge.i8042": [
    1,
    1
  ],
  "interrupts.12:IO-APIC.12-edge.i8042": [
    4,
    4
  ],
  "interrupts.CPU0.120:PCI-MSI.376832-edge.0000:00:17.0": [
    25428,
    25726
  ],
  "interrupts.CPU1.120:PCI-MSI.376832-edge.0000:00:17.0": [
    3593,
    3593
  ],
  "interrupts.CPU2.120:PCI-MSI.376832-edge.0000:00:17.0": [
    3038,
    3038
  ],
  "interrupts.CPU3.120:PCI-MSI.376832-edge.0000:00:17.0": [
    1673,
    1674
  ],
  "interrupts.CPU4.120:PCI-MSI.376832-edge.0000:00:17.0": [
    12241,
    12241
  ],
  "interrupts.CPU5.120:PCI-MSI.376832-edge.0000:00:17.0": [
    4547,
    4553
  ],
  "interrupts.CPU6.120:PCI-MSI.376832-edge.0000:00:17.0": [
    3514,
    3517
  ],
  "interrupts.CPU7.120:PCI-MSI.376832-edge.0000:00:17.0": [
    2199,
    2218
  ],
  "interrupts.120:PCI-MSI.376832-edge.0000:00:17.0": [
    56233,
    56560
  ],
  "interrupts.CPU0.121:PCI-MSI.327680-edge.xhci_hcd": [
    535,
    535
  ],
  "interrupts.CPU1.121:PCI-MSI.327680-edge.xhci_hcd": [
    27,
    27
  ],
  "interrupts.CPU2.121:PCI-MSI.327680-edge.xhci_hcd": [
    22,
    22
  ],
  "interrupts.CPU3.121:PCI-MSI.327680-edge.xhci_hcd": [
    38,
    38
  ],
  "interrupts.CPU4.121:PCI-MSI.327680-edge.xhci_hcd": [
    48,
    48
  ],
  "interrupts.CPU5.121:PCI-MSI.327680-edge.xhci_hcd": [
    17,
    17
  ],
  "interrupts.CPU6.121:PCI-MSI.327680-edge.xhci_hcd": [
    25,
    25
  ],
  "interrupts.CPU7.121:PCI-MSI.327680-edge.xhci_hcd": [
    20,
    20
  ],
  "interrupts.121:PCI-MSI.327680-edge.xhci_hcd": [
    732,
    732
  ],
  "interrupts.CPU0.122:PCI-MSI.32768-edge.i915": [
    34760,
    35146
  ],
  "interrupts.CPU1.122:PCI-MSI.32768-edge.i915": [
    8746,
    8746
  ],
  "interrupts.CPU2.122:PCI-MSI.32768-edge.i915": [
    5810,
    5810
  ],
  "interrupts.CPU3.122:PCI-MSI.32768-edge.i915": [
    4051,
    4051
  ],
  "interrupts.CPU4.122:PCI-MSI.32768-edge.i915": [
    15032,
    15034
  ],
  "interrupts.CPU5.122:PCI-MSI.32768-edge.i915": [
    8620,
    8626
  ],
  "interrupts.CPU6.122:PCI-MSI.32768-edge.i915": [
    4651,
    4654
  ],
  "interrupts.CPU7.122:PCI-MSI.32768-edge.i915": [
    3272,
    3274
  ],
  "interrupts.122:PCI-MSI.32768-edge.i915": [
    84942,
    85341
  ],
  "interrupts.CPU0.123:PCI-MSI.2097152-edge.eth0": [
    438831,
    438876
  ],
  "interrupts.CPU1.123:PCI-MSI.2097152-edge.eth0": [
    84306,
    84315
  ],
  "interrupts.CPU2.123:PCI-MSI.2097152-edge.eth0": [
    86929,
    86935
  ],
  "interrupts.CPU3.123:PCI-MSI.2097152-edge.eth0": [
    44523,
    44523
  ],
  "interrupts.CPU4.123:PCI-MSI.2097152-edge.eth0": [
    897824,
    897827
  ],
  "interrupts.CPU5.123:PCI-MSI.2097152-edge.eth0": [
    150095,
    150099
  ],
  "interrupts.CPU6.123:PCI-MSI.2097152-edge.eth0": [
    92448,
    92450
  ],
  "interrupts.CPU7.123:PCI-MSI.2097152-edge.eth0": [
    80091,
    80096
  ],
  "interrupts.123:PCI-MSI.2097152-edge.eth0": [
    1875047,
    1875121
  ],
  "interrupts.CPU0.124:PCI-MSI.514048-edge.snd_hda_intel": [
    354,
    354
  ],
  "interrupts.CPU1.124:PCI-MSI.514048-edge.snd_hda_intel": [
    139,
    139
  ],
  "interrupts.CPU2.124:PCI-MSI.514048-edge.snd_hda_intel": [
    68,
    68
  ],
  "interrupts.CPU3.124:PCI-MSI.514048-edge.snd_hda_intel": [
    645,
    645
  ],
  "interrupts.CPU4.124:PCI-MSI.514048-edge.snd_hda_intel": [
    294,
    294
  ],
  "interrupts.CPU5.124:PCI-MSI.514048-edge.snd_hda_intel": [
    17,
    17
  ],
  "interrupts.CPU6.124:PCI-MSI.514048-edge.snd_hda_intel": [
    14,
    14
  ],
  "interrupts.CPU7.124:PCI-MSI.514048-edge.snd_hda_intel": [
    50,
    50
  ],
  "interrupts.124:PCI-MSI.514048-edge.snd_hda_intel": [
    1581,
    1581
  ],
  "interrupts.CPU0.NMI:Non-maskable_interrupts": [
    53,
    56
  ],
  "interrupts.CPU1.NMI:Non-maskable_interrupts": [
    71,
    73
  ],
  "interrupts.CPU2.NMI:Non-maskable_interrupts": [
    69,
    71
  ],
  "interrupts.CPU3.NMI:Non-maskable_interrupts": [
    68,
    70
  ],
  "interrupts.CPU4.NMI:Non-maskable_interrupts": [
    43,
    45
  ],
  "interrupts.CPU5.NMI:Non-maskable_interrupts": [
    57,
    59
  ],
  "interrupts.CPU6.NMI:Non-maskable_interrupts": [
    55,
    57
  ],
  "interrupts.CPU7.NMI:Non-maskable_interrupts": [
    60,
    63
  ],
  "interrupts.NMI:Non-maskable_interrupts": [
    476,
    494
  ],
  "interrupts.CPU0.LOC:Local_timer_interrupts": [
    1065042,
    1090617
  ],
  "interrupts.CPU1.LOC:Local_timer_interrupts": [
    1184226,
    1209486
  ],
  "interrupts.CPU2.LOC:Local_timer_interrupts": [
    1190015,
    1216169
  ],
  "interrupts.CPU3.LOC:Local_timer_interrupts": [
    1178017,
    1203270
  ],
  "interrupts.CPU4.LOC:Local_timer_interrupts": [
    692623,
    718026
  ],
  "interrupts.CPU5.LOC:Local_timer_interrupts": [
    816834,
    841939
  ],
  "interrupts.CPU6.LOC:Local_timer_interrupts": [
    769207,
    794502
  ],
  "interrupts.CPU7.LOC:Local_timer_interrupts": [
    816389,
    841468
  ],
  "interrupts.LOC:Local_timer_interrupts": [
    7712353,
    7915477
  ],
  "interrupts.CPU0.PMI:Performance_monitoring_interrupts": [
    53,
    56
  ],
  "interrupts.CPU1.PMI:Performance_monitoring_interrupts": [
    71,
    73
  ],
  "interrupts.CPU2.PMI:Performance_monitoring_interrupts": [
    69,
    71
  ],
  "interrupts.CPU3.PMI:Performance_monitoring_interrupts": [
    68,
    70
  ],
  "interrupts.CPU4.PMI:Performance_monitoring_interrupts": [
    43,
    45
  ],
  "interrupts.CPU5.PMI:Performance_monitoring_interrupts": [
    57,
    59
  ],
  "interrupts.CPU6.PMI:Performance_monitoring_interrupts": [
    55,
    57
  ],
  "interrupts.CPU7.PMI:Performance_monitoring_interrupts": [
    60,
    63
  ],
  "interrupts.PMI:Performance_monitoring_interrupts": [
    476,
    494
  ],
  "interrupts.CPU0.RTR:APIC_ICR_read_retries": [
    7,
    7
  ],
  "interrupts.RTR:APIC_ICR_read_retries": [
    7,
    7
  ],
  "interrupts.CPU0.RES:Rescheduling_interrupts": [
    494517,
    494694
  ],
  "interrupts.CPU1.RES:Rescheduling_interrupts": [
    513647,
    513750
  ],
  "interrupts.CPU2.RES:Rescheduling_interrupts": [
    574727,
    574894
  ],
  "interrupts.CPU3.RES:Rescheduling_interrupts": [
    553432,
    553571
  ],
  "interrupts.CPU4.RES:Rescheduling_interrupts": [
    258378,
    258478
  ],
  "interrupts.CPU5.RES:Rescheduling_interrupts": [
    339938,
    340033
  ],
  "interrupts.CPU6.RES:Rescheduling_interrupts": [
    354714,
    355656
  ],
  "interrupts.CPU7.RES:Rescheduling_interrupts": [
    334791,
    334851
  ],
  "interrupts.RES:Rescheduling_interrupts": [
    3424144,
    3425927
  ],
  "interrupts.CPU0.CAL:Function_call_interrupts": [
    4294950781,
    4294930350
  ],
  "interrupts.CPU1.CAL:Function_call_interrupts": [
    4294950240,
    4294929067
  ],
  "interrupts.CPU2.CAL:Function_call_interrupts": [
    4294949929,
    4294928095
  ],
  "interrupts.CPU3.CAL:Function_call_interrupts": [
    4294951098,
    4294930997
  ],
  "interrupts.CPU4.CAL:Function_call_interrupts": [
    4294950469,
    4294929815
  ],
  "interrupts.CPU5.CAL:Function_call_interrupts": [
    4294949640,
    4294928242
  ],