{
  "meminfo.time": [
    1482165030.7443473,
    1482165031.7546134,
    1482165032.7784116,
    1482165033.8056471,
    1482165034.839554,
    1482165035.874649,
    1482165036.899558,
    1482165037.923594,
    1482165038.9536238,
    1482165039.9836087,
    1482165041.008558,
    1482165042.0375755,
    1482165043.0615628,
    1482165044.0987613,
    1482165045.1339223,
    1482165046.1672227,
    1482165047.2076504,
    1482165048.2276073,
    1482165049.2585957,
    1482165050.289589,
    1482165051.3188946,
    1482165052.3447886,
    1482165053.3646224,
    1482165054.3935778,
    1482165055.4286547,
    1482165056.4596322
  ],
  "meminfo.MemTotal": [
    16317260,
    16317260,
    16317260,
    16317260,
    16317260,
    16317260,
    16317260,
    16317260,
    16317260,
    16317260,
    16317260,
    16317260,
    16317260,
    16317260,
    16317260,
    16317260,
    16317260,
    16317260,
    16317260,
    16317260,
    16317260,
    16317260,
    16317260,
    16317260,
    16317260,
    16317260
  ],
  "meminfo.MemFree": [
    14321188,
    14297140,
    14304384,
    14304708,
    14305192,
    14307076,
    14304940,
    14307080,
    14306012,
    14305328,
    14305744,
    14305480,
    14304880,
    14302276,
    14305980,
    14305496,
    14304976,
    14305708,
    14307076,
    14307332,
    14307064,
    14307944,
    14306056,
    14301852,
    14306676,
    14306428
  ],
  "meminfo.MemAvailable": [
    15778300,
    15754644,
    15762144,
    15762444,
    15762928,
    15764820,
    15762688,
    15764836,
    15763760,
    15763076,
    15763496,
    15763232,
    15762632,
    15760028,
    15763732,
    15763248,
    15762732,
    15763472,
    15764832,
    15765088,
    15764820,
    15765708,
    15763828,
    15759624,
    15764432,
    15764184
  ],
  "meminfo.Buffers": [
    76744,
    76856,
    76896,
    76896,
    76896,
    76908,
    76908,
    76916,
    76916,
    76916,
    76924,
    76924,
    76932,
    76932,
    76932,
    76940,
    76948,
    76948,
    76948,
    76948,
    76956,
    76964,
    76964,
    76964,
    76964,
    76972
  ],
  "meminfo.Cached": [
    1562312,
    1562488,
    1562616,
    1562624,
    1562624,
    1562620,
    1562624,
    1562624,
    1562624,
    1562624,
    1562620,
    1562624,
    1562624,
    1562624,
    1562624,
    1562616,
    1562616,
    1562624,
    1562624,
    1562624,
    1562616,
    1562616,
    1562624,
    1562624,
    1562624,
    1562616
  ],
  "meminfo.Active": [
    1285176,
    1297732,
    1296400,
    1296184,
    1296144,
    1293932,
    1297236,
    1296204,
    1295232,
    1296884,
    1296900,
    1296332,
    1298220,
    1300332,
    1296472,
    1296724,
    1296496,
    1296704,
    1295520,
    1294268,
    1294820,
    1295372,
    1297084,
    1301148,
    1297052,
    1296024
  ],
  "meminfo.Inactive": [
    570312,
    570164,
    570164,
    570164,
    570164,
    570164,
    570152,
    570152,
    570152,
    570152,
    570152,
    570152,
    570152,
    570152,
    570152,
    570152,
    570152,
    570152,
    570152,
    570152,
    570152,
    570152,
    570152,
    570152,
    570152,
    570152
  ],
  "meminfo.Active(anon)": [
    219176,
    231244,
    229744,
    229520,
    229480,
    227260,
    230548,
    229508,
    228536,
    230188,
    230200,
    229628,
    231508,
    233620,
    229760,
    230012,
    229776,
    229976,
    228792,
    227540,
    228092,
    228636,
    230340,
    234404,
    230308,
    229280
  ],
  "meminfo.Inactive(anon)": [
    123632,
    123632,
    123632,
    123632,
    123632,
    123632,
    123632,
    123632,
    123632,
    123632,
    123632,
    123632,
    123632,
    123632,
    123632,
    123632,
    123632,
    123632,
    123632,
    123632,
    123632,
    123632,
    123632,
    123632,
    123632,
    123632
  ],
  "meminfo.Active(file)": [
    1066000,
    1066488,
    1066656,
    1066664,
    1066664,
    1066672,
    1066688,
    1066696,
    1066696,
    1066696,
    1066700,
    1066704,
    1066712,
    1066712,
    1066712,
    1066712,
    1066720,
    1066728,
    1066728,
    1066728,
    1066728,
    1066736,
    1066744,
    1066744,
    1066744,
    1066744
  ],
  "meminfo.Inactive(file)": [
    446680,
    446532,
    446532,
    446532,
    446532,
    446532,
    446520,
    446520,
    446520,
    446520,
    446520,
    446520,
    446520,
    446520,
    446520,
    446520,
    446520,
    446520,
    446520,
    446520,
    446520,
    446520,
    446520,
    446520,
    446520,
    446520
  ],
  "meminfo.Dirty": [
    98368,
    10008,
    508,
    144,
    144,
    824,
    1120,
    980,
    980,
    980,
    980,
    312,
    12,
    12,
    12,
    12,
    28,
    24,
    24,
    24,
    24,
    32,
    16,
    16,
    16,
    16
  ],
  "meminfo.Writeback": [
    0,
    62792,
    176,
    0,
    0,
    4,
    0,
    0,
    0,
    0,
    0,
    0,
    0,
    0,
    0,
    0,
    0,
    0,
    0,
    0,
    0,
    0,
    0,
    0,
    0,
    0
  ],
  "meminfo.AnonPages": [
    215784,
    228400,
    226868,
    227112,
    226920,
    224320,
    227444,
    226052,
    226036,
    227444,
    226796,
    226924,
    228764,
    230740,
    226956,
    227132,
    226952,
    227092,
    225264,
    225020,
    225116,
    225532,
    227376,
    231612,
    227304,
    226160
  ],
  "meminfo.Mapped": [
    268228,
    268840,
    268868,
    268868,
    268868,
    268868,
    268968,
    268932,
    268876,
    268868,
    268868,
    268868,
    268868,
    268872,
    268868,
    268868,
    268868,
    268868,
    268868,
    268868,
    268868,
    268868,
    268868,
    268868,
    268868,
    268868
  ],
  "meminfo.Shmem": [
    126336,
    126336,
    126336,
    126336,
    126336,
    126336,
    126336,
    126336,
    126336,
    126336,
    126336,
    126336,
    126336,
    126336,
    126336,
    126336,
    126336,
    126336,
    126336,
    126336,
    126336,
    126336,
    126336,
    126336,
    126336,
    126336
  ],
  "meminfo.Slab": [
    97036,
    106004,
    98820,
    98708,
    98708,
    98704,
    98704,
    98704,
    98528,
    98528,
    98516,
    98512,
    98380,
    98380,
    98384,
    98384,
    98296,
    98296,
    98280,
    98280,
    98144,
    98168,
    98172,
    98172,
    98052,
    98052
  ],
  "meminfo.SReclaimable": [
    66124,
    66232,
    66404,
    66340,
    66340,
    66340,
    66340,
    66340,
    66328,
    66328,
    66324,
    66320,
    66304,
    66304,
    66304,
    66304,
    66296,
    66296,
    66280,
    66280,
    66276,
    66276,
    66276,
    66276,
    66248,
    66248
  ],
  "meminfo.SUnreclaim": [
    30912,
    39772,
    32416,
    32368,
    32368,
    32364,
    32364,
    32364,
    32200,
    32200,
    32192,
    32192,
    32076,
    32076,
    32080,
    32080,
    32000,
    32000,
    32000,
    32000,
    31868,
    31892,
    31896,
    31896,
    31804,
    31804
  ],
  "meminfo.KernelStack": [
    10368,
    10960,
    11264,
    11296,
    11296,
    11312,
    11280,
    11264,
    11264,
    11296,
    11296,
    11296,
    11280,
    11280,
    11296,
    11296,
    11296,
    11296,
    11296,
    11296,
    11296,
    11296,
    11280,
    11280,
    11296,
    11296
  ],
  "meminfo.PageTables": [
    10548,
    11280,
    11532,
    11532,
    11532,
    11528,
    11536,
    11528,
    11540,
    11532,
    11532,
    11528,
    11532,
    11536,
    11532,
    11532,
    11536,
    11536,
    11536,
    11536,
    11532,
    11524,
    11528,
    11520,
    11528,
    11532
  ],