{
  "proc-vmstat.time": [
    1482165030.738254,
    1482165031.746676,
    1482165032.7627347,
    1482165033.8060873,
    1482165034.8345788,
    1482165035.8646278,
    1482165036.896823,
    1482165037.924035,
    1482165038.9545224,
    1482165039.9916017,
    1482165041.0234642,
    1482165042.0566468,
    1482165043.0855725,
    1482165044.1127875,
    1482165045.1566224,
    1482165046.1926332,
    1482165047.2225938,
    1482165048.2385285,
    1482165049.271612,
    1482165050.3025718,
    1482165051.3306007,
    1482165052.3653667,
    1482165053.3955839,
    1482165054.4227653,
    1482165055.4565666,
    1482165056.4956274
  ],
  "proc-vmstat.nr_free_pages": [
    3580540,
    3574732,
    3576030,
    3576177,
    3576298,
    3576769,
    3576305,
    3576770,
    3576503,
    3576330,
    3576304,
    3576370,
    3576220,
    3575564,
    3576336,
    3576374,
    3576244,
    3576427,
    3576769,
    3576828,
    3576700,
    3576986,
    3576355,
    3576653,
    3576599,
    3576607
  ],
  "proc-vmstat.nr_alloc_batch": [
    295,
    1283,
    1753,
    422,
    1181,
    366,
    701,
    902,
    184,
    493,
    0,
    392,
    69,
    455,
    832,
    860,
    987,
    799,
    248,
    882,
    515,
    434,
    909,
    785,
    56,
    855
  ],
  "proc-vmstat.nr_inactive_anon": [
    30908,
    30908,
    30908,
    30908,
    30908,
    30908,
    30908,
    30908,
    30908,
    30908,
    30908,
    30908,
    30908,
    30908,
    30908,
    30908,
    30908,
    30908,
    30908,
    30908,
    30908,
    30908,
    30908,
    30908,
    30908,
    30908
  ],
  "proc-vmstat.nr_active_anon": [
    54501,
    57567,
    57582,
    57445,
    57549,
    56815,
    57702,
    57263,
    57199,
    57449,
    57371,
    57586,
    57714,
    58487,
    57343,
    57568,
    57672,
    57510,
    56905,
    56982,
    56876,
    56866,
    57471,
    56942,
    57496,
    57256
  ],
  "proc-vmstat.nr_inactive_file": [
    111670,
    111633,
    111633,
    111633,
    111633,
    111633,
    111630,
    111630,
    111630,
    111630,
    111630,
    111630,
    111630,
    111630,
    111630,
    111630,
    111630,
    111630,
    111630,
    111630,
    111630,
    111630,
    111630,
    111630,
    111630,
    111630
  ],
  "proc-vmstat.nr_active_file": [
    266500,
    266622,
    266664,
    266666,
    266666,
    266668,
    266672,
    266674,
    266674,
    266674,
    266675,
    266676,
    266678,
    266678,
    266678,
    266678,
    266680,
    266682,
    266682,
    266682,
    266682,
    266684,
    266686,
    266686,
    266686,
    266686
  ],
  "proc-vmstat.nr_anon_pages": [
    53751,
    56905,
    56717,
    56843,
    56909,
    56015,
    56991,
    56643,
    56639,
    56828,
    56862,
    56552,
    57028,
    57783,
    56479,
    56913,
    56901,
    56724,
    56153,
    56076,
    56051,
    56204,
    56665,
    56293,
    56680,
    56508
  ],
  "proc-vmstat.nr_mapped": [
    67154,
    67210,
    67217,
    67217,
    67217,
    67217,
    67242,
    67233,
    67219,
    67217,
    67217,
    67217,
    67217,
    67218,
    67217,
    67217,
    67217,
    67217,
    67217,
    67217,
    67217,
    67217,
    67217,
    67217,
    67217,
    67217
  ],
  "proc-vmstat.nr_file_pages": [
    409764,
    409836,
    409878,
    409880,
    409880,
    409882,
    409883,
    409885,
    409885,
    409885,
    409886,
    409887,
    409889,
    409889,
    409889,
    409889,
    409891,
    409893,
    409893,
    409893,
    409893,
    409895,
    409897,
    409897,
    409897,
    409897
  ],
  "proc-vmstat.nr_dirty": [
    24592,
    3643,
    127,
    36,
    36,
    206,
    280,
    245,
    245,
    245,
    245,
    78,
    3,
    3,
    3,
    3,
    7,
    6,
    6,
    6,
    6,
    8,
    4,
    4,
    4,
    4
  ],
  "proc-vmstat.nr_writeback": [
    0,
    14848,
    44,
    0,
    0,
    1,
    0,
    0,
    0,
    0,
    0,
    0,
    0,
    0,
    0,
    0,
    0,
    0,
    0,
    0,
    0,
    0,
    0,
    0,
    0,
    0
  ],
  "proc-vmstat.nr_slab_reclaimable": [
    16531,
    16558,
    16601,
    16585,
    16585,
    16585,
    16585,
    16585,
    16582,
    16582,
    16581,
    16580,
    16576,
    16576,
    16576,
    16576,
    16574,
    16574,
    16570,
    16570,
    16569,
    16569,
    16569,
    16569,
    16562,
    16562
  ],
  "proc-vmstat.nr_slab_unreclaimable": [
    7728,
    9943,
    8104,
    8092,
    8092,
    8091,
    8091,
    8091,
    8050,
    8050,
    8048,
    8048,
    8019,
    8019,
    8020,
    8020,
    8000,
    8000,
    8000,
    8000,
    7967,
    7973,
    7974,
    7974,
    7951,
    7951
  ],
  "proc-vmstat.nr_page_table_pages": [
    2637,
    2820,
    2883,
    2883,
    2883,
    2882,
    2884,
    2882,
    2885,
    2883,
    2883,
    2882,
    2883,
    2884,
    2883,
    2883,
    2884,
    2884,
    2884,
    2884,
    2883,
    2881,
    2882,
    2880,
    2882,
    2883
  ],
  "proc-vmstat.nr_kernel_stack": [
    648,
    685,
    704,
    706,
    706,
    707,
    705,
    704,
    704,
    706,
    706,
    706,
    705,
    705,
    706,
    706,
    706,
    706,
    706,
    706,
    706,
    706,
    705,
    705,
    706,
    706
  ],
  "proc-vmstat.nr_shmem": [
    31584,
    31584,
    31584,
    31584,
    31584,
    31584,
    31584,
    31584,
    31584,
    31584,
    31584,
    31584,
    31584,
    31584,
    31584,
    31584,
    31584,
    31584,
    31584,
    31584,
    31584,
    31584,
    31584,
    31584,
    31584,
    31584
  ],
  "proc-vmstat.nr_dirtied": [
    736482,
    736537,
    736542,
    736544,
    736545,
    736717,
    736792,
    736794,
    736795,
    736796,
    736797,
    736801,
    736803,
    736804,
    736805,
    736806,
    736811,
    736814,
    736815,
    736816,
    736817,
    736820,
    736823,
    736824,
    736825,
    736826
  ],
  "proc-vmstat.nr_written": [
    707684,
    713917,
    732218,
    732282,
    732283,
    732284,
    732286,
    732323,
    732324,
    732325,
    732326,
    732497,
    732574,
    732575,
    732576,
    732577,
    732578,
    732582,
    732583,
    732584,
    732585,
    732586,
    732593,
    732594,
    732595,
    732596
  ],
  "proc-vmstat.nr_dirty_threshold": [
    785772,
    784627,
    784895,
    784925,
    784949,
    785044,
    784951,
    785045,
    784991,
    784957,
    784952,
    784965,
    784936,
    784804,
    784959,
    784966,
    784941,
    784978,
    785046,
    785058,
    785032,
    785090,
    784964,
    785024,
    785013,
    785015
  ],
  "proc-vmstat.nr_dirty_background_threshold": [
    196443,
    196156,
    196223,
    196231,
    196237,
    196261,
    196237,
    196261,
    196247,
    196239,
    196238,
    196241,
    196234,
    196201,
    196239,
    196241,
    196235,
    196244,
    196261,
    196264,
    196258,
    196272,
    196241,
    196256,
    196253,
    196253
  ],
  "proc-vmstat.pgpgin": [
    712671,
    712675,
    712675,
    712675,
    712675,
    712675,
    712675,
    712675,
    712675,
    712675,
    712675,
    712675,
    712675,
    712675,
    712675,
    712675,
    712675,
    712675,
    712675,
    712675,
    712675,
    712675,
    712675,
    712675,
    712675,
    712675
  ],
  "proc-vmstat.pgpgout": [
    2920936,
    3005172,
    3018632,
    3018636,
    3018640,
    3019632,
    3019636,
    3019808,
    3019812,
    3019816,
    3019892,
    3020860,
    3020892,
    3020896,
    3020900,
    3020936,
    3020980,
    3020984,
    3020988,
    3020992,
    3021024,
    3021060,
    3021064,
    3021068,
    3021072,
    3021104
  ],
  "proc-vmstat.pgalloc_dma": [
    1,
    1,
    1,
    1,
    1,
    1,
    1,
    1,
    1,
    1,
    1,
    1,
    1,
    1,
    1,
    1,
    1,
    1,
    1,
    1,
    1,
    1,
    1,
    1,
    1,
    1
  ],