{
  "softirqs.time": [
    1482165030.7590327,
    1482165056.7448924
  ],
  "softirqs.CPU2.HI": [
    1,
    1
  ],
  "softirqs.CPU3.HI": [
    1,
    1
  ],
  "softirqs.HI": [
    2,
    2
  ],
  "softirqs.CPU0.TIMER": [
    980601,
    1005704
  ],
  "softirqs.CPU1.TIMER": [
    1114778,
    1139878
  ],
  "softirqs.CPU2.TIMER": [
    1111021,
    1137004
  ],
  "softirqs.CPU3.TIMER": [
    1100942,
    1126158
  ],
  "softirqs.CPU4.TIMER": [
    667657,
    693042
  ],
  "softirqs.CPU5.TIMER": [
    797566,
    822644
  ],
  "softirqs.CPU6.TIMER": [
    748156,
    773388
  ],
  "softirqs.CPU7.TIMER": [
    789656,
    814708
  ],
  "softirqs.TIMER": [
    7310377,
    7512526
  ],
  "softirqs.CPU4.NET_TX": [
    1993,
    1998
  ],
  "softirqs.NET_TX": [
    1993,
    1998
  ],
  "softirqs.CPU0.NET_RX": [
    438847,
    438892
  ],
  "softirqs.CPU1.NET_RX": [
    84322,
    84331
  ],
  "softirqs.CPU2.NET_RX": [
    86946,
    86952
  ],
  "softirqs.CPU3.NET_RX": [
    44537,
    44537
  ],
  "softirqs.CPU4.NET_RX": [
    897827,
    897829
  ],
  "softirqs.CPU5.NET_RX": [
    150101,
    150105
  ],
  "softirqs.CPU6.NET_RX": [
    92452,
    92454
  ],
  "softirqs.CPU7.NET_RX": [
    80091,
    80096
  ],
  "softirqs.NET_RX": [
    1875123,
    1875196
  ],
  "softirqs.CPU0.BLOCK": [
    25267,
    25565
  ],
  "softirqs.CPU1.BLOCK": [
    3602,
    3602
  ],
  "softirqs.CPU2.BLOCK": [
    3049,
    3049
  ],
  "softirqs.CPU3.BLOCK": [
    1680,
    1681
  ],
  "softirqs.CPU4.BLOCK": [
    12196,
    12196
  ],
  "softirqs.CPU5.BLOCK": [
    4548,
    4554
  ],
  "softirqs.CPU6.BLOCK": [
    3517,
    3520
  ],
  "softirqs.CPU7.BLOCK": [
    2200,
    2219
  ],
  "softirqs.BLOCK": [
    56059,
    56386
  ],
  "softirqs.CPU0.TASKLET": [
    187,
    187
  ],
  "softirqs.CPU1.TASKLET": [
    16,
    16
  ],
  "softirqs.CPU2.TASKLET": [
    123,
    123
  ],
  "softirqs.CPU3.TASKLET": [
    29,
    29
  ],
  "softirqs.CPU4.TASKLET": [
    13,
    13
  ],
  "softirqs.CPU5.TASKLET": [
    20,
    20
  ],
  "softirqs.CPU6.TASKLET": [
    9,
    9
  ],
  "softirqs.CPU7.TASKLET": [
    16,
    16
  ],
  "softirqs.TASKLET": [
    413,
    413
  ],
  "softirqs.CPU0.SCHED": [
    566214,
    566529
  ],
  "softirqs.CPU1.SCHED": [
    550065,
    550375
  ],
  "softirqs.CPU2.SCHED": [
    541963,
    542316
  ],
  "softirqs.CPU3.SCHED": [
    546452,
    546793
  ],
  "softirqs.CPU4.SCHED": [
    350059,
    350542
  ],
  "softirqs.CPU5.SCHED": [
    402618,
    402927
  ],
  "softirqs.CPU6.SCHED": [
    387592,
    388039
  ],
  "softirqs.CPU7.SCHED": [
    394114,
    394410
  ],
  "softirqs.SCHED": [
    3739077,
    3741931
  ],
  "softirqs.CPU0.RCU": [
    1572589,
    1579922
  ],
  "softirqs.CPU1.RCU": [
    2315482,
    2322697
  ],
  "softirqs.CPU2.RCU": [
    2218786,
    2228859
  ],
  "softirqs.CPU3.RCU": [
    2145940,
    2153250
  ],
  "softirqs.CPU4.RCU": [
    1285099,
    1292606
  ],
  "softirqs.CPU5.RCU": [
    1790062,
    1797282
  ],
  "softirqs.CPU6.RCU": [
    1690335,
    1697680
  ],
  "softirqs.CPU7.RCU": [
    1897814,
    1905110
  ],
  "softirqs.RCU": [
    14916107,
    14977406
  ]
}