{
  "diskstats.time": [
    1479481229.92279,
    1479481230.9243946,
    1479481231.9264643,
    1479481232.9295847,
    1479481233.9323664,
    1479481234.935388,
    1479481235.9405627,
    1479481236.9455326,
    1479481237.9503706,
    1479481238.9555147,
    1479481239.9602842
  ],
  "diskstats.sda.read_ios": [
    24647,
    24653,
    24663,
    24663,
    24663,
    24666,
    24666,
    24666,
    24666,
    24666,
    24666
  ],
  "diskstats.sda.read_merges": [
    519,
    519,
    519,
    519,
    519,
    519,
    519,
    519,
    519,
    519,
    519
  ],
  "diskstats.sda.read_sectors": [
    1307806,
    1308006,
    1309062,
    1309062,
    1309062,
    1309254,
    1309254,
    1309254,
    1309254,
    1309254,
    1309254
  ],
  "diskstats.sda.read_ticks": [
    138884,
    138938,
    139039,
    139039,
    139039,
    139075,
    139075,
    139075,
    139075,
    139075,
    139075
  ],
  "diskstats.sda.write_ios": [
    23816,
    23817,
    23825,
    23826,
    23842,
    23856,
    23857,
    23858,
    23862,
    23897,
    23913
  ],
  "diskstats.sda.write_merges": [
    22516,
    22516,
    22537,
    22537,
    22619,
    22660,
    22660,
    22660,
    22672,
    22720,
    22720
  ],
  "diskstats.sda.write_sectors": [
    1059744,
    1059752,
    1059976,
    1059984,
    1060992,
    1061424,
    1061432,
    1061440,
    1061568,
    1062080,
    1062360
  ],
  "diskstats.sda.write_ticks": [
    417758,
    417758,
    417845,
    417845,
    418200,
    418403,
    418403,
    418404,
    418433,
    418557,
    420870
  ],
  "diskstats.sda.in_flight": [
    0,
    0,
    0,
    0,
    1,
    0,
    0,
    0,
    0,
    15,
    0
  ],
  "diskstats.sda.io_ticks": [
    117315,
    117351,
    117473,
    117473,
    117544,
    117691,
    117691,
    117692,
    117721,
    117832,
    117963
  ],
  "diskstats.sda.time_in_queue": [
    556643,
    556697,
    556885,
    556885,
    557308,
    557479,
    557479,
    557480,
    557509,
    558923,
    559946
  ],
  "diskstats.sda1.read_ios": [
    15,
    15,
    15,
    15,
    15,
    15,
    15,
    15,
    15,
    15,
    15
  ],
  "diskstats.sda1.read_sectors": [
    19,
    19,
    19,
    19,
    19,
    19,
    19,
    19,
    19,
    19,
    19
  ],
  "diskstats.sda1.read_ticks": [
    66,
    66,
    66,
    66,
    66,
    66,
    66,
    66,
    66,
    66,
    66
  ],
  "diskstats.sda1.io_ticks": [
    38,
    38,
    38,
    38,
    38,
    38,
    38,
    38,
    38,
    38,
    38
  ],
  "diskstats.sda1.time_in_queue": [
    66,
    66,
    66,
    66,
    66,
    66,
    66,
    66,
    66,
    66,
    66
  ],
  "diskstats.sda2.read_ios": [
    15761,
    15766,
    15766,
    15766,
    15766,
    15766,
    15766,
    15766,
    15766,
    15766,
    15766
  ],
  "diskstats.sda2.read_merges": [
    344,
    344,
    344,
    344,
    344,
    344,
    344,
    344,
    344,
    344,
    344
  ],
  "diskstats.sda2.read_sectors": [
    538364,
    538556,
    538556,
    538556,
    538556,
    538556,
    538556,
    538556,
    538556,
    538556,
    538556
  ],
  "diskstats.sda2.read_ticks": [
    48818,
    48865,
    48865,
    48865,
    48865,
    48865,
    48865,
    48865,
    48865,
    48865,
    48865
  ],
  "diskstats.sda2.write_ios": [
    1433,
    1433,
    1433,
    1433,
    1445,
    1446,
    1446,
    1446,
    1446,
    1478,
    1485
  ],
  "diskstats.sda2.write_merges": [
    8034,
    8034,
    8034,
    8034,
    8116,
    8116,
    8116,
    8116,
    8116,
    8153,
    8153
  ],
  "diskstats.sda2.write_sectors": [
    744048,
    744048,
    744048,
    744048,
    745024,
    745024,
    745024,
    745024,
    745024,
    745432,
    745632
  ],
  "diskstats.sda2.write_ticks": [
    282383,
    282383,
    282383,
    282383,
    282737,
    282822,
    282822,
    282822,
    282822,
    282921,
    284002
  ],
  "diskstats.sda2.in_flight": [
    0,
    0,
    0,
    0,
    1,
    0,
    0,
    0,
    0,
    7,
    0
  ],
  "diskstats.sda2.io_ticks": [
    17048,
    17077,
    17077,
    17077,
    17147,
    17164,
    17164,
    17164,
    17164,
    17250,
    17381
  ],
  "diskstats.sda2.time_in_queue": [
    331234,
    331281,
    331281,
    331281,
    331703,
    331720,
    331720,
    331720,
    331720,
    332421,
    332900
  ],
  "diskstats.sda3.read_ios": [
    98,
    98,
    98,
    98,
    98,
    98,
    98,
    98,
    98,
    98,
    98
  ],
  "diskstats.sda3.read_sectors": [
    222,
    222,
    222,
    222,
    222,
    222,
    222,
    222,
    222,
    222,
    222
  ],
  "diskstats.sda3.read_ticks": [
    22,
    22,
    22,
    22,
    22,
    22,
    22,
    22,
    22,
    22,
    22
  ],
  "diskstats.sda3.io_ticks": [
    22,
    22,
    22,
    22,
    22,
    22,
    22,
    22,
    22,
    22,
    22
  ],
  "diskstats.sda3.time_in_queue": [
    22,
    22,
    22,
    22,
    22,
    22,
    22,
    22,
    22,
    22,
    22
  ],
  "diskstats.sda40.read_ios": [
    8666,
    8667,
    8677,
    8677,
    8677,
    8680,
    8680,
    8680,
    8680,
    8680,
    8680
  ],
  "diskstats.sda40.read_merges": [
    175,
    175,
    175,
    175,
    175,
    175,
    175,
    175,
    175,
    175,
    175
  ],
  "diskstats.sda40.read_sectors": [
    768900,
    768908,
    769964,
    769964,
    769964,
    770156,
    770156,
    770156,
    770156,
    770156,
    770156
  ],
  "diskstats.sda40.read_ticks": [
    89931,
    89938,
    90039,
    90039,
    90039,
    90075,
    90075,
    90075,
    90075,
    90075,
    90075
  ],
  "diskstats.sda40.write_ios": [
    22363,
    22364,
    22371,
    22372,
    22376,
    22389,
    22390,
    22391,
    22395,
    22398,
    22407
  ],
  "diskstats.sda40.write_merges": [
    14482,
    14482,
    14503,
    14503,
    14503,
    14544,
    14544,
    14544,
    14556,
    14567,
    14567
  ],
  "diskstats.sda40.write_sectors": [
    315696,
    315704,
    315928,
    315936,
    315968,
    316400,
    316408,
    316416,
    316544,
    316648,
    316728
  ],
  "diskstats.sda40.write_ticks": [
    135115,
    135115,
    135193,
    135193,
    135194,
    135312,
    135312,
    135313,
    135342,
    135367,
    136599
  ],
  "diskstats.sda40.in_flight": [
    0,
    0,
    0,
    0,
    0,
    0,
    0,
    0,
    0,
    8,
    0
  ],
  "diskstats.sda40.io_ticks": [
    101401,
    101408,
    101521,
    101521,
    101522,
    101652,
    101652,
    101653,
    101682,
    101793,
    101924
  ],
  "diskstats.sda40.time_in_queue": [
    225014,
    225021,
    225200,
    225200,
    225201,
    225355,
    225355,
    225356,
    225385,
    226098,
    226642
  ]
}