{
  "diskstats.time": [
    1480659975.3217642,
    1480659976.325238,
    1480659977.331814,
    1480659978.3403947,
    1480659979.3476555,
    1480659980.3561218,
    1480659981.363705,
    1480659982.3716621,
    1480659983.3793645,
    1480659984.3886843,
    1480659985.3993645,
    1480659986.4080417
  ],
  "diskstats.sda.read_ios": [
    31302,
    31304,
    31304,
    31304,
    31304,
    31304,
    31304,
    31304,
    31304,
    31304,
    31304,
    31304
  ],
  "diskstats.sda.read_merges": [
    979,
    979,
    979,
    979,
    979,
    979,
    979,
    979,
    979,
    979,
    979,
    979
  ],
  "diskstats.sda.read_sectors": [
    1841380,
    1841492,
    1841492,
    1841492,
    1841492,
    1841492,
    1841492,
    1841492,
    1841492,
    1841492,
    1841492,
    1841492
  ],
  "diskstats.sda.read_ticks": [
    315118,
    315147,
    315147,
    315147,
    315147,
    315147,
    315147,
    315147,
    315147,
    315147,
    315147,
    315147
  ],
  "diskstats.sda.write_ios": [
    30937,
    30963,
    30965,
    30966,
    30967,
    30987,
    30988,
    30989,
    30990,
    30991,
    31042,
    31043
  ],
  "diskstats.sda.write_merges": [
    32664,
    32669,
    32669,
    32669,
    32669,
    32760,
    32760,
    32760,
    32760,
    32760,
    32819,
    32819
  ],
  "diskstats.sda.write_sectors": [
    4158249,
    4158497,
    4158505,
    4158513,
    4158521,
    4159625,
    4159633,
    4159641,
    4159649,
    4159657,
    4160537,
    4160545
  ],
  "diskstats.sda.write_ticks": [
    1389757,
    1389770,
    1389774,
    1389774,
    1389774,
    1389923,
    1389923,
    1389923,
    1389923,
    1389923,
    1390159,
    1390159
  ],
  "diskstats.sda.io_ticks": [
    279218,
    279248,
    279252,
    279252,
    279252,
    279364,
    279364,
    279364,
    279364,
    279364,
    279469,
    279469
  ],
  "diskstats.sda.time_in_queue": [
    1704829,
    1704871,
    1704875,
    1704875,
    1704875,
    1705024,
    1705024,
    1705024,
    1705024,
    1705024,
    1705260,
    1705260
  ],
  "diskstats.sda1.read_ios": [
    21,
    21,
    21,
    21,
    21,
    21,
    21,
    21,
    21,
    21,
    21,
    21
  ],
  "diskstats.sda1.read_sectors": [
    1128,
    1128,
    1128,
    1128,
    1128,
    1128,
    1128,
    1128,
    1128,
    1128,
    1128,
    1128
  ],
  "diskstats.sda1.read_ticks": [
    91,
    91,
    91,
    91,
    91,
    91,
    91,
    91,
    91,
    91,
    91,
    91
  ],
  "diskstats.sda1.io_ticks": [
    91,
    91,
    91,
    91,
    91,
    91,
    91,
    91,
    91,
    91,
    91,
    91
  ],
  "diskstats.sda1.time_in_queue": [
    91,
    91,
    91,
    91,
    91,
    91,
    91,
    91,
    91,
    91,
    91,
    91
  ],
  "diskstats.sda2.read_ios": [
    9665,
    9667,
    9667,
    9667,
    9667,
    9667,
    9667,
    9667,
    9667,
    9667,
    9667,
    9667
  ],
  "diskstats.sda2.read_merges": [
    289,
    289,
    289,
    289,
    289,
    289,
    289,
    289,
    289,
    289,
    289,
    289
  ],
  "diskstats.sda2.read_sectors": [
    512858,
    512970,
    512970,
    512970,
    512970,
    512970,
    512970,
    512970,
    512970,
    512970,
    512970,
    512970
  ],
  "diskstats.sda2.read_ticks": [
    44510,
    44539,
    44539,
    44539,
    44539,
    44539,
    44539,
    44539,
    44539,
    44539,
    44539,
    44539
  ],
  "diskstats.sda2.write_ios": [
    3359,
    3384,
    3384,
    3384,
    3384,
    3395,
    3395,
    3395,
    3395,
    3395,
    3441,
    3441
  ],
  "diskstats.sda2.write_merges": [
    11288,
    11293,
    11293,
    11293,
    11293,
    11379,
    11379,
    11379,
    11379,
    11379,
    11431,
    11431
  ],
  "diskstats.sda2.write_sectors": [
    2451272,
    2451512,
    2451512,
    2451512,
    2451512,
    2452504,
    2452504,
    2452504,
    2452504,
    2452504,
    2453288,
    2453288
  ],
  "diskstats.sda2.write_ticks": [
    795629,
    795642,
    795642,
    795642,
    795642,
    795717,
    795717,
    795717,
    795717,
    795717,
    795880,
    795880
  ],
  "diskstats.sda2.io_ticks": [
    46233,
    46263,
    46263,
    46263,
    46263,
    46323,
    46323,
    46323,
    46323,
    46323,
    46370,
    46370
  ],
  "diskstats.sda2.time_in_queue": [
    840184,
    840226,
    840226,
    840226,
    840226,
    840301,
    840301,
    840301,
    840301,
    840301,
    840464,
    840464
  ],
  "diskstats.sda3.read_ios": [
    32,
    32,
    32,
    32,
    32,
    32,
    32,
    32,
    32,
    32,
    32,
    32
  ],
  "diskstats.sda3.read_sectors": [
    3840,
    3840,
    3840,
    3840,
    3840,
    3840,
    3840,
    3840,
    3840,
    3840,
    3840,
    3840
  ],
  "diskstats.sda3.read_ticks": [
    95,
    95,
    95,
    95,
    95,
    95,
    95,
    95,
    95,
    95,
    95,
    95
  ],
  "diskstats.sda3.io_ticks": [
    92,
    92,
    92,
    92,
    92,
    92,
    92,
    92,
    92,
    92,
    92,
    92
  ],
  "diskstats.sda3.time_in_queue": [
    95,
    95,
    95,
    95,
    95,
    95,
    95,
    95,
    95,
    95,
    95,
    95
  ],
  "diskstats.sda4.read_ios": [
    48,
    48,
    48,
    48,
    48,
    48,
    48,
    48,
    48,
    48,
    48,
    48
  ],
  "diskstats.sda4.read_sectors": [
    2596,
    2596,
    2596,
    2596,
    2596,
    2596,
    2596,
    2596,
    2596,
    2596,
    2596,
    2596
  ],
  "diskstats.sda4.read_ticks": [
    296,
    296,
    296,
    296,
    296,
    296,
    296,
    296,
    296,
    296,
    296,
    296
  ],
  "diskstats.sda4.write_ios": [
    1,
    1,
    1,
    1,
    1,
    1,
    1,
    1,
    1,
    1,
    1,
    1
  ],
  "diskstats.sda4.write_sectors": [
    1,
    1,
    1,
    1,
    1,
    1,
    1,
    1,
    1,
    1,
    1,
    1
  ],
  "diskstats.sda4.write_ticks": [
    2493,
    2493,
    2493,
    2493,
    2493,
    2493,
    2493,
    2493,
    2493,
    2493,
    2493,
    2493
  ],
  "diskstats.sda4.io_ticks": [
    2605,
    2605,
    2605,
    2605,
    2605,
    2605,
    2605,
    2605,
    2605,
    2605,
    2605,
    2605
  ],
  "diskstats.sda4.time_in_queue": [
    2789,
    2789,
    2789,
    2789,
    2789,
    2789,
    2789,
    2789,
    2789,
    2789,
    2789,
    2789
  ],
  "diskstats.sda5.read_ios": [
    6089,
    6089,
    6089,
    6089,
    6089,
    6089,
    6089,
    6089,
    6089,
    6089,
    6089,
    6089
  ],
  "diskstats.sda5.read_merges": [
    96,
    96,
    96,
    96,
    96,
    96,
    96,
    96,
    96,
    96,
    96,
    96
  ],
  "diskstats.sda5.read_sectors": [
    565050,
    565050,
    565050,
    565050,
    565050,
    565050,
    565050,
    565050,
    565050,
    565050,
    565050,
    565050
  ],
  "diskstats.sda5.read_ticks": [
    98632,
    98632,
    98632,
    98632,
    98632,
    98632,
    98632,
    98632,
    98632,
    98632,
    98632,
    98632
  ],
  "diskstats.sda5.write_ios": [
    193,
    193,
    193,
    193,
    193,
    193,
    193,
    193,
    193,
    193,
    193,
    193
  ],
  "diskstats.sda5.write_merges": [
    381,
    381,
    381,
    381,
    381,
    381,
    381,
    381,
    381,
    381,
    381,
    381
  ],
  "diskstats.sda5.write_sectors": [
    16152,
    16152,
    16152,
    16152,
    16152,
    16152,
    16152,
    16152,
    16152,
    16152,
    16152,
    16152
  ],
  "diskstats.sda5.write_ticks": [
    14755,
    14755,
    14755,
    14755,
    14755,
    14755,
    14755,
    14755,
    14755,
    14755,
    14755,
    14755
  ],
  "diskstats.sda5.io_ticks": [
    41840,
    41840,
    41840,
    41840,
    41840,
    41840,
    41840,
    41840,
    41840,
    41840,
    41840,
    41840
  ],
  "diskstats.sda5.time_in_queue": [
    113388,
    113388,
    113388,
    113388,
    113388,
    113388,
    113388,
    113388,
    113388,
    113388,
    113388,
    113388
  ],