{
  "interrupts.time": [
    1480659975.3054051,
    1480659986.8615038
  ],
  "interrupts.CPU0.0:IO-APIC.2-edge.timer": [
    45,
    45
  ],
  "interrupts.0:IO-APIC.2-edge.timer": [
    45,
    45
  ],
  "interrupts.CPU0.1:IO-APIC.1-edge.i8042": [
    165,
    165
  ],
  "interrupts.CPU1.1:IO-APIC.1-edge.i8042": [
    2,
    2
  ],
  "interrupts.CPU2.1:IO-APIC.1-edge.i8042": [
    10,
    10
  ],
  "interrupts.CPU3.1:IO-APIC.1-edge.i8042": [
    2,
    2
  ],
  "interrupts.1:IO-APIC.1-edge.i8042": [
    179,
    179
  ],
  "interrupts.CPU0.7:IO-APIC.7-edge": [
    33,
    33
  ],
  "interrupts.7:IO-APIC.7-edge": [
    33,
    33
  ],
  "interrupts.CPU0.8:IO-APIC.8-edge.rtc0": [
    3,
    3
  ],
  "interrupts.CPU2.8:IO-APIC.8-edge.rtc0": [
    1,
    1
  ],
  "interrupts.CPU3.8:IO-APIC.8-edge.rtc0": [
    1,
    1
  ],
  "interrupts.8:IO-APIC.8-edge.rtc0": [
    5,
    5
  ],
  "interrupts.CPU0.9:IO-APIC.9-fasteoi.acpi": [
    3758,
    3784
  ],
  "interrupts.CPU1.9:IO-APIC.9-fasteoi.acpi": [
    51,
    51
  ],
  "interrupts.CPU2.9:IO-APIC.9-fasteoi.acpi": [
    659,
    659
  ],
  "interrupts.CPU3.9:IO-APIC.9-fasteoi.acpi": [
    54,
    54
  ],
  "interrupts.9:IO-APIC.9-fasteoi.acpi": [
    4522,
    4548
  ],
  "interrupts.CPU0.12:IO-APIC.12-edge.i8042": [
    5201,
    5201
  ],
  "interrupts.CPU1.12:IO-APIC.12-edge.i8042": [
    21,
    21
  ],
  "interrupts.CPU2.12:IO-APIC.12-edge.i8042": [
    159,
    159
  ],
  "interrupts.CPU3.12:IO-APIC.12-edge.i8042": [
    9,
    9
  ],
  "interrupts.12:IO-APIC.12-edge.i8042": [
    5390,
    5390
  ],
  "interrupts.CPU0.120:PCI-MSI.376832-edge.0000:00:17.0": [
    46185,
    46286
  ],
  "interrupts.CPU1.120:PCI-MSI.376832-edge.0000:00:17.0": [
    2556,
    2556
  ],
  "interrupts.CPU2.120:PCI-MSI.376832-edge.0000:00:17.0": [
    14761,
    14761
  ],
  "interrupts.CPU3.120:PCI-MSI.376832-edge.0000:00:17.0": [
    2260,
    2260
  ],
  "interrupts.120:PCI-MSI.376832-edge.0000:00:17.0": [
    65762,
    65863
  ],
  "interrupts.CPU0.121:PCI-MSI.327680-edge.xhci_hcd": [
    3403,
    3403
  ],
  "interrupts.CPU1.121:PCI-MSI.327680-edge.xhci_hcd": [
    13,
    13
  ],
  "interrupts.CPU2.121:PCI-MSI.327680-edge.xhci_hcd": [
    40,
    40
  ],
  "interrupts.CPU3.121:PCI-MSI.327680-edge.xhci_hcd": [
    13,
    13
  ],
  "interrupts.121:PCI-MSI.327680-edge.xhci_hcd": [
    3469,
    3469
  ],
  "interrupts.CPU0.122:PCI-MSI.32768-edge.i915": [
    503169,
    504450
  ],
  "interrupts.CPU1.122:PCI-MSI.32768-edge.i915": [
    9111,
    9111
  ],
  "interrupts.CPU2.122:PCI-MSI.32768-edge.i915": [
    76619,
    76619
  ],
  "interrupts.CPU3.122:PCI-MSI.32768-edge.i915": [
    13452,
    13452
  ],
  "interrupts.122:PCI-MSI.32768-edge.i915": [
    602351,
    603632
  ],
  "interrupts.CPU0.123:PCI-MSI.514048-edge.snd_hda_intel": [
    531,
    531
  ],
  "interrupts.CPU1.123:PCI-MSI.514048-edge.snd_hda_intel": [
    1014,
    1014
  ],
  "interrupts.CPU2.123:PCI-MSI.514048-edge.snd_hda_intel": [
    637,
    637
  ],
  "interrupts.CPU3.123:PCI-MSI.514048-edge.snd_hda_intel": [
    225,
    225
  ],
  "interrupts.123:PCI-MSI.514048-edge.snd_hda_intel": [
    2407,
    2407
  ],
  "interrupts.CPU0.124:PCI-MSI.524288-edge": [
    5,
    5
  ],
  "interrupts.CPU1.124:PCI-MSI.524288-edge": [
    9,
    9
  ],
  "interrupts.CPU2.124:PCI-MSI.524288-edge": [
    12,
    12
  ],
  "interrupts.CPU3.124:PCI-MSI.524288-edge": [
    7,
    7
  ],
  "interrupts.124:PCI-MSI.524288-edge": [
    33,
    33
  ],
  "interrupts.CPU0.125:PCI-MSI.1048576-edge.iwlwifi": [
    8,
    8
  ],
  "interrupts.CPU1.125:PCI-MSI.1048576-edge.iwlwifi": [
    1,
    1
  ],
  "interrupts.CPU2.125:PCI-MSI.1048576-edge.iwlwifi": [
    19,
    19
  ],
  "interrupts.CPU3.125:PCI-MSI.1048576-edge.iwlwifi": [
    1,
    1
  ],
  "interrupts.125:PCI-MSI.1048576-edge.iwlwifi": [
    29,
    29
  ],
  "interrupts.CPU0.126:PCI-MSI.1572864-edge.rtsx_pci": [
    59,
    59
  ],
  "interrupts.CPU1.126:PCI-MSI.1572864-edge.rtsx_pci": [
    3,
    3
  ],
  "interrupts.CPU2.126:PCI-MSI.1572864-edge.rtsx_pci": [
    3,
    3
  ],
  "interrupts.126:PCI-MSI.1572864-edge.rtsx_pci": [
    65,
    65
  ],
  "interrupts.CPU0.127:PCI-MSI.1574912-edge.eth0": [
    636415,
    636564
  ],
  "interrupts.CPU1.127:PCI-MSI.1574912-edge.eth0": [
    44,
    44
  ],
  "interrupts.CPU2.127:PCI-MSI.1574912-edge.eth0": [
    429,
    429
  ],
  "interrupts.CPU3.127:PCI-MSI.1574912-edge.eth0": [
    51,
    51
  ],
  "interrupts.127:PCI-MSI.1574912-edge.eth0": [
    636939,
    637088
  ],
  "interrupts.CPU0.NMI:Non-maskable_interrupts": [
    2,
    2
  ],
  "interrupts.CPU1.NMI:Non-maskable_interrupts": [
    10,
    10
  ],
  "interrupts.CPU2.NMI:Non-maskable_interrupts": [
    6,
    6
  ],
  "interrupts.CPU3.NMI:Non-maskable_interrupts": [
    5,
    6
  ],
  "interrupts.NMI:Non-maskable_interrupts": [
    23,
    24
  ],
  "interrupts.CPU0.LOC:Local_timer_interrupts": [
    1929713,
    1933908
  ],
  "interrupts.CPU1.LOC:Local_timer_interrupts": [
    1744051,
    1747365
  ],
  "interrupts.CPU2.LOC:Local_timer_interrupts": [
    1167264,
    1169903
  ],
  "interrupts.CPU3.LOC:Local_timer_interrupts": [
    1157567,
    1160055
  ],
  "interrupts.LOC:Local_timer_interrupts": [
    5998595,
    6011231
  ],
  "interrupts.CPU0.PMI:Performance_monitoring_interrupts": [
    2,
    2
  ],
  "interrupts.CPU1.PMI:Performance_monitoring_interrupts": [
    10,
    10
  ],
  "interrupts.CPU2.PMI:Performance_monitoring_interrupts": [
    6,
    6
  ],
  "interrupts.CPU3.PMI:Performance_monitoring_interrupts": [
    5,
    6
  ],
  "interrupts.PMI:Performance_monitoring_interrupts": [
    23,
    24
  ],
  "interrupts.CPU0.RTR:APIC_ICR_read_retries": [
    15,
    15
  ],
  "interrupts.RTR:APIC_ICR_read_retries": [
    15,
    15
  ],
  "interrupts.CPU0.RES:Rescheduling_interrupts": [
    48856,
    48976
  ],
  "interrupts.CPU1.RES:Rescheduling_interrupts": [
    54178,
    54275
  ],
  "interrupts.CPU2.RES:Rescheduling_interrupts": [
    44830,
    44913
  ],
  "interrupts.CPU3.RES:Rescheduling_interrupts": [
    34949,
    35000
  ],
  "interrupts.RES:Rescheduling_interrupts": [
    182813,
    183164
  ],
  "interrupts.CPU0.CAL:Function_call_interrupts": [
    144397,
    144584
  ],
  "interrupts.CPU1.CAL:Function_call_interrupts": [
    139823,
    139979
  ],
  "interrupts.CPU2.CAL:Function_call_interrupts": [
    145381,
    145586
  ],
  "interrupts.CPU3.CAL:Function_call_interrupts": [
    134717,
    134850
  ],
  "interrupts.CAL:Function_call_interrupts": [
    564318,
    564999
  ],
  "interrupts.CPU0.TLB:TLB_shootdowns": [
    19296,
    19323
  ],
  "interrupts.CPU1.TLB:TLB_shootdowns": [
    19264,
    19335
  ],
  "interrupts.CPU2.TLB:TLB_shootdowns": [
    18698,
    18715
  ],
  "interrupts.CPU3.TLB:TLB_shootdowns": [
    18591,
    18618
  ],
  "interrupts.TLB:TLB_shootdowns": [
    75849,
    75991
  ],
  "interrupts.CPU0.MCP:Machine_check_polls": [
    42,
    42
  ],
  "interrupts.CPU1.MCP:Machine_check_polls": [
    41,
    41
  ],
  "interrupts.CPU2.MCP:Machine_check_polls": [
    41,
    41
  ],
  "interrupts.CPU3.MCP:Machine_check_polls": [
    41,
    41
  ],
  "interrupts.MCP:Machine_check_polls": [
    165,
    165
  ],
  "interrupts.ERR": [
    33,
    33
  ]
}