{
  "meminfo.time": [
    1480659975.29551,
    1480659976.3009245,
    1480659977.310819,
    1480659978.3199506,
    1480659979.3272147,
    1480659980.3343892,
    1480659981.3420985,
    1480659982.3493598,
    1480659983.3564427,
    1480659984.3636749,
    1480659985.370769,
    1480659986.377731
  ],
  "meminfo.MemTotal": [
    8091280,
    8091280,
    8091280,
    8091280,
    8091280,
    8091280,
    8091280,
    8091280,
    8091280,
    8091280,
    8091280,
    8091280
  ],
  "meminfo.MemFree": [
    4790556,
    4787472,
    4784372,
    4783984,
    4784188,
    4783760,
    4786860,
    4786704,
    4787176,
    4787224,
    4787004,
    4787320
  ],
  "meminfo.MemAvailable": [
    7319176,
    7316216,
    7313208,
    7312820,
    7313024,
    7312608,
    7315680,
    7315520,
    7315992,
    7316036,
    7315792,
    7316116
  ],
  "meminfo.Buffers": [
    54516,
    54520,
    54520,
    54520,
    54520,
    54540,
    54540,
    54540,
    54540,
    54540,
    54556,
    54556
  ],
  "meminfo.Cached": [
    2678340,
    2678372,
    2678444,
    2678444,
    2678444,
    2678432,
    2678444,
    2678444,
    2678444,
    2678444,
    2678436,
    2678444
  ],
  "meminfo.Active": [
    1685620,
    1687336,
    1689996,
    1690060,
    1689960,
    1690028,
    1686940,
    1686812,
    1686928,
    1686992,
    1686936,
    1687036
  ],
  "meminfo.Inactive": [
    1422404,
    1422108,
    1421908,
    1421908,
    1421908,
    1421908,
    1421908,
    1421908,
    1421908,
    1421908,
    1421908,
    1421908
  ],
  "meminfo.Active(anon)": [
    383072,
    384404,
    386792,
    386856,
    386756,
    386816,
    383716,
    383588,
    383704,
    383768,
    383704,
    383796
  ],
  "meminfo.Inactive(anon)": [
    182956,
    182956,
    182956,
    182956,
    182956,
    182956,
    182956,
    182956,
    182956,
    182956,
    182956,
    182956
  ],
  "meminfo.Active(file)": [
    1302548,
    1302932,
    1303204,
    1303204,
    1303204,
    1303212,
    1303224,
    1303224,
    1303224,
    1303224,
    1303232,
    1303240
  ],
  "meminfo.Inactive(file)": [
    1239448,
    1239152,
    1238952,
    1238952,
    1238952,
    1238952,
    1238952,
    1238952,
    1238952,
    1238952,
    1238952,
    1238952
  ],
  "meminfo.Dirty": [
    316,
    180,
    196,
    196,
    196,
    464,
    288,
    292,
    292,
    292,
    52,
    20
  ],
  "meminfo.AnonPages": [
    375376,
    376536,
    378936,
    378992,
    378888,
    378972,
    375892,
    375760,
    375856,
    375908,
    375744,
    375824
  ],
  "meminfo.Mapped": [
    347296,
    347016,
    349788,
    349800,
    349796,
    349788,
    349788,
    349796,
    349804,
    349792,
    349788,
    349796
  ],
  "meminfo.Shmem": [
    190824,
    190824,
    190824,
    190824,
    190824,
    190824,
    190824,
    190824,
    190824,
    190824,
    190824,
    190824
  ],
  "meminfo.Slab": [
    136644,
    136932,
    137100,
    137108,
    137116,
    137128,
    137028,
    137024,
    137044,
    137040,
    136904,
    136924
  ],
  "meminfo.SReclaimable": [
    101272,
    101308,
    101328,
    101328,
    101328,
    101332,
    101292,
    101288,
    101288,
    101284,
    101252,
    101252
  ],
  "meminfo.SUnreclaim": [
    35372,
    35624,
    35772,
    35780,
    35788,
    35796,
    35736,
    35736,
    35756,
    35756,
    35652,
    35672
  ],
  "meminfo.KernelStack": [
    12848,
    13456,
    13600,
    13600,
    13600,
    13600,
    13600,
    13600,
    13600,
    13600,
    13600,
    13600
  ],
  "meminfo.PageTables": [
    16496,
    17036,
    17384,
    17376,
    17392,
    17380,
    17380,
    17384,
    17384,
    17388,
    17392,
    17384
  ],
  "meminfo.CommitLimit": [
    4045640,
    4045640,
    4045640,
    4045640,
    4045640,
    4045640,
    4045640,
    4045640,
    4045640,
    4045640,
    4045640,
    4045640
  ],
  "meminfo.Committed_AS": [
    40759044,
    40775312,
    40811304,
    40811304,
    40811304,
    40811304,
    40810988,
    40810988,
    40816952,
    40815392,
    40812412,
    40817728
  ],
  "meminfo.VmallocTotal": [
    34359738367,
    34359738367,
    34359738367,
    34359738367,
    34359738367,
    34359738367,
    34359738367,
    34359738367,
    34359738367,
    34359738367,
    34359738367,
    34359738367
  ],
  "meminfo.DirectMap4k": [
    37036,
    37036,
    37036,
    37036,
    37036,
    37036,
    37036,
    37036,
    37036,
    37036,
    37036,
    37036
  ],
  "meminfo.DirectMap2M": [
    1970176,
    1970176,
    1970176,
    1970176,
    1970176,
    1970176,
    1970176,
    1970176,
    1970176,
    1970176,
    1970176,
    1970176
  ],
  "meminfo.DirectMap1G": [
    7340032,
    7340032,
    7340032,
    7340032,
    7340032,
    7340032,
    7340032,
    7340032,
    7340032,
    7340032,
    7340032,
    7340032
  ]
}