{
  "proc-vmstat.time": [
    1480659975.2870493,
    1480659976.2899985,
    1480659977.296074,
    1480659978.3069458,
    1480659979.3148038,
    1480659980.3232238,
    1480659981.3306208,
    1480659982.3380237,
    1480659983.3455408,
    1480659984.3531044,
    1480659985.3612618,
    1480659986.3689795
  ],
  "proc-vmstat.nr_free_pages": [
    1198039,
    1196831,
    1196093,
    1195996,
    1196004,
    1195940,
    1196715,
    1196715,
    1196837,
    1196806,
    1196671,
    1196787
  ],
  "proc-vmstat.nr_alloc_batch": [
    459,
    81,
    667,
    28,
    141,
    0,
    11,
    121,
    238,
    339,
    586,
    710
  ],
  "proc-vmstat.nr_inactive_anon": [
    45739,
    45739,
    45739,
    45739,
    45739,
    45739,
    45739,
    45739,
    45739,
    45739,
    45739,
    45739
  ],
  "proc-vmstat.nr_active_anon": [
    95442,
    96058,
    96655,
    96671,
    96689,
    96704,
    95886,
    95903,
    95926,
    95942,
    95926,
    95992
  ],
  "proc-vmstat.nr_inactive_file": [
    309862,
    309788,
    309738,
    309738,
    309738,
    309738,
    309738,
    309738,
    309738,
    309738,
    309738,
    309738
  ],
  "proc-vmstat.nr_active_file": [
    325637,
    325733,
    325801,
    325801,
    325801,
    325803,
    325806,
    325806,
    325806,
    325806,
    325808,
    325810
  ],
  "proc-vmstat.nr_anon_pages": [
    93481,
    94091,
    94691,
    94705,
    94722,
    94737,
    93930,
    93946,
    93964,
    93977,
    93936,
    93999
  ],
  "proc-vmstat.nr_mapped": [
    86824,
    86754,
    87447,
    87450,
    87449,
    87447,
    87447,
    87449,
    87451,
    87448,
    87447,
    87449
  ],
  "proc-vmstat.nr_file_pages": [
    683214,
    683223,
    683241,
    683241,
    683241,
    683243,
    683246,
    683246,
    683246,
    683246,
    683248,
    683250
  ],
  "proc-vmstat.nr_dirty": [
    79,
    45,
    49,
    49,
    49,
    52,
    72,
    73,
    73,
    73,
    13,
    5
  ],
  "proc-vmstat.nr_slab_reclaimable": [
    25318,
    25327,
    25332,
    25332,
    25332,
    25333,
    25323,
    25322,
    25322,
    25321,
    25313,
    25313
  ],
  "proc-vmstat.nr_slab_unreclaimable": [
    8843,
    8906,
    8943,
    8945,
    8947,
    8949,
    8934,
    8934,
    8939,
    8939,
    8913,
    8918
  ],
  "proc-vmstat.nr_page_table_pages": [
    4060,
    4259,
    4346,
    4344,
    4348,
    4345,
    4345,
    4346,
    4346,
    4347,
    4348,
    4346
  ],
  "proc-vmstat.nr_kernel_stack": [
    803,
    841,
    850,
    850,
    850,
    850,
    850,
    850,
    850,
    850,
    850,
    850
  ],
  "proc-vmstat.nr_shmem": [
    47706,
    47706,
    47706,
    47706,
    47706,
    47706,
    47706,
    47706,
    47706,
    47706,
    47706,
    47706
  ],
  "proc-vmstat.nr_dirtied": [
    502153,
    502233,
    502238,
    502239,
    502240,
    502246,
    502319,
    502321,
    502322,
    502323,
    502330,
    502337
  ],
  "proc-vmstat.nr_written": [
    495252,
    495300,
    495301,
    495302,
    495303,
    495306,
    495359,
    495360,
    495361,
    495362,
    495429,
    495444
  ],
  "proc-vmstat.nr_dirty_threshold": [
    362801,
    362564,
    362420,
    362400,
    362402,
    362389,
    362545,
    362545,
    362569,
    362563,
    362537,
    362560
  ],
  "proc-vmstat.nr_dirty_background_threshold": [
    90700,
    90641,
    90605,
    90600,
    90600,
    90597,
    90636,
    90636,
    90642,
    90640,
    90634,
    90640
  ],
  "proc-vmstat.pgpgin": [
    923002,
    923018,
    923058,
    923058,
    923058,
    923058,
    923058,
    923058,
    923058,
    923058,
    923058,
    923058
  ],
  "proc-vmstat.pgpgout": [
    2079124,
    2079248,
    2079252,
    2079256,
    2079260,
    2079604,
    2079816,
    2079820,
    2079824,
    2079828,
    2080268,
    2080272
  ],
  "proc-vmstat.pgalloc_dma32": [
    1833097,
    1837092,
    1838706,
    1839173,
    1839525,
    1840266,
    1840738,
    1841065,
    1841575,
    1842044,
    1842782,
    1843339
  ],
  "proc-vmstat.pgalloc_normal": [
    3733698,
    3741459,
    3744583,
    3745543,
    3746619,
    3747710,
    3748673,
    3749769,
    3750694,
    3751649,
    3752991,
    3753864
  ],
  "proc-vmstat.pgfree": [
    6765627,
    6776403,
    6780320,
    6781718,
    6783141,
    6784974,
    6787210,
    6788620,
    6790036,
    6791491,
    6793548,
    6794936
  ],
  "proc-vmstat.pgactivate": [
    358578,
    358602,
    358670,
    358671,
    358672,
    358674,
    358675,
    358676,
    358677,
    358678,
    358680,
    358681
  ],
  "proc-vmstat.pgfault": [
    6598422,
    6612655,
    6624987,
    6626701,
    6628424,
    6630871,
    6632581,
    6634289,
    6636007,
    6637712,
    6640443,
    6642161
  ],
  "proc-vmstat.pgmajfault": [
    5205,
    5205,
    5206,
    5206,
    5206,
    5206,
    5206,
    5206,
    5206,
    5206,
    5206,
    5206
  ],
  "proc-vmstat.pageoutrun": [
    1,
    1,
    1,
    1,
    1,
    1,
    1,
    1,
    1,
    1,
    1,
    1
  ],
  "proc-vmstat.pgrotated": [
    5,
    5,
    5,
    5,
    5,
    5,
    5,
    5,
    5,
    5,
    5,
    5
  ]
}