{
  "diskstats.time": [
    1480668941.3652725,
    1480668942.3798463,
    1480668943.395658,
    1480668944.4047,
    1480668945.4134452,
    1480668946.4215996,
    1480668947.4292674,
    1480668948.438044,
    1480668949.4444692,
    1480668950.4481738,
    1480668951.468207,
    1480668952.4952612
  ],
  "diskstats.sda.read_ios": [
    17763,
    17777,
    17930,
    18154,
    18363,
    18589,
    18817,
    19038,
    19130,
    19229,
    19301,
    19328
  ],
  "diskstats.sda.read_merges": [
    519,
    519,
    519,
    519,
    519,
    519,
    519,
    519,
    519,
    519,
    519,
    519
  ],
  "diskstats.sda.read_sectors": [
    1468068,
    1468692,
    1483772,
    1485988,
    1487932,
    1489980,
    1492324,
    1496892,
    1510644,
    1523532,
    1537708,
    1540124
  ],
  "diskstats.sda.read_ticks": [
    265622,
    265764,
    266615,
    267663,
    268749,
    270147,
    271320,
    272853,
    273536,
    274257,
    274567,
    274610
  ],
  "diskstats.sda.write_ios": [
    3864,
    3865,
    3869,
    3870,
    3873,
    3891,
    3892,
    3896,
    3907,
    3928,
    4007,
    4027
  ],
  "diskstats.sda.write_merges": [
    5860,
    5860,
    5860,
    5860,
    5923,
    5959,
    5959,
    5959,
    6000,
    6045,
    6097,
    6119
  ],
  "diskstats.sda.write_sectors": [
    1479361,
    1479369,
    1479393,
    1479401,
    1479929,
    1480617,
    1480625,
    1480657,
    1481081,
    1481593,
    1503425,
    1524465
  ],
  "diskstats.sda.write_ticks": [
    702053,
    702053,
    702127,
    702132,
    702443,
    704050,
    704051,
    704339,
    704466,
    705367,
    706830,
    707434
  ],
  "diskstats.sda.in_flight": [
    2,
    0,
    1,
    1,
    1,
    1,
    2,
    1,
    3,
    1,
    0,
    0
  ],
  "diskstats.sda.io_ticks": [
    84333,
    84419,
    85243,
    86223,
    87209,
    88196,
    89170,
    90114,
    90762,
    91533,
    91957,
    92163
  ],
  "diskstats.sda.time_in_queue": [
    967786,
    967886,
    968817,
    969871,
    971267,
    974266,
    975443,
    977264,
    978088,
    979716,
    981465,
    982112
  ],
  "diskstats.sda1.read_ios": [
    21,
    21,
    21,
    21,
    21,
    21,
    21,
    21,
    21,
    21,
    21,
    21
  ],
  "diskstats.sda1.read_sectors": [
    1128,
    1128,
    1128,
    1128,
    1128,
    1128,
    1128,
    1128,
    1128,
    1128,
    1128,
    1128
  ],
  "diskstats.sda1.read_ticks": [
    150,
    150,
    150,
    150,
    150,
    150,
    150,
    150,
    150,
    150,
    150,
    150
  ],
  "diskstats.sda1.io_ticks": [
    150,
    150,
    150,
    150,
    150,
    150,
    150,
    150,
    150,
    150,
    150,
    150
  ],
  "diskstats.sda1.time_in_queue": [
    150,
    150,
    150,
    150,
    150,
    150,
    150,
    150,
    150,
    150,
    150,
    150
  ],
  "diskstats.sda2.read_ios": [
    7296,
    7309,
    7309,
    7309,
    7309,
    7310,
    7310,
    7310,
    7310,
    7310,
    7310,
    7310
  ],
  "diskstats.sda2.read_merges": [
    117,
    117,
    117,
    117,
    117,
    117,
    117,
    117,
    117,
    117,
    117,
    117
  ],
  "diskstats.sda2.read_sectors": [
    468594,
    469210,
    469210,
    469210,
    469210,
    469218,
    469218,
    469218,
    469218,
    469218,
    469218,
    469218
  ],
  "diskstats.sda2.read_ticks": [
    34965,
    35088,
    35088,
    35088,
    35088,
    35100,
    35100,
    35100,
    35100,
    35100,
    35100,
    35100
  ],
  "diskstats.sda2.write_ios": [
    1457,
    1457,
    1457,
    1457,
    1459,
    1472,
    1472,
    1472,
    1472,
    1474,
    1510,
    1510
  ],
  "diskstats.sda2.write_merges": [
    3876,
    3876,
    3876,
    3876,
    3939,
    3947,
    3947,
    3947,
    3947,
    3962,
    3991,
    3991
  ],
  "diskstats.sda2.write_sectors": [
    1423376,
    1423376,
    1423376,
    1423376,
    1423896,
    1424320,
    1424320,
    1424320,
    1424320,
    1424456,
    1424976,
    1424976
  ],
  "diskstats.sda2.write_ticks": [
    431434,
    431434,
    431434,
    431434,
    431518,
    432957,
    432957,
    432957,
    432957,
    433108,
    433180,
    433180
  ],
  "diskstats.sda2.in_flight": [
    2,
    0,
    0,
    0,
    0,
    0,
    0,
    0,
    0,
    0,
    0,
    0
  ],
  "diskstats.sda2.io_ticks": [
    22031,
    22098,
    22098,
    22098,
    22182,
    22305,
    22305,
    22305,
    22305,
    22456,
    22461,
    22461
  ],
  "diskstats.sda2.time_in_queue": [
    466465,
    466546,
    466546,
    466546,
    466630,
    468081,
    468081,
    468081,
    468081,
    468232,
    468304,
    468304
  ],
  "diskstats.sda3.read_ios": [
    32,
    32,
    32,
    32,
    32,
    32,
    32,
    32,
    32,
    32,
    32,
    32
  ],
  "diskstats.sda3.read_sectors": [
    3840,
    3840,
    3840,
    3840,
    3840,
    3840,
    3840,
    3840,
    3840,
    3840,
    3840,
    3840
  ],
  "diskstats.sda3.read_ticks": [
    124,
    124,
    124,
    124,
    124,
    124,
    124,
    124,
    124,
    124,
    124,
    124
  ],
  "diskstats.sda3.io_ticks": [
    118,
    118,
    118,
    118,
    118,
    118,
    118,
    118,
    118,
    118,
    118,
    118
  ],
  "diskstats.sda3.time_in_queue": [
    124,
    124,
    124,
    124,
    124,
    124,
    124,
    124,
    124,
    124,
    124,
    124
  ],
  "diskstats.sda4.read_ios": [
    48,
    48,
    48,
    48,
    48,
    48,
    48,
    48,
    48,
    48,
    48,
    48
  ],
  "diskstats.sda4.read_sectors": [
    2596,
    2596,
    2596,
    2596,
    2596,
    2596,
    2596,
    2596,
    2596,
    2596,
    2596,
    2596
  ],
  "diskstats.sda4.read_ticks": [
    298,
    298,
    298,
    298,
    298,
    298,
    298,
    298,
    298,
    298,
    298,
    298
  ],
  "diskstats.sda4.write_ios": [
    1,
    1,
    1,
    1,
    1,
    1,
    1,
    1,
    1,
    1,
    1,
    1
  ],
  "diskstats.sda4.write_sectors": [
    1,
    1,
    1,
    1,
    1,
    1,
    1,
    1,
    1,
    1,
    1,
    1
  ],
  "diskstats.sda4.write_ticks": [
    1135,
    1135,
    1135,
    1135,
    1135,
    1135,
    1135,
    1135,
    1135,
    1135,
    1135,
    1135
  ],
  "diskstats.sda4.io_ticks": [
    1246,
    1246,
    1246,
    1246,
    1246,
    1246,
    1246,
    1246,
    1246,
    1246,
    1246,
    1246
  ],
  "diskstats.sda4.time_in_queue": [
    1433,
    1433,
    1433,
    1433,
    1433,
    1433,
    1433,
    1433,
    1433,
    1433,
    1433,
    1433
  ],
  "diskstats.sda5.read_ios": [
    5378,
    5379,
    5381,
    5381,
    5381,
    5381,
    5381,
    5381,
    5388,
    5394,
    5426,
    5448
  ],
  "diskstats.sda5.read_merges": [
    67,
    67,
    67,
    67,
    67,
    67,
    67,
    67,
    67,
    67,
    67,
    67
  ],
  "diskstats.sda5.read_sectors": [
    452514,
    452522,
    452826,
    452826,
    452826,
    452826,
    452826,
    452826,
    453442,
    453826,
    458794,
    460258
  ],
  "diskstats.sda5.read_ticks": [
    98910,
    98929,
    98944,
    98944,
    98944,
    98944,
    98944,
    98944,
    98995,
    99018,
    99230,
    99250
  ],
  "diskstats.sda5.write_ios": [
    21,
    21,
    21,
    21,
    21,
    21,
    21,
    21,
    21,
    21,
    21,
    21
  ],
  "diskstats.sda5.write_merges": [
    12,
    12,
    12,
    12,
    12,
    12,
    12,
    12,
    12,
    12,
    12,
    12
  ],
  "diskstats.sda5.write_sectors": [
    6040,
    6040,
    6040,
    6040,
    6040,
    6040,
    6040,
    6040,
    6040,
    6040,
    6040,
    6040
  ],
  "diskstats.sda5.write_ticks": [
    935,
    935,
    935,
    935,
    935,
    935,
    935,
    935,
    935,
    935,
    935,
    935
  ],
  "diskstats.sda5.io_ticks": [
    32427,
    32446,
    32461,
    32461,
    32461,
    32461,
    32461,
    32461,
    32512,
    32535,
    32733,
    32744
  ],