{
  "interrupts.time": [
    1480668941.3587415,
    1480668952.9286346
  ],
  "interrupts.CPU0.0:IO-APIC.2-edge.timer": [
    45,
    45
  ],
  "interrupts.0:IO-APIC.2-edge.timer": [
    45,
    45
  ],
  "interrupts.CPU0.1:IO-APIC.1-edge.i8042": [
    6,
    6
  ],
  "interrupts.CPU2.1:IO-APIC.1-edge.i8042": [
    40,
    40
  ],
  "interrupts.CPU3.1:IO-APIC.1-edge.i8042": [
    9,
    9
  ],
  "interrupts.1:IO-APIC.1-edge.i8042": [
    55,
    55
  ],
  "interrupts.CPU0.7:IO-APIC.7-edge": [
    33,
    33
  ],
  "interrupts.7:IO-APIC.7-edge": [
    33,
    33
  ],
  "interrupts.CPU2.8:IO-APIC.8-edge.rtc0": [
    1,
    1
  ],
  "interrupts.8:IO-APIC.8-edge.rtc0": [
    1,
    1
  ],
  "interrupts.CPU0.9:IO-APIC.9-fasteoi.acpi": [
    71,
    71
  ],
  "interrupts.CPU1.9:IO-APIC.9-fasteoi.acpi": [
    75,
    75
  ],
  "interrupts.CPU2.9:IO-APIC.9-fasteoi.acpi": [
    185,
    185
  ],
  "interrupts.CPU3.9:IO-APIC.9-fasteoi.acpi": [
    38,
    38
  ],
  "interrupts.9:IO-APIC.9-fasteoi.acpi": [
    369,
    369
  ],
  "interrupts.CPU0.12:IO-APIC.12-edge.i8042": [
    53,
    53
  ],
  "interrupts.CPU1.12:IO-APIC.12-edge.i8042": [
    7,
    7
  ],
  "interrupts.CPU2.12:IO-APIC.12-edge.i8042": [
    127,
    127
  ],
  "interrupts.CPU3.12:IO-APIC.12-edge.i8042": [
    11,
    11
  ],
  "interrupts.12:IO-APIC.12-edge.i8042": [
    198,
    198
  ],
  "interrupts.CPU0.120:PCI-MSI.376832-edge.0000:00:17.0": [
    5618,
    5931
  ],
  "interrupts.CPU1.120:PCI-MSI.376832-edge.0000:00:17.0": [
    3679,
    3834
  ],
  "interrupts.CPU2.120:PCI-MSI.376832-edge.0000:00:17.0": [
    9392,
    10559
  ],
  "interrupts.CPU3.120:PCI-MSI.376832-edge.0000:00:17.0": [
    3121,
    3236
  ],
  "interrupts.120:PCI-MSI.376832-edge.0000:00:17.0": [
    21810,
    23560
  ],
  "interrupts.CPU0.121:PCI-MSI.327680-edge.xhci_hcd": [
    31,
    31
  ],
  "interrupts.CPU1.121:PCI-MSI.327680-edge.xhci_hcd": [
    13,
    13
  ],
  "interrupts.CPU2.121:PCI-MSI.327680-edge.xhci_hcd": [
    30,
    30
  ],
  "interrupts.CPU3.121:PCI-MSI.327680-edge.xhci_hcd": [
    13,
    13
  ],
  "interrupts.121:PCI-MSI.327680-edge.xhci_hcd": [
    87,
    87
  ],
  "interrupts.CPU0.122:PCI-MSI.32768-edge.i915": [
    13594,
    13873
  ],
  "interrupts.CPU1.122:PCI-MSI.32768-edge.i915": [
    6663,
    6784
  ],
  "interrupts.CPU2.122:PCI-MSI.32768-edge.i915": [
    32661,
    33123
  ],
  "interrupts.CPU3.122:PCI-MSI.32768-edge.i915": [
    7502,
    7623
  ],
  "interrupts.122:PCI-MSI.32768-edge.i915": [
    60420,
    61403
  ],
  "interrupts.CPU0.123:PCI-MSI.514048-edge.snd_hda_intel": [
    101,
    101
  ],
  "interrupts.CPU1.123:PCI-MSI.514048-edge.snd_hda_intel": [
    221,
    221
  ],
  "interrupts.CPU2.123:PCI-MSI.514048-edge.snd_hda_intel": [
    2,
    2
  ],
  "interrupts.CPU3.123:PCI-MSI.514048-edge.snd_hda_intel": [
    39,
    39
  ],
  "interrupts.123:PCI-MSI.514048-edge.snd_hda_intel": [
    363,
    363
  ],
  "interrupts.CPU1.124:PCI-MSI.524288-edge": [
    2,
    2
  ],
  "interrupts.CPU2.124:PCI-MSI.524288-edge": [
    1,
    1
  ],
  "interrupts.CPU3.124:PCI-MSI.524288-edge": [
    2,
    2
  ],
  "interrupts.124:PCI-MSI.524288-edge": [
    5,
    5
  ],
  "interrupts.CPU1.125:PCI-MSI.1048576-edge.iwlwifi": [
    5,
    5
  ],
  "interrupts.CPU2.125:PCI-MSI.1048576-edge.iwlwifi": [
    10,
    10
  ],
  "interrupts.CPU3.125:PCI-MSI.1048576-edge.iwlwifi": [
    6,
    6
  ],
  "interrupts.125:PCI-MSI.1048576-edge.iwlwifi": [
    21,
    21
  ],
  "interrupts.CPU0.126:PCI-MSI.1572864-edge.rtsx_pci": [
    9,
    9
  ],
  "interrupts.CPU1.126:PCI-MSI.1572864-edge.rtsx_pci": [
    2,
    2
  ],
  "interrupts.CPU2.126:PCI-MSI.1572864-edge.rtsx_pci": [
    3,
    3
  ],
  "interrupts.CPU3.126:PCI-MSI.1572864-edge.rtsx_pci": [
    3,
    3
  ],
  "interrupts.126:PCI-MSI.1572864-edge.rtsx_pci": [
    17,
    17
  ],
  "interrupts.CPU0.127:PCI-MSI.1574912-edge.eth0": [
    38561,
    38627
  ],
  "interrupts.CPU1.127:PCI-MSI.1574912-edge.eth0": [
    24124,
    24161
  ],
  "interrupts.CPU2.127:PCI-MSI.1574912-edge.eth0": [
    62525,
    62551
  ],
  "interrupts.CPU3.127:PCI-MSI.1574912-edge.eth0": [
    24338,
    24364
  ],
  "interrupts.127:PCI-MSI.1574912-edge.eth0": [
    149548,
    149703
  ],
  "interrupts.CPU0.NMI:Non-maskable_interrupts": [
    2,
    3
  ],
  "interrupts.CPU1.NMI:Non-maskable_interrupts": [
    1,
    1
  ],
  "interrupts.CPU2.NMI:Non-maskable_interrupts": [
    1,
    1
  ],
  "interrupts.CPU3.NMI:Non-maskable_interrupts": [
    1,
    1
  ],
  "interrupts.NMI:Non-maskable_interrupts": [
    5,
    6
  ],
  "interrupts.CPU0.LOC:Local_timer_interrupts": [
    192462,
    196933
  ],
  "interrupts.CPU1.LOC:Local_timer_interrupts": [
    175883,
    180247
  ],
  "interrupts.CPU2.LOC:Local_timer_interrupts": [
    131470,
    135374
  ],
  "interrupts.CPU3.LOC:Local_timer_interrupts": [
    119666,
    123314
  ],
  "interrupts.LOC:Local_timer_interrupts": [
    619481,
    635868
  ],
  "interrupts.CPU0.PMI:Performance_monitoring_interrupts": [
    2,
    3
  ],
  "interrupts.CPU1.PMI:Performance_monitoring_interrupts": [
    1,
    1
  ],
  "interrupts.CPU2.PMI:Performance_monitoring_interrupts": [
    1,
    1
  ],
  "interrupts.CPU3.PMI:Performance_monitoring_interrupts": [
    1,
    1
  ],
  "interrupts.PMI:Performance_monitoring_interrupts": [
    5,
    6
  ],
  "interrupts.CPU0.RTR:APIC_ICR_read_retries": [
    3,
    3
  ],
  "interrupts.RTR:APIC_ICR_read_retries": [
    3,
    3
  ],
  "interrupts.CPU0.RES:Rescheduling_interrupts": [
    20625,
    20956
  ],
  "interrupts.CPU1.RES:Rescheduling_interrupts": [
    17168,
    17400
  ],
  "interrupts.CPU2.RES:Rescheduling_interrupts": [
    19249,
    19432
  ],
  "interrupts.CPU3.RES:Rescheduling_interrupts": [
    15523,
    15777
  ],
  "interrupts.RES:Rescheduling_interrupts": [
    72565,
    73565
  ],
  "interrupts.CPU0.CAL:Function_call_interrupts": [
    7127,
    7315
  ],
  "interrupts.CPU1.CAL:Function_call_interrupts": [
    6964,
    7156
  ],
  "interrupts.CPU2.CAL:Function_call_interrupts": [
    8681,
    8834
  ],
  "interrupts.CPU3.CAL:Function_call_interrupts": [
    7912,
    8155
  ],
  "interrupts.CAL:Function_call_interrupts": [
    30684,
    31460
  ],
  "interrupts.CPU0.TLB:TLB_shootdowns": [
    4368,
    7768
  ],
  "interrupts.CPU1.TLB:TLB_shootdowns": [
    3691,
    6773
  ],
  "interrupts.CPU2.TLB:TLB_shootdowns": [
    3660,
    6905
  ],
  "interrupts.CPU3.TLB:TLB_shootdowns": [
    3510,
    7007
  ],
  "interrupts.TLB:TLB_shootdowns": [
    15229,
    28453
  ],
  "interrupts.CPU0.MCP:Machine_check_polls": [
    3,
    3
  ],
  "interrupts.CPU1.MCP:Machine_check_polls": [
    3,
    3
  ],
  "interrupts.CPU2.MCP:Machine_check_polls": [
    3,
    3
  ],
  "interrupts.CPU3.MCP:Machine_check_polls": [
    3,
    3
  ],
  "interrupts.MCP:Machine_check_polls": [
    12,
    12
  ],
  "interrupts.ERR": [
    33,
    33
  ]
}