{
  "meminfo.time": [
    1480668941.3703542,
    1480668942.381316,
    1480668943.4018886,
    1480668944.4117064,
    1480668945.4187567,
    1480668946.426849,
    1480668947.4345925,
    1480668948.442562,
    1480668949.4491436,
    1480668950.4536316,
    1480668951.4681568,
    1480668952.5010226
  ],
  "meminfo.MemTotal": [
    8091280,
    8091280,
    8091280,
    8091280,
    8091280,
    8091280,
    8091280,
    8091280,
    8091280,
    8091280,
    8091280,
    8091280
  ],
  "meminfo.MemFree": [
    6282384,
    6279412,
    6267432,
    6265920,
    6265112,
    6264232,
    6261944,
    6259976,
    6240364,
    6215396,
    6167420,
    6181028
  ],
  "meminfo.MemAvailable": [
    7547664,
    7545188,
    7540708,
    7540420,
    7540476,
    7540672,
    7539536,
    7539936,
    7527456,
    7511700,
    7481404,
    7506812
  ],
  "meminfo.Buffers": [
    24028,
    24028,
    24068,
    24068,
    24076,
    24088,
    24088,
    24088,
    24124,
    24164,
    24184,
    24200
  ],
  "meminfo.Cached": [
    1379548,
    1380168,
    1386736,
    1387852,
    1388720,
    1389812,
    1390964,
    1393212,
    1400424,
    1419128,
    1436544,
    1448184
  ],
  "meminfo.Active": [
    853852,
    857572,
    876668,
    877052,
    877548,
    878436,
    880664,
    881596,
    893720,
    900140,
    933056,
    923900
  ],
  "meminfo.Inactive": [
    813768,
    813816,
    805236,
    806352,
    806832,
    807148,
    806860,
    808056,
    815092,
    833748,
    848556,
    842264
  ],
  "meminfo.Active(anon)": [
    271716,
    275040,
    279052,
    279332,
    279448,
    279580,
    280368,
    280136,
    292188,
    298520,
    328728,
    301628
  ],
  "meminfo.Inactive(anon)": [
    81968,
    81968,
    81008,
    81008,
    81008,
    81008,
    81008,
    81008,
    81008,
    90628,
    90628,
    90628
  ],
  "meminfo.Active(file)": [
    582136,
    582532,
    597616,
    597720,
    598100,
    598856,
    600296,
    601460,
    601532,
    601620,
    604328,
    622272
  ],
  "meminfo.Inactive(file)": [
    731800,
    731848,
    724228,
    725344,
    725824,
    726140,
    725852,
    727048,
    734084,
    743120,
    757928,
    751636
  ],
  "meminfo.Dirty": [
    32,
    212,
    216,
    216,
    460,
    356,
    364,
    364,
    560,
    3280,
    2692,
    2752
  ],
  "meminfo.Writeback": [
    12,
    0,
    0,
    0,
    0,
    0,
    0,
    0,
    0,
    0,
    0,
    0
  ],
  "meminfo.AnonPages": [
    263804,
    267308,
    271192,
    271472,
    271440,
    271548,
    272508,
    272276,
    284368,
    290524,
    320644,
    293620
  ],
  "meminfo.Mapped": [
    330972,
    334320,
    342036,
    342036,
    342052,
    342052,
    343248,
    342940,
    349800,
    354828,
    368696,
    359616
  ],
  "meminfo.Shmem": [
    89828,
    89828,
    88868,
    88868,
    88868,
    88868,
    88868,
    88868,
    88868,
    98488,
    98488,
    98488
  ],
  "meminfo.Slab": [
    87968,
    88268,
    88616,
    88636,
    88640,
    88656,
    88668,
    88684,
    88840,
    89120,
    89568,
    89872
  ],
  "meminfo.SReclaimable": [
    55548,
    55652,
    55724,
    55736,
    55744,
    55748,
    55752,
    55764,
    55816,
    55992,
    56316,
    56612
  ],
  "meminfo.SUnreclaim": [
    32420,
    32616,
    32892,
    32900,
    32896,
    32908,
    32916,
    32920,
    33024,
    33128,
    33252,
    33260
  ],
  "meminfo.KernelStack": [
    11984,
    12096,
    12272,
    12272,
    12272,
    12272,
    12272,
    12272,
    12448,
    12512,
    12624,
    12560
  ],
  "meminfo.PageTables": [
    15444,
    15560,
    15916,
    15920,
    15916,
    15920,
    15924,
    15924,
    16052,
    16144,
    16380,
    16492
  ],
  "meminfo.CommitLimit": [
    4045640,
    4045640,
    4045640,
    4045640,
    4045640,
    4045640,
    4045640,
    4045640,
    4045640,
    4045640,
    4045640,
    4045640
  ],
  "meminfo.Committed_AS": [
    37995784,
    38016204,
    39247872,
    39248508,
    39240968,
    39251256,
    39256960,
    39245744,
    39331816,
    39548876,
    41942712,
    39545692
  ],
  "meminfo.VmallocTotal": [
    34359738367,
    34359738367,
    34359738367,
    34359738367,
    34359738367,
    34359738367,
    34359738367,
    34359738367,
    34359738367,
    34359738367,
    34359738367,
    34359738367
  ],
  "meminfo.DirectMap4k": [
    26796,
    26796,
    26796,
    26796,
    26796,
    26796,
    26796,
    26796,
    26796,
    28844,
    28844,
    28844
  ],
  "meminfo.DirectMap2M": [
    1980416,
    1980416,
    1980416,
    1980416,
    1980416,
    1980416,
    1980416,
    1980416,
    1980416,
    3026944,
    3026944,
    3026944
  ],
  "meminfo.DirectMap1G": [
    7340032,
    7340032,
    7340032,
    7340032,
    7340032,
    7340032,
    7340032,
    7340032,
    7340032,
    6291456,
    6291456,
    6291456
  ]
}