{
  "proc-vmstat.time": [
    1480668941.372663,
    1480668942.3901312,
    1480668943.4002428,
    1480668944.4088998,
    1480668945.4167922,
    1480668946.426406,
    1480668947.4346116,
    1480668948.4419293,
    1480668949.4482691,
    1480668950.4521306,
    1480668951.4690042,
    1480668952.493143
  ],
  "proc-vmstat.nr_free_pages": [
    1570610,
    1569853,
    1566858,
    1566480,
    1566344,
    1566058,
    1565548,
    1564994,
    1560134,
    1553849,
    1541855,
    1545257
  ],
  "proc-vmstat.nr_alloc_batch": [
    696,
    255,
    639,
    497,
    382,
    280,
    780,
    46,
    538,
    296,
    665,
    46
  ],
  "proc-vmstat.nr_inactive_anon": [
    20492,
    20492,
    20252,
    20252,
    20252,
    20252,
    20252,
    20252,
    20252,
    22657,
    22657,
    22657
  ],
  "proc-vmstat.nr_active_anon": [
    67936,
    68760,
    69763,
    69833,
    69819,
    69895,
    70092,
    70034,
    73047,
    74630,
    82102,
    75407
  ],
  "proc-vmstat.nr_inactive_file": [
    182926,
    182962,
    181057,
    181336,
    181456,
    181535,
    181463,
    181762,
    183484,
    185780,
    189482,
    187909
  ],
  "proc-vmstat.nr_active_file": [
    145577,
    145633,
    149404,
    149430,
    149525,
    149714,
    150074,
    150365,
    150383,
    150405,
    151082,
    155568
  ],
  "proc-vmstat.nr_anon_pages": [
    65985,
    66827,
    67798,
    67868,
    67817,
    67887,
    68084,
    68069,
    71092,
    72631,
    80161,
    73405
  ],
  "proc-vmstat.nr_mapped": [
    82675,
    83644,
    85509,
    85509,
    85513,
    85513,
    85812,
    85735,
    87395,
    88707,
    92174,
    89721
  ],
  "proc-vmstat.nr_file_pages": [
    350956,
    351049,
    352701,
    352980,
    353199,
    353475,
    353763,
    354325,
    356137,
    360823,
    365182,
    368096
  ],
  "proc-vmstat.nr_dirty": [
    15,
    53,
    54,
    54,
    115,
    89,
    91,
    91,
    140,
    820,
    673,
    688
  ],
  "proc-vmstat.nr_slab_reclaimable": [
    13895,
    13913,
    13931,
    13934,
    13936,
    13937,
    13938,
    13941,
    13954,
    13998,
    14079,
    14153
  ],
  "proc-vmstat.nr_slab_unreclaimable": [
    8136,
    8154,
    8223,
    8225,
    8224,
    8227,
    8229,
    8230,
    8256,
    8282,
    8313,
    8315
  ],
  "proc-vmstat.nr_page_table_pages": [
    3789,
    3890,
    3979,
    3980,
    3979,
    3980,
    3981,
    3981,
    4013,
    4036,
    4095,
    4123
  ],
  "proc-vmstat.nr_kernel_stack": [
    769,
    756,
    767,
    767,
    767,
    767,
    767,
    767,
    778,
    782,
    789,
    785
  ],
  "proc-vmstat.nr_shmem": [
    22457,
    22457,
    22217,
    22217,
    22217,
    22217,
    22217,
    22217,
    22217,
    24622,
    24622,
    24622
  ],
  "proc-vmstat.nr_dirtied": [
    196178,
    196217,
    196221,
    196222,
    196284,
    196314,
    196317,
    196320,
    196376,
    197064,
    199643,
    202260
  ],
  "proc-vmstat.nr_written": [
    181722,
    181723,
    181726,
    181727,
    181728,
    181784,
    181785,
    181788,
    181795,
    181803,
    184529,
    187131
  ],
  "proc-vmstat.nr_dirty_threshold": [
    375916,
    375783,
    375557,
    375542,
    375558,
    375555,
    375510,
    375517,
    374893,
    374100,
    372577,
    373840
  ],
  "proc-vmstat.nr_dirty_background_threshold": [
    93979,
    93945,
    93889,
    93885,
    93889,
    93888,
    93877,
    93879,
    93723,
    93525,
    93144,
    93460
  ],
  "proc-vmstat.pgpgin": [
    736438,
    736658,
    744210,
    745314,
    746282,
    747318,
    748478,
    750886,
    757818,
    764078,
    771166,
    772374
  ],
  "proc-vmstat.pgpgout": [
    739680,
    739684,
    739696,
    739700,
    739964,
    740308,
    740316,
    740328,
    740540,
    740800,
    751712,
    762232
  ],
  "proc-vmstat.pgalloc_dma32": [
    397420,
    398696,
    401063,
    401510,
    402011,
    402466,
    403285,
    404192,
    407400,
    410251,
    416126,
    421609
  ],
  "proc-vmstat.pgalloc_normal": [
    797120,
    800151,
    804225,
    805370,
    806519,
    807758,
    809024,
    810459,
    816713,
    822577,
    833828,
    845044
  ],
  "proc-vmstat.pgfree": [
    2766178,
    2769375,
    2772979,
    2774276,
    2775692,
    2777020,
    2778598,
    2780413,
    2785062,
    2787253,
    2792335,
    2812887
  ],
  "proc-vmstat.pgactivate": [
    142388,
    142429,
    146190,
    146222,
    146323,
    146537,
    146869,
    147150,
    147154,
    147163,
    147206,
    151771
  ],
  "proc-vmstat.pgfault": [
    1067377,
    1072672,
    1089803,
    1091399,
    1093095,
    1094838,
    1097211,
    1100407,
    1111891,
    1119870,
    1133988,
    1148928
  ],
  "proc-vmstat.pgmajfault": [
    4599,
    4604,
    4665,
    4665,
    4665,
    4665,
    4665,
    4673,
    4727,
    4770,
    4798,
    4816
  ],
  "proc-vmstat.pageoutrun": [
    1,
    1,
    1,
    1,
    1,
    1,
    1,
    1,
    1,
    1,
    1,
    1
  ]
}