{
  "softirqs.time": [
    1480668941.363428,
    1480668952.9332035
  ],
  "softirqs.CPU0.HI": [
    2,
    2
  ],
  "softirqs.CPU1.HI": [
    1,
    1
  ],
  "softirqs.CPU2.HI": [
    3,
    3
  ],
  "softirqs.CPU3.HI": [
    1,
    1
  ],
  "softirqs.HI": [
    7,
    7
  ],
  "softirqs.CPU0.TIMER": [
    165827,
    169685
  ],
  "softirqs.CPU1.TIMER": [
    149999,
    153839
  ],
  "softirqs.CPU2.TIMER": [
    112679,
    116297
  ],
  "softirqs.CPU3.TIMER": [
    99026,
    102370
  ],
  "softirqs.TIMER": [
    527531,
    542191
  ],
  "softirqs.CPU0.NET_TX": [
    86,
    88
  ],
  "softirqs.NET_TX": [
    86,
    88
  ],
  "softirqs.CPU0.NET_RX": [
    38567,
    38653
  ],
  "softirqs.CPU1.NET_RX": [
    24131,
    24186
  ],
  "softirqs.CPU2.NET_RX": [
    62527,
    62566
  ],
  "softirqs.CPU3.NET_RX": [
    24344,
    24385
  ],
  "softirqs.NET_RX": [
    149569,
    149790
  ],
  "softirqs.CPU0.BLOCK": [
    5635,
    5947
  ],
  "softirqs.CPU1.BLOCK": [
    3708,
    3863
  ],
  "softirqs.CPU2.BLOCK": [
    9443,
    10609
  ],
  "softirqs.CPU3.BLOCK": [
    3137,
    3252
  ],
  "softirqs.BLOCK": [
    21923,
    23671
  ],
  "softirqs.CPU0.TASKLET": [
    15,
    15
  ],
  "softirqs.CPU1.TASKLET": [
    23,
    23
  ],
  "softirqs.CPU2.TASKLET": [
    48,
    48
  ],
  "softirqs.CPU3.TASKLET": [
    98,
    98
  ],
  "softirqs.TASKLET": [
    184,
    184
  ],
  "softirqs.CPU0.SCHED": [
    63120,
    64629
  ],
  "softirqs.CPU1.SCHED": [
    64312,
    65756
  ],
  "softirqs.CPU2.SCHED": [
    58169,
    59503
  ],
  "softirqs.CPU3.SCHED": [
    46288,
    47471
  ],
  "softirqs.SCHED": [
    231889,
    237359
  ],
  "softirqs.CPU0.RCU": [
    102246,
    104530
  ],
  "softirqs.CPU1.RCU": [
    96942,
    99378
  ],
  "softirqs.CPU2.RCU": [
    81542,
    83723
  ],
  "softirqs.CPU3.RCU": [
    68623,
    70703
  ],
  "softirqs.RCU": [
    349353,
    358334
  ]
}