{
  "softirqs.time": [
    1478790193.0856733,
    1478790194.0715618
  ],
  "softirqs.CPU3.HI": [
    1,
    1
  ],
  "softirqs.CPU4.HI": [
    1,
    1
  ],
  "softirqs.HI": [
    2,
    2
  ],
  "softirqs.CPU0.TIMER": [
    186823,
    186900
  ],
  "softirqs.CPU1.TIMER": [
    158744,
    158809
  ],
  "softirqs.CPU2.TIMER": [
    138120,
    138200
  ],
  "softirqs.CPU3.TIMER": [
    193083,
    193150
  ],
  "softirqs.CPU4.TIMER": [
    101157,
    101221
  ],
  "softirqs.CPU5.TIMER": [
    118881,
    118935
  ],
  "softirqs.CPU6.TIMER": [
    86864,
    86942
  ],
  "softirqs.CPU7.TIMER": [
    93619,
    93686
  ],
  "softirqs.TIMER": [
    1077291,
    1077843
  ],
  "softirqs.CPU4.NET_TX": [
    1607,
    1608
  ],
  "softirqs.NET_TX": [
    1607,
    1608
  ],
  "softirqs.CPU0.NET_RX": [
    37121,
    37125
  ],
  "softirqs.CPU1.NET_RX": [
    3342,
    3342
  ],
  "softirqs.CPU2.NET_RX": [
    2434,
    2436
  ],
  "softirqs.CPU3.NET_RX": [
    1699,
    1704
  ],
  "softirqs.CPU4.NET_RX": [
    17046,
    17046
  ],
  "softirqs.CPU5.NET_RX": [
    3097,
    3101
  ],
  "softirqs.CPU6.NET_RX": [
    3164,
    3167
  ],
  "softirqs.CPU7.NET_RX": [
    2658,
    2658
  ],
  "softirqs.NET_RX": [
    70561,
    70579
  ],
  "softirqs.CPU0.BLOCK": [
    19808,
    19812
  ],
  "softirqs.CPU1.BLOCK": [
    2905,
    2905
  ],
  "softirqs.CPU2.BLOCK": [
    1571,
    1571
  ],
  "softirqs.CPU3.BLOCK": [
    1038,
    1038
  ],
  "softirqs.CPU4.BLOCK": [
    7872,
    7873
  ],
  "softirqs.CPU5.BLOCK": [
    3567,
    3567
  ],
  "softirqs.CPU6.BLOCK": [
    2992,
    2992
  ],
  "softirqs.CPU7.BLOCK": [
    1038,
    1038
  ],
  "softirqs.BLOCK": [
    40791,
    40796
  ],
  "softirqs.CPU0.TASKLET": [
    2300,
    2300
  ],
  "softirqs.CPU1.TASKLET": [
    22,
    22
  ],
  "softirqs.CPU2.TASKLET": [
    29,
    29
  ],
  "softirqs.CPU3.TASKLET": [
    121,
    121
  ],
  "softirqs.CPU4.TASKLET": [
    277,
    277
  ],
  "softirqs.CPU5.TASKLET": [
    15,
    15
  ],
  "softirqs.CPU6.TASKLET": [
    21,
    21
  ],
  "softirqs.CPU7.TASKLET": [
    8,
    8
  ],
  "softirqs.TASKLET": [
    2793,
    2793
  ],
  "softirqs.CPU0.SCHED": [
    89056,
    89087
  ],
  "softirqs.CPU1.SCHED": [
    61988,
    62010
  ],
  "softirqs.CPU2.SCHED": [
    58187,
    58214
  ],
  "softirqs.CPU3.SCHED": [
    70465,
    70497
  ],
  "softirqs.CPU4.SCHED": [
    41889,
    41915
  ],
  "softirqs.CPU5.SCHED": [
    44694,
    44711
  ],
  "softirqs.CPU6.SCHED": [
    33252,
    33287
  ],
  "softirqs.CPU7.SCHED": [
    38715,
    38741
  ],
  "softirqs.SCHED": [
    438246,
    438462
  ],
  "softirqs.CPU0.RCU": [
    126558,
    126626
  ],
  "softirqs.CPU1.RCU": [
    117256,
    117310
  ],
  "softirqs.CPU2.RCU": [
    103475,
    103534
  ],
  "softirqs.CPU3.RCU": [
    136971,
    137021
  ],
  "softirqs.CPU4.RCU": [
    73712,
    73759
  ],
  "softirqs.CPU5.RCU": [
    88348,
    88389
  ],
  "softirqs.CPU6.RCU": [
    64628,
    64692
  ],
  "softirqs.CPU7.RCU": [
    69006,
    69061
  ],
  "softirqs.RCU": [
    779954,
    780392
  ]
}