{
  "ebizzy.throughput": [
    67025,
    67116,
    67104,
    67441,
    66644
  ],
  "ebizzy.throughput.per_thread.min": [
    4055,
    4082,
    4091,
    4018,
    4020
  ],
  "ebizzy.throughput.per_thread.max": [
    4480,
    4483,
    4379,
    4601,
    4388
  ],
  "ebizzy.throughput.per_thread.stddev_percent": [
    0.1860515928199086,
    0.14602983865007602,
    0.12156463947345253,
    0.2568267268431189,
    0.13659588419596969
  ],
  "ebizzy.time.real": [
    5.0,
    5.0,
    5.0,
    5.0,
    5.0
  ],
  "ebizzy.time.user": [
    9.4,
    9.3,
    9.47,
    9.4,
    9.41
  ],
  "ebizzy.time.sys": [
    30.49,
    30.59,
    30.43,
    30.48,
    30.49
  ]
}