{
  "interrupts.time": [
    1479981612.210883,
    1479982246.264627
  ],
  "interrupts.CPU0.0:IR-IO-APIC.2-edge.timer": [
    25,
    25
  ],
  "interrupts.0:IR-IO-APIC.2-edge.timer": [
    25,
    25
  ],
  "interrupts.CPU0.1:IR-IO-APIC.1-edge.i8042": [
    226,
    234
  ],
  "interrupts.CPU1.1:IR-IO-APIC.1-edge.i8042": [
    9,
    9
  ],
  "interrupts.CPU2.1:IR-IO-APIC.1-edge.i8042": [
    98,
    98
  ],
  "interrupts.CPU3.1:IR-IO-APIC.1-edge.i8042": [
    5,
    5
  ],
  "interrupts.1:IR-IO-APIC.1-edge.i8042": [
    338,
    346
  ],
  "interrupts.CPU0.7:IR-IO-APIC.7-edge": [
    15,
    15
  ],
  "interrupts.7:IR-IO-APIC.7-edge": [
    15,
    15
  ],
  "interrupts.CPU0.8:IR-IO-APIC.8-edge.rtc0": [
    1,
    1
  ],
  "interrupts.8:IR-IO-APIC.8-edge.rtc0": [
    1,
    1
  ],
  "interrupts.CPU0.9:IR-IO-APIC.9-fasteoi.acpi": [
    542,
    686
  ],
  "interrupts.CPU1.9:IR-IO-APIC.9-fasteoi.acpi": [
    15,
    15
  ],
  "interrupts.CPU2.9:IR-IO-APIC.9-fasteoi.acpi": [
    170,
    170
  ],
  "interrupts.CPU3.9:IR-IO-APIC.9-fasteoi.acpi": [
    30,
    30
  ],
  "interrupts.9:IR-IO-APIC.9-fasteoi.acpi": [
    757,
    901
  ],
  "interrupts.CPU0.12:IR-IO-APIC.12-edge.i8042": [
    3248,
    3248
  ],
  "interrupts.CPU1.12:IR-IO-APIC.12-edge.i8042": [
    49,
    49
  ],
  "interrupts.CPU2.12:IR-IO-APIC.12-edge.i8042": [
    1476,
    1476
  ],
  "interrupts.CPU3.12:IR-IO-APIC.12-edge.i8042": [
    44,
    44
  ],
  "interrupts.12:IR-IO-APIC.12-edge.i8042": [
    4817,
    4817
  ],
  "interrupts.CPU0.125:IR-PCI-MSI.327680-edge.xhci_hcd": [
    8261,
    10718
  ],
  "interrupts.CPU1.125:IR-PCI-MSI.327680-edge.xhci_hcd": [
    10097,
    10097
  ],
  "interrupts.CPU2.125:IR-PCI-MSI.327680-edge.xhci_hcd": [
    1796,
    1796
  ],
  "interrupts.CPU3.125:IR-PCI-MSI.327680-edge.xhci_hcd": [
    1266,
    1266
  ],
  "interrupts.125:IR-PCI-MSI.327680-edge.xhci_hcd": [
    21420,
    23877
  ],
  "interrupts.CPU0.126:IR-PCI-MSI.376832-edge.0000:00:17.0": [
    17461,
    18586
  ],
  "interrupts.CPU1.126:IR-PCI-MSI.376832-edge.0000:00:17.0": [
    13265,
    13265
  ],
  "interrupts.CPU2.126:IR-PCI-MSI.376832-edge.0000:00:17.0": [
    8897,
    8897
  ],
  "interrupts.CPU3.126:IR-PCI-MSI.376832-edge.0000:00:17.0": [
    4746,
    4746
  ],
  "interrupts.126:IR-PCI-MSI.376832-edge.0000:00:17.0": [
    44369,
    45494
  ],
  "interrupts.CPU0.127:IR-PCI-MSI.1572864-edge.rtsx_pci": [
    24,
    24
  ],
  "interrupts.CPU1.127:IR-PCI-MSI.1572864-edge.rtsx_pci": [
    2,
    2
  ],
  "interrupts.CPU2.127:IR-PCI-MSI.1572864-edge.rtsx_pci": [
    1,
    1
  ],
  "interrupts.CPU3.127:IR-PCI-MSI.1572864-edge.rtsx_pci": [
    2,
    2
  ],
  "interrupts.127:IR-PCI-MSI.1572864-edge.rtsx_pci": [
    29,
    29
  ],
  "interrupts.CPU0.128:IR-PCI-MSI.1574912-edge.enp3s0f1": [
    3885,
    4410
  ],
  "interrupts.CPU1.128:IR-PCI-MSI.1574912-edge.enp3s0f1": [
    16,
    16
  ],
  "interrupts.CPU2.128:IR-PCI-MSI.1574912-edge.enp3s0f1": [
    29,
    29
  ],
  "interrupts.CPU3.128:IR-PCI-MSI.1574912-edge.enp3s0f1": [
    8,
    8
  ],
  "interrupts.128:IR-PCI-MSI.1574912-edge.enp3s0f1": [
    3938,
    4463
  ],
  "interrupts.CPU0.129:IR-PCI-MSI.32768-edge.i915": [
    23720,
    29901
  ],
  "interrupts.CPU1.129:IR-PCI-MSI.32768-edge.i915": [
    1634,
    1634
  ],
  "interrupts.CPU2.129:IR-PCI-MSI.32768-edge.i915": [
    2630,
    2630
  ],
  "interrupts.CPU3.129:IR-PCI-MSI.32768-edge.i915": [
    1339,
    1339
  ],
  "interrupts.129:IR-PCI-MSI.32768-edge.i915": [
    29323,
    35504
  ],
  "interrupts.CPU0.130:IR-PCI-MSI.524288-edge.nvkm": [
    16,
    16
  ],
  "interrupts.CPU1.130:IR-PCI-MSI.524288-edge.nvkm": [
    2,
    2
  ],
  "interrupts.CPU2.130:IR-PCI-MSI.524288-edge.nvkm": [
    17,
    17
  ],
  "interrupts.CPU3.130:IR-PCI-MSI.524288-edge.nvkm": [
    1,
    1
  ],
  "interrupts.130:IR-PCI-MSI.524288-edge.nvkm": [
    36,
    36
  ],
  "interrupts.CPU0.131:IR-PCI-MSI.360448-edge.mei_me": [
    13,
    13
  ],
  "interrupts.CPU2.131:IR-PCI-MSI.360448-edge.mei_me": [
    19,
    19
  ],
  "interrupts.131:IR-PCI-MSI.360448-edge.mei_me": [
    32,
    32
  ],
  "interrupts.CPU0.132:IR-PCI-MSI.1048576-edge.iwlwifi": [
    2,
    2
  ],
  "interrupts.CPU2.132:IR-PCI-MSI.1048576-edge.iwlwifi": [
    18,
    18
  ],
  "interrupts.CPU3.132:IR-PCI-MSI.1048576-edge.iwlwifi": [
    3,
    3
  ],
  "interrupts.132:IR-PCI-MSI.1048576-edge.iwlwifi": [
    23,
    23
  ],
  "interrupts.CPU0.133:IR-PCI-MSI.514048-edge.snd_hda_intel": [
    89,
    89
  ],
  "interrupts.CPU2.133:IR-PCI-MSI.514048-edge.snd_hda_intel": [
    23,
    23
  ],
  "interrupts.133:IR-PCI-MSI.514048-edge.snd_hda_intel": [
    112,
    112
  ],
  "interrupts.CPU0.NMI:Non-maskable_interrupts": [
    15874,
    23792
  ],
  "interrupts.CPU1.NMI:Non-maskable_interrupts": [
    15878,
    23801
  ],
  "interrupts.CPU2.NMI:Non-maskable_interrupts": [
    15861,
    23790
  ],
  "interrupts.CPU3.NMI:Non-maskable_interrupts": [
    15847,
    23783
  ],
  "interrupts.NMI:Non-maskable_interrupts": [
    63460,
    95166
  ],
  "interrupts.CPU0.LOC:Local_timer_interrupts": [
    506049,
    773569
  ],
  "interrupts.CPU1.LOC:Local_timer_interrupts": [
    491485,
    647270
  ],
  "interrupts.CPU2.LOC:Local_timer_interrupts": [
    487192,
    641603
  ],
  "interrupts.CPU3.LOC:Local_timer_interrupts": [
    487672,
    642953
  ],
  "interrupts.LOC:Local_timer_interrupts": [
    1972398,
    2705395
  ],
  "interrupts.CPU0.PMI:Performance_monitoring_interrupts": [
    15874,
    23792
  ],
  "interrupts.CPU1.PMI:Performance_monitoring_interrupts": [
    15878,
    23801
  ],
  "interrupts.CPU2.PMI:Performance_monitoring_interrupts": [
    15861,
    23790
  ],
  "interrupts.CPU3.PMI:Performance_monitoring_interrupts": [
    15847,
    23783
  ],
  "interrupts.PMI:Performance_monitoring_interrupts": [
    63460,
    95166
  ],
  "interrupts.CPU0.IWI:IRQ_work_interrupts": [
    4,
    6
  ],
  "interrupts.CPU1.IWI:IRQ_work_interrupts": [
    4,
    6
  ],
  "interrupts.CPU2.IWI:IRQ_work_interrupts": [
    4,
    7
  ],
  "interrupts.CPU3.IWI:IRQ_work_interrupts": [
    5,
    7
  ],
  "interrupts.IWI:IRQ_work_interrupts": [
    17,
    26
  ],
  "interrupts.CPU0.RTR:APIC_ICR_read_retries": [
    3,
    3
  ],
  "interrupts.CPU1.RTR:APIC_ICR_read_retries": [
    1,
    1
  ],
  "interrupts.RTR:APIC_ICR_read_retries": [
    4,
    4
  ],
  "interrupts.CPU0.RES:Rescheduling_interrupts": [
    25364761,
    40597873
  ],
  "interrupts.CPU1.RES:Rescheduling_interrupts": [
    24488388,
    39068135
  ],
  "interrupts.CPU2.RES:Rescheduling_interrupts": [
    27051301,
    43104268
  ],
  "interrupts.CPU3.RES:Rescheduling_interrupts": [
    25887129,
    41477012
  ],
  "interrupts.RES:Rescheduling_interrupts": [
    102791579,
    164247288
  ],
  "interrupts.CPU0.CAL:Function_call_interrupts": [
    1910,
    2328
  ],
  "interrupts.CPU1.CAL:Function_call_interrupts": [
    911,
    917
  ],
  "interrupts.CPU2.CAL:Function_call_interrupts": [
    1084,
    1094
  ],
  "interrupts.CPU3.CAL:Function_call_interrupts": [
    1181,
    1191
  ],
  "interrupts.CAL:Function_call_interrupts": [
    5086,
    5530
  ],
  "interrupts.CPU0.TLB:TLB_shootdowns": [
    652,
    973
  ],
  "interrupts.CPU1.TLB:TLB_shootdowns": [
    617,
    949
  ],
  "interrupts.CPU2.TLB:TLB_shootdowns": [
    693,
    1083
  ],
  "interrupts.CPU3.TLB:TLB_shootdowns": [
    548,
    939
  ],
  "interrupts.TLB:TLB_shootdowns": [
    2510,
    3944
  ],
  "interrupts.CPU0.MCP:Machine_check_polls": [
    8,
    10
  ],
  "interrupts.CPU1.MCP:Machine_check_polls": [
    8,
    10
  ],
  "interrupts.CPU2.MCP:Machine_check_polls": [
    8,
    10
  ],
  "interrupts.CPU3.MCP:Machine_check_polls": [
    8,
    10
  ],
  "interrupts.MCP:Machine_check_polls": [
    32,
    40
  ],
  "interrupts.ERR": [
    16,
    16
  ]
}