{
  "diskstats.time": [
    1480933001.793655,
    1480933002.7954764,
    1480933003.7994237,
    1480933004.8080058,
    1480933005.8152246,
    1480933006.8223844,
    1480933007.8303437,
    1480933008.8375573,
    1480933009.8450272,
    1480933010.8525634,
    1480933011.8602533
  ],
  "diskstats.sda.read_ios": [
    20571,
    20571,
    20572,
    20572,
    20572,
    20572,
    20572,
    20572,
    20572,
    20572,
    20572
  ],
  "diskstats.sda.read_merges": [
    509,
    509,
    509,
    509,
    509,
    509,
    509,
    509,
    509,
    509,
    509
  ],
  "diskstats.sda.read_sectors": [
    1625924,
    1625924,
    1626036,
    1626036,
    1626036,
    1626036,
    1626036,
    1626036,
    1626036,
    1626036,
    1626036
  ],
  "diskstats.sda.read_ticks": [
    336459,
    336459,
    336476,
    336476,
    336476,
    336476,
    336476,
    336476,
    336476,
    336476,
    336476
  ],
  "diskstats.sda.write_ios": [
    14398,
    14423,
    14438,
    14439,
    14440,
    14445,
    14468,
    14471,
    14472,
    14473,
    14478
  ],
  "diskstats.sda.write_merges": [
    21417,
    21423,
    21441,
    21441,
    21441,
    21505,
    21518,
    21525,
    21525,
    21525,
    21543
  ],
  "diskstats.sda.write_sectors": [
    5600529,
    5600777,
    5601017,
    5601025,
    5601033,
    5601585,
    5602609,
    5602689,
    5602697,
    5602705,
    5602889
  ],
  "diskstats.sda.write_ticks": [
    1838404,
    1838433,
    1838550,
    1838550,
    1838550,
    1838575,
    1838622,
    1838675,
    1838676,
    1838677,
    1838710
  ],
  "diskstats.sda.io_ticks": [
    165748,
    165750,
    165883,
    165883,
    165883,
    165908,
    165913,
    165950,
    165950,
    165951,
    165984
  ],
  "diskstats.sda.time_in_queue": [
    2174964,
    2174993,
    2175127,
    2175127,
    2175127,
    2175152,
    2175199,
    2175252,
    2175252,
    2175253,
    2175286
  ],
  "diskstats.sda1.read_ios": [
    21,
    21,
    21,
    21,
    21,
    21,
    21,
    21,
    21,
    21,
    21
  ],
  "diskstats.sda1.read_sectors": [
    1128,
    1128,
    1128,
    1128,
    1128,
    1128,
    1128,
    1128,
    1128,
    1128,
    1128
  ],
  "diskstats.sda1.read_ticks": [
    158,
    158,
    158,
    158,
    158,
    158,
    158,
    158,
    158,
    158,
    158
  ],
  "diskstats.sda1.io_ticks": [
    158,
    158,
    158,
    158,
    158,
    158,
    158,
    158,
    158,
    158,
    158
  ],
  "diskstats.sda1.time_in_queue": [
    158,
    158,
    158,
    158,
    158,
    158,
    158,
    158,
    158,
    158,
    158
  ],
  "diskstats.sda2.read_ios": [
    7454,
    7454,
    7454,
    7454,
    7454,
    7454,
    7454,
    7454,
    7454,
    7454,
    7454
  ],
  "diskstats.sda2.read_merges": [
    99,
    99,
    99,
    99,
    99,
    99,
    99,
    99,
    99,
    99,
    99
  ],
  "diskstats.sda2.read_sectors": [
    471418,
    471418,
    471418,
    471418,
    471418,
    471418,
    471418,
    471418,
    471418,
    471418,
    471418
  ],
  "diskstats.sda2.read_ticks": [
    36881,
    36881,
    36881,
    36881,
    36881,
    36881,
    36881,
    36881,
    36881,
    36881,
    36881
  ],
  "diskstats.sda2.write_ios": [
    5191,
    5215,
    5215,
    5215,
    5215,
    5217,
    5228,
    5228,
    5228,
    5228,
    5230
  ],
  "diskstats.sda2.write_merges": [
    13441,
    13447,
    13447,
    13447,
    13447,
    13511,
    13521,
    13521,
    13521,
    13521,
    13539
  ],
  "diskstats.sda2.write_sectors": [
    5040456,
    5040696,
    5040696,
    5040696,
    5040696,
    5041224,
    5041552,
    5041552,
    5041552,
    5041552,
    5041712
  ],
  "diskstats.sda2.write_ticks": [
    1125214,
    1125243,
    1125243,
    1125243,
    1125243,
    1125268,
    1125289,
    1125289,
    1125289,
    1125289,
    1125322
  ],
  "diskstats.sda2.io_ticks": [
    54913,
    54915,
    54915,
    54915,
    54915,
    54940,
    54942,
    54942,
    54942,
    54942,
    54975
  ],
  "diskstats.sda2.time_in_queue": [
    1162192,
    1162221,
    1162221,
    1162221,
    1162221,
    1162246,
    1162267,
    1162267,
    1162267,
    1162267,
    1162300
  ],
  "diskstats.sda3.read_ios": [
    32,
    32,
    32,
    32,
    32,
    32,
    32,
    32,
    32,
    32,
    32
  ],
  "diskstats.sda3.read_sectors": [
    3840,
    3840,
    3840,
    3840,
    3840,
    3840,
    3840,
    3840,
    3840,
    3840,
    3840
  ],
  "diskstats.sda3.read_ticks": [
    98,
    98,
    98,
    98,
    98,
    98,
    98,
    98,
    98,
    98,
    98
  ],
  "diskstats.sda3.io_ticks": [
    92,
    92,
    92,
    92,
    92,
    92,
    92,
    92,
    92,
    92,
    92
  ],
  "diskstats.sda3.time_in_queue": [
    96,
    96,
    96,
    96,
    96,
    96,
    96,
    96,
    96,
    96,
    96
  ],
  "diskstats.sda4.read_ios": [
    48,
    48,
    48,
    48,
    48,
    48,
    48,
    48,
    48,
    48,
    48
  ],
  "diskstats.sda4.read_sectors": [
    2596,
    2596,
    2596,
    2596,
    2596,
    2596,
    2596,
    2596,
    2596,
    2596,
    2596
  ],
  "diskstats.sda4.read_ticks": [
    318,
    318,
    318,
    318,
    318,
    318,
    318,
    318,
    318,
    318,
    318
  ],
  "diskstats.sda4.write_ios": [
    1,
    1,
    1,
    1,
    1,
    1,
    1,
    1,
    1,
    1,
    1
  ],
  "diskstats.sda4.write_sectors": [
    1,
    1,
    1,
    1,
    1,
    1,
    1,
    1,
    1,
    1,
    1
  ],
  "diskstats.sda4.write_ticks": [
    563,
    563,
    563,
    563,
    563,
    563,
    563,
    563,
    563,
    563,
    563
  ],
  "diskstats.sda4.io_ticks": [
    693,
    693,
    693,
    693,
    693,
    693,
    693,
    693,
    693,
    693,
    693
  ],
  "diskstats.sda4.time_in_queue": [
    881,
    881,
    881,
    881,
    881,
    881,
    881,
    881,
    881,
    881,
    881
  ],
  "diskstats.sda5.read_ios": [
    5564,
    5564,
    5564,
    5564,
    5564,
    5564,
    5564,
    5564,
    5564,
    5564,
    5564
  ],
  "diskstats.sda5.read_merges": [
    39,
    39,
    39,
    39,
    39,
    39,
    39,
    39,
    39,
    39,
    39
  ],
  "diskstats.sda5.read_sectors": [
    456442,
    456442,
    456442,
    456442,
    456442,
    456442,
    456442,
    456442,
    456442,
    456442,
    456442
  ],
  "diskstats.sda5.read_ticks": [
    106286,
    106286,
    106286,
    106286,
    106286,
    106286,
    106286,
    106286,
    106286,
    106286,
    106286
  ],
  "diskstats.sda5.write_ios": [
    200,
    200,
    200,
    200,
    200,
    200,
    200,
    200,
    200,
    200,
    200
  ],
  "diskstats.sda5.write_merges": [
    411,
    411,
    411,
    411,
    411,
    411,
    411,
    411,
    411,
    411,
    411
  ],
  "diskstats.sda5.write_sectors": [
    22200,
    22200,
    22200,
    22200,
    22200,
    22200,
    22200,
    22200,
    22200,
    22200,
    22200
  ],
  "diskstats.sda5.write_ticks": [
    55613,
    55613,
    55613,
    55613,
    55613,
    55613,
    55613,
    55613,
    55613,
    55613,
    55613
  ],
  "diskstats.sda5.io_ticks": [
    44885,
    44885,
    44885,
    44885,
    44885,
    44885,
    44885,
    44885,
    44885,
    44885,
    44885
  ],
  "diskstats.sda5.time_in_queue": [
    161942,
    161942,
    161942,
    161942,
    161942,
    161942,
    161942,
    161942,
    161942,
    161942,
    161942
  ],
  "diskstats.sda6.read_ios": [
    7422,
    7422,
    7423,
    7423,
    7423,
    7423,
    7423,
    7423,
    7423,
    7423,
    7423
  ],
  "diskstats.sda6.read_merges": [
    371,
    371,
    371,
    371,
    371,
    371,
    371,
    371,
    371,
    371,
    371
  ],
  "diskstats.sda6.read_sectors": [
    688020,
    688020,
    688132,
    688132,
    688132,
    688132,
    688132,
    688132,
    688132,
    688132,
    688132
  ],