{
  "interrupts.time": [
    1480933001.7759728,
    1480933012.276708
  ],
  "interrupts.CPU0.0:IO-APIC.2-edge.timer": [
    46,
    46
  ],
  "interrupts.0:IO-APIC.2-edge.timer": [
    46,
    46
  ],
  "interrupts.CPU0.1:IO-APIC.1-edge.i8042": [
    10,
    10
  ],
  "interrupts.CPU1.1:IO-APIC.1-edge.i8042": [
    11,
    11
  ],
  "interrupts.CPU2.1:IO-APIC.1-edge.i8042": [
    47,
    47
  ],
  "interrupts.CPU3.1:IO-APIC.1-edge.i8042": [
    13,
    13
  ],
  "interrupts.1:IO-APIC.1-edge.i8042": [
    81,
    81
  ],
  "interrupts.CPU0.7:IO-APIC.7-edge": [
    34,
    34
  ],
  "interrupts.7:IO-APIC.7-edge": [
    34,
    34
  ],
  "interrupts.CPU1.8:IO-APIC.8-edge.rtc0": [
    1,
    1
  ],
  "interrupts.8:IO-APIC.8-edge.rtc0": [
    1,
    1
  ],
  "interrupts.CPU0.9:IO-APIC.9-fasteoi.acpi": [
    205,
    207
  ],
  "interrupts.CPU1.9:IO-APIC.9-fasteoi.acpi": [
    106,
    106
  ],
  "interrupts.CPU2.9:IO-APIC.9-fasteoi.acpi": [
    897,
    921
  ],
  "interrupts.CPU3.9:IO-APIC.9-fasteoi.acpi": [
    71,
    71
  ],
  "interrupts.9:IO-APIC.9-fasteoi.acpi": [
    1279,
    1305
  ],
  "interrupts.CPU0.12:IO-APIC.12-edge.i8042": [
    179,
    179
  ],
  "interrupts.CPU1.12:IO-APIC.12-edge.i8042": [
    77,
    77
  ],
  "interrupts.CPU2.12:IO-APIC.12-edge.i8042": [
    897,
    897
  ],
  "interrupts.CPU3.12:IO-APIC.12-edge.i8042": [
    65,
    65
  ],
  "interrupts.12:IO-APIC.12-edge.i8042": [
    1218,
    1218
  ],
  "interrupts.CPU0.120:PCI-MSI.376832-edge.0000:00:17.0": [
    9003,
    9034
  ],
  "interrupts.CPU1.120:PCI-MSI.376832-edge.0000:00:17.0": [
    5948,
    5954
  ],
  "interrupts.CPU2.120:PCI-MSI.376832-edge.0000:00:17.0": [
    16835,
    16868
  ],
  "interrupts.CPU3.120:PCI-MSI.376832-edge.0000:00:17.0": [
    4502,
    4515
  ],
  "interrupts.120:PCI-MSI.376832-edge.0000:00:17.0": [
    36288,
    36371
  ],
  "interrupts.CPU0.121:PCI-MSI.327680-edge.xhci_hcd": [
    601,
    601
  ],
  "interrupts.CPU1.121:PCI-MSI.327680-edge.xhci_hcd": [
    296,
    296
  ],
  "interrupts.CPU2.121:PCI-MSI.327680-edge.xhci_hcd": [
    1058,
    1058
  ],
  "interrupts.CPU3.121:PCI-MSI.327680-edge.xhci_hcd": [
    318,
    318
  ],
  "interrupts.121:PCI-MSI.327680-edge.xhci_hcd": [
    2273,
    2273
  ],
  "interrupts.CPU0.122:PCI-MSI.32768-edge.i915": [
    36610,
    36701
  ],
  "interrupts.CPU1.122:PCI-MSI.32768-edge.i915": [
    18526,
    18599
  ],
  "interrupts.CPU2.122:PCI-MSI.32768-edge.i915": [
    91191,
    91605
  ],
  "interrupts.CPU3.122:PCI-MSI.32768-edge.i915": [
    20171,
    20271
  ],
  "interrupts.122:PCI-MSI.32768-edge.i915": [
    166498,
    167176
  ],
  "interrupts.CPU0.123:PCI-MSI.514048-edge.snd_hda_intel": [
    476,
    476
  ],
  "interrupts.CPU1.123:PCI-MSI.514048-edge.snd_hda_intel": [
    286,
    286
  ],
  "interrupts.CPU2.123:PCI-MSI.514048-edge.snd_hda_intel": [
    1886,
    1886
  ],
  "interrupts.CPU3.123:PCI-MSI.514048-edge.snd_hda_intel": [
    399,
    399
  ],
  "interrupts.123:PCI-MSI.514048-edge.snd_hda_intel": [
    3047,
    3047
  ],
  "interrupts.CPU1.124:PCI-MSI.524288-edge": [
    3,
    3
  ],
  "interrupts.CPU3.124:PCI-MSI.524288-edge": [
    2,
    2
  ],
  "interrupts.124:PCI-MSI.524288-edge": [
    5,
    5
  ],
  "interrupts.CPU0.125:PCI-MSI.1048576-edge.iwlwifi": [
    1,
    1
  ],
  "interrupts.CPU2.125:PCI-MSI.1048576-edge.iwlwifi": [
    4,
    4
  ],
  "interrupts.CPU3.125:PCI-MSI.1048576-edge.iwlwifi": [
    16,
    16
  ],
  "interrupts.125:PCI-MSI.1048576-edge.iwlwifi": [
    21,
    21
  ],
  "interrupts.CPU0.126:PCI-MSI.1572864-edge.rtsx_pci": [
    16,
    16
  ],
  "interrupts.CPU2.126:PCI-MSI.1572864-edge.rtsx_pci": [
    1,
    1
  ],
  "interrupts.126:PCI-MSI.1572864-edge.rtsx_pci": [
    17,
    17
  ],
  "interrupts.CPU0.127:PCI-MSI.1574912-edge.eth0": [
    157090,
    157128
  ],
  "interrupts.CPU1.127:PCI-MSI.1574912-edge.eth0": [
    109441,
    109470
  ],
  "interrupts.CPU2.127:PCI-MSI.1574912-edge.eth0": [
    275034,
    275074
  ],
  "interrupts.CPU3.127:PCI-MSI.1574912-edge.eth0": [
    101600,
    101622
  ],
  "interrupts.127:PCI-MSI.1574912-edge.eth0": [
    643165,
    643294
  ],
  "interrupts.CPU0.NMI:Non-maskable_interrupts": [
    6,
    6
  ],
  "interrupts.CPU1.NMI:Non-maskable_interrupts": [
    5,
    5
  ],
  "interrupts.CPU2.NMI:Non-maskable_interrupts": [
    6,
    6
  ],
  "interrupts.CPU3.NMI:Non-maskable_interrupts": [
    6,
    6
  ],
  "interrupts.NMI:Non-maskable_interrupts": [
    23,
    23
  ],
  "interrupts.CPU0.LOC:Local_timer_interrupts": [
    540398,
    543026
  ],
  "interrupts.CPU1.LOC:Local_timer_interrupts": [
    502528,
    504941
  ],
  "interrupts.CPU2.LOC:Local_timer_interrupts": [
    421027,
    423124
  ],
  "interrupts.CPU3.LOC:Local_timer_interrupts": [
    378139,
    380224
  ],
  "interrupts.LOC:Local_timer_interrupts": [
    1842092,
    1851315
  ],
  "interrupts.CPU0.PMI:Performance_monitoring_interrupts": [
    6,
    6
  ],
  "interrupts.CPU1.PMI:Performance_monitoring_interrupts": [
    5,
    5
  ],
  "interrupts.CPU2.PMI:Performance_monitoring_interrupts": [
    6,
    6
  ],
  "interrupts.CPU3.PMI:Performance_monitoring_interrupts": [
    6,
    6
  ],
  "interrupts.PMI:Performance_monitoring_interrupts": [
    23,
    23
  ],
  "interrupts.CPU0.RTR:APIC_ICR_read_retries": [
    3,
    3
  ],
  "interrupts.RTR:APIC_ICR_read_retries": [
    3,
    3
  ],
  "interrupts.CPU0.RES:Rescheduling_interrupts": [
    81483,
    81554
  ],
  "interrupts.CPU1.RES:Rescheduling_interrupts": [
    71111,
    71170
  ],
  "interrupts.CPU2.RES:Rescheduling_interrupts": [
    77182,
    77231
  ],
  "interrupts.CPU3.RES:Rescheduling_interrupts": [
    66993,
    67043
  ],
  "interrupts.RES:Rescheduling_interrupts": [
    296769,
    296998
  ],
  "interrupts.CPU0.CAL:Function_call_interrupts": [
    30338,
    30484
  ],
  "interrupts.CPU1.CAL:Function_call_interrupts": [
    29844,
    30012
  ],
  "interrupts.CPU2.CAL:Function_call_interrupts": [
    33058,
    33219
  ],
  "interrupts.CPU3.CAL:Function_call_interrupts": [
    31155,
    31302
  ],
  "interrupts.CAL:Function_call_interrupts": [
    124395,
    125017
  ],
  "interrupts.CPU0.TLB:TLB_shootdowns": [
    26884,
    26900
  ],
  "interrupts.CPU1.TLB:TLB_shootdowns": [
    24391,
    24396
  ],
  "interrupts.CPU2.TLB:TLB_shootdowns": [
    27379,
    27396
  ],
  "interrupts.CPU3.TLB:TLB_shootdowns": [
    24157,
    24174
  ],
  "interrupts.TLB:TLB_shootdowns": [
    102811,
    102866
  ],
  "interrupts.CPU0.MCP:Machine_check_polls": [
    9,
    9
  ],
  "interrupts.CPU1.MCP:Machine_check_polls": [
    9,
    9
  ],
  "interrupts.CPU2.MCP:Machine_check_polls": [
    9,
    9
  ],
  "interrupts.CPU3.MCP:Machine_check_polls": [
    9,
    9
  ],
  "interrupts.MCP:Machine_check_polls": [
    36,
    36
  ],
  "interrupts.ERR": [
    34,
    34
  ]
}