{
  "meminfo.time": [
    1480933001.7682672,
    1480933002.7726994,
    1480933003.780564,
    1480933004.7886338,
    1480933005.796541,
    1480933006.805384,
    1480933007.8128579,
    1480933008.8203628,
    1480933009.8280115,
    1480933010.8360054,
    1480933011.8436127
  ],
  "meminfo.MemTotal": [
    8091280,
    8091280,
    8091280,
    8091280,
    8091280,
    8091280,
    8091280,
    8091280,
    8091280,
    8091280,
    8091280
  ],
  "meminfo.MemFree": [
    5884232,
    5879792,
    5876576,
    5876300,
    5876788,
    5876268,
    5876080,
    5876856,
    5877476,
    5876772,
    5876896
  ],
  "meminfo.MemAvailable": [
    7399480,
    7395132,
    7392204,
    7391936,
    7392420,
    7391876,
    7391700,
    7392480,
    7393108,
    7392372,
    7392496
  ],
  "meminfo.Buffers": [
    33536,
    33540,
    33556,
    33556,
    33556,
    33568,
    33568,
    33576,
    33576,
    33576,
    33584
  ],
  "meminfo.Cached": [
    1655632,
    1655608,
    1655748,
    1655748,
    1655748,
    1655736,
    1655748,
    1655740,
    1655748,
    1655748,
    1655740
  ],
  "meminfo.Active": [
    1364560,
    1368544,
    1370396,
    1370308,
    1370648,
    1370488,
    1370628,
    1369572,
    1369612,
    1369624,
    1369664
  ],
  "meminfo.Inactive": [
    676072,
    675800,
    675536,
    675536,
    675536,
    675536,
    675536,
    675536,
    675536,
    675536,
    675536
  ],
  "meminfo.Active(anon)": [
    359440,
    363064,
    364504,
    364408,
    364748,
    364588,
    364716,
    363660,
    363692,
    363704,
    363744
  ],
  "meminfo.Inactive(anon)": [
    128796,
    128796,
    128668,
    128668,
    128668,
    128668,
    128668,
    128668,
    128668,
    128668,
    128668
  ],
  "meminfo.Active(file)": [
    1005120,
    1005480,
    1005892,
    1005900,
    1005900,
    1005900,
    1005912,
    1005912,
    1005920,
    1005920,
    1005920
  ],
  "meminfo.Inactive(file)": [
    547276,
    547004,
    546868,
    546868,
    546868,
    546868,
    546868,
    546868,
    546868,
    546868,
    546868
  ],
  "meminfo.Dirty": [
    180,
    336,
    380,
    380,
    532,
    532,
    300,
    252,
    264,
    264,
    264
  ],
  "meminfo.AnonPages": [
    351556,
    355192,
    356620,
    356524,
    356772,
    356620,
    356832,
    355812,
    355848,
    355684,
    355896
  ],
  "meminfo.Mapped": [
    368444,
    369836,
    370872,
    370880,
    370884,
    370864,
    370864,
    370864,
    370884,
    370884,
    370884
  ],
  "meminfo.Shmem": [
    136680,
    136680,
    136552,
    136552,
    136552,
    136552,
    136552,
    136552,
    136552,
    136552,
    136552
  ],
  "meminfo.Slab": [
    112160,
    112440,
    112540,
    112552,
    112560,
    112496,
    112504,
    112508,
    112508,
    112360,
    112372
  ],
  "meminfo.SReclaimable": [
    77500,
    77504,
    77516,
    77516,
    77512,
    77488,
    77488,
    77492,
    77492,
    77460,
    77460
  ],
  "meminfo.SUnreclaim": [
    34660,
    34936,
    35024,
    35036,
    35048,
    35008,
    35016,
    35016,
    35016,
    34900,
    34912
  ],
  "meminfo.KernelStack": [
    12272,
    12880,
    13040,
    13040,
    13040,
    13040,
    13040,
    13040,
    13040,
    13040,
    13024
  ],
  "meminfo.PageTables": [
    15936,
    16468,
    16812,
    16812,
    16808,
    16808,
    16812,
    16812,
    16808,
    16812,
    16804
  ],
  "meminfo.CommitLimit": [
    4045640,
    4045640,
    4045640,
    4045640,
    4045640,
    4045640,
    4045640,
    4045640,
    4045640,
    4045640,
    4045640
  ],
  "meminfo.Committed_AS": [
    39648424,
    39687888,
    39702504,
    39700944,
    39701164,
    39702672,
    39702024,
    39702156,
    39693380,
    39693836,
    39699704
  ],
  "meminfo.VmallocTotal": [
    34359738367,
    34359738367,
    34359738367,
    34359738367,
    34359738367,
    34359738367,
    34359738367,
    34359738367,
    34359738367,
    34359738367,
    34359738367
  ],
  "meminfo.DirectMap4k": [
    32940,
    32940,
    32940,
    32940,
    32940,
    32940,
    32940,
    32940,
    32940,
    32940,
    32940
  ],
  "meminfo.DirectMap2M": [
    1974272,
    1974272,
    1974272,
    1974272,
    1974272,
    1974272,
    1974272,
    1974272,
    1974272,
    1974272,
    1974272
  ],
  "meminfo.DirectMap1G": [
    7340032,
    7340032,
    7340032,
    7340032,
    7340032,
    7340032,
    7340032,
    7340032,
    7340032,
    7340032,
    7340032
  ]
}