{
  "proc-vmstat.time": [
    1480933001.7616637,
    1480933002.7663567,
    1480933003.773862,
    1480933004.7814302,
    1480933005.7900205,
    1480933006.797485,
    1480933007.8064215,
    1480933008.8139124,
    1480933009.821413,
    1480933010.829349,
    1480933011.837184
  ],
  "proc-vmstat.nr_free_pages": [
    1471257,
    1470010,
    1469187,
    1469075,
    1469154,
    1469026,
    1469059,
    1469214,
    1469369,
    1469232,
    1469224
  ],
  "proc-vmstat.nr_alloc_batch": [
    158,
    53,
    495,
    667,
    636,
    624,
    0,
    165,
    8,
    133,
    528
  ],
  "proc-vmstat.nr_inactive_anon": [
    32199,
    32199,
    32167,
    32167,
    32167,
    32167,
    32167,
    32167,
    32167,
    32167,
    32167
  ],
  "proc-vmstat.nr_active_anon": [
    89645,
    90686,
    91083,
    91102,
    91187,
    91190,
    91179,
    90915,
    90923,
    90926,
    90979
  ],
  "proc-vmstat.nr_inactive_file": [
    136819,
    136751,
    136717,
    136717,
    136717,
    136717,
    136717,
    136717,
    136717,
    136717,
    136717
  ],
  "proc-vmstat.nr_active_file": [
    251280,
    251370,
    251473,
    251475,
    251475,
    251475,
    251478,
    251478,
    251480,
    251480,
    251480
  ],
  "proc-vmstat.nr_anon_pages": [
    87717,
    88675,
    89112,
    89131,
    89193,
    89198,
    89208,
    88953,
    88962,
    88964,
    89017
  ],
  "proc-vmstat.nr_mapped": [
    92111,
    92395,
    92718,
    92720,
    92721,
    92716,
    92716,
    92716,
    92721,
    92721,
    92721
  ],
  "proc-vmstat.nr_file_pages": [
    422292,
    422287,
    422326,
    422326,
    422326,
    422326,
    422329,
    422329,
    422331,
    422331,
    422331
  ],
  "proc-vmstat.nr_dirty": [
    45,
    84,
    95,
    95,
    133,
    133,
    75,
    63,
    66,
    66,
    66
  ],
  "proc-vmstat.nr_slab_reclaimable": [
    19375,
    19376,
    19379,
    19379,
    19378,
    19372,
    19372,
    19373,
    19373,
    19365,
    19365
  ],
  "proc-vmstat.nr_slab_unreclaimable": [
    8665,
    8734,
    8756,
    8759,
    8762,
    8752,
    8754,
    8754,
    8754,
    8725,
    8728
  ],
  "proc-vmstat.nr_page_table_pages": [
    4039,
    4117,
    4203,
    4203,
    4202,
    4202,
    4203,
    4203,
    4202,
    4203,
    4201
  ],
  "proc-vmstat.nr_kernel_stack": [
    767,
    805,
    815,
    815,
    815,
    815,
    815,
    815,
    815,
    815,
    814
  ],
  "proc-vmstat.nr_shmem": [
    34170,
    34170,
    34138,
    34138,
    34138,
    34138,
    34138,
    34138,
    34138,
    34138,
    34138
  ],
  "proc-vmstat.nr_dirtied": [
    709326,
    709368,
    709428,
    709433,
    709472,
    709475,
    709537,
    709540,
    709544,
    709545,
    709548
  ],
  "proc-vmstat.nr_written": [
    687351,
    687352,
    687401,
    687406,
    687407,
    687410,
    687530,
    687545,
    687546,
    687547,
    687550
  ],
  "proc-vmstat.nr_dirty_threshold": [
    367964,
    367719,
    367569,
    367547,
    367562,
    367537,
    367544,
    367575,
    367606,
    367579,
    367577
  ],
  "proc-vmstat.nr_dirty_background_threshold": [
    91991,
    91929,
    91892,
    91886,
    91890,
    91884,
    91886,
    91893,
    91901,
    91894,
    91894
  ],
  "proc-vmstat.pgpgin": [
    815274,
    815274,
    815330,
    815330,
    815330,
    815330,
    815330,
    815330,
    815330,
    815330,
    815330
  ],
  "proc-vmstat.pgpgout": [
    2800264,
    2800388,
    2800508,
    2800512,
    2800516,
    2800792,
    2801304,
    2801344,
    2801348,
    2801352,
    2801444
  ],
  "proc-vmstat.pgalloc_dma32": [
    1362972,
    1367114,
    1368494,
    1369061,
    1369547,
    1370015,
    1370520,
    1370899,
    1371533,
    1371880,
    1372596
  ],
  "proc-vmstat.pgalloc_normal": [
    2725771,
    2733948,
    2736663,
    2737653,
    2738618,
    2739785,
    2740670,
    2741676,
    2742601,
    2743635,
    2744791
  ],
  "proc-vmstat.pgfree": [
    5560942,
    5571708,
    5575329,
    5576869,
    5578287,
    5579896,
    5581274,
    5582921,
    5584507,
    5585871,
    5587740
  ],
  "proc-vmstat.pgactivate": [
    409951,
    409970,
    410066,
    410067,
    410067,
    410070,
    410071,
    410071,
    410073,
    410074,
    410076
  ],
  "proc-vmstat.pgfault": [
    5085085,
    5100072,
    5111812,
    5113809,
    5115584,
    5117689,
    5119371,
    5121047,
    5123045,
    5124720,
    5127115
  ],
  "proc-vmstat.pgmajfault": [
    5209,
    5209,
    5212,
    5212,
    5212,
    5212,
    5212,
    5212,
    5212,
    5212,
    5212
  ],
  "proc-vmstat.pageoutrun": [
    1,
    1,
    1,
    1,
    1,
    1,
    1,
    1,
    1,
    1,
    1
  ],
  "proc-vmstat.pgrotated": [
    4,
    4,
    4,
    4,
    4,
    4,
    4,
    4,
    4,
    4,
    4
  ]
}