{
  "meminfo.time": [
    1481196794.0442226,
    1481196795.0494385,
    1481196796.0530944,
    1481196797.054948,
    1481196798.0578964,
    1481196799.0622756,
    1481196800.0672522,
    1481196801.0723565,
    1481196802.077454,
    1481196803.0825336,
    1481196804.0874376,
    1481196805.09228
  ],
  "meminfo.MemTotal": [
    16317260,
    16317260,
    16317260,
    16317260,
    16317260,
    16317260,
    16317260,
    16317260,
    16317260,
    16317260,
    16317260,
    16317260
  ],
  "meminfo.MemFree": [
    14643292,
    14636888,
    14609480,
    14609592,
    14606604,
    14615072,
    14607980,
    14608472,
    14608108,
    14607828,
    14608204,
    14609048
  ],
  "meminfo.MemAvailable": [
    15813652,
    15808132,
    15781228,
    15781344,
    15778360,
    15786876,
    15779880,
    15780380,
    15780016,
    15779752,
    15780164,
    15781008
  ],
  "meminfo.Buffers": [
    31912,
    31916,
    31956,
    31956,
    31968,
    32000,
    32000,
    32004,
    32012,
    32028,
    32028,
    32028
  ],
  "meminfo.Cached": [
    1304068,
    1304472,
    1317224,
    1317224,
    1317212,
    1309104,
    1316912,
    1317224,
    1317224,
    1317216,
    1316836,
    1316744
  ],
  "meminfo.Active": [
    955772,
    961256,
    985152,
    984784,
    988516,
    986576,
    986700,
    986656,
    986620,
    986708,
    986400,
    986204
  ],
  "meminfo.Inactive": [
    584560,
    584796,
    584588,
    584588,
    584588,
    576228,
    584300,
    584584,
    584584,
    584584,
    584324,
    584100
  ],
  "meminfo.Active(anon)": [
    207460,
    212356,
    223256,
    222884,
    226616,
    224632,
    224752,
    224704,
    224668,
    224740,
    224424,
    224224
  ],
  "meminfo.Inactive(anon)": [
    103144,
    103144,
    115480,
    115480,
    115480,
    107120,
    115108,
    115392,
    115392,
    115392,
    115132,
    114912
  ],
  "meminfo.Active(file)": [
    748312,
    748900,
    761896,
    761900,
    761900,
    761944,
    761948,
    761952,
    761952,
    761968,
    761976,
    761980
  ],
  "meminfo.Inactive(file)": [
    481416,
    481652,
    469108,
    469108,
    469108,
    469108,
    469192,
    469192,
    469192,
    469192,
    469192,
    469188
  ],
  "meminfo.Dirty": [
    2496,
    2664,
    196,
    196,
    584,
    752,
    752,
    0,
    56,
    56,
    112,
    112
  ],
  "meminfo.AnonPages": [
    204668,
    209964,
    220520,
    220276,
    223956,
    221968,
    221832,
    222048,
    222068,
    222092,
    221784,
    221572
  ],
  "meminfo.Mapped": [
    251504,
    254308,
    267580,
    267584,
    267592,
    260296,
    268124,
    267832,
    267844,
    267832,
    267880,
    267572
  ],
  "meminfo.Shmem": [
    105848,
    105848,
    118184,
    118184,
    118184,
    110064,
    117784,
    118096,
    118096,
    118096,
    117708,
    117616
  ],
  "meminfo.Slab": [
    89272,
    89644,
    89980,
    90012,
    89916,
    89928,
    89948,
    89968,
    89860,
    89864,
    89884,
    89900
  ],
  "meminfo.SReclaimable": [
    58528,
    58644,
    58748,
    58752,
    58756,
    58768,
    58780,
    58792,
    58792,
    58792,
    58844,
    58844
  ],
  "meminfo.SUnreclaim": [
    30744,
    31000,
    31232,
    31260,
    31160,
    31160,
    31168,
    31176,
    31068,
    31072,
    31040,
    31056
  ],
  "meminfo.KernelStack": [
    10336,
    10928,
    11552,
    11552,
    11552,
    11568,
    11520,
    11520,
    11520,
    11520,
    11520,
    11520
  ],
  "meminfo.PageTables": [
    10812,
    11052,
    11904,
    11908,
    11908,
    11912,
    11904,
    11920,
    11924,
    11924,
    11920,
    11936
  ],
  "meminfo.CommitLimit": [
    8158628,
    8158628,
    8158628,
    8158628,
    8158628,
    8158628,
    8158628,
    8158628,
    8158628,
    8158628,
    8158628,
    8158628
  ],
  "meminfo.Committed_AS": [
    26828860,
    26868912,
    28186788,
    28176552,
    28162792,
    28157228,
    28174448,
    28191804,
    28188060,
    28178092,
    28191988,
    28182928
  ],
  "meminfo.VmallocTotal": [
    34359738367,
    34359738367,
    34359738367,
    34359738367,
    34359738367,
    34359738367,
    34359738367,
    34359738367,
    34359738367,
    34359738367,
    34359738367,
    34359738367
  ],
  "meminfo.DirectMap4k": [
    20060,
    20060,
    20060,
    20060,
    20060,
    20060,
    20060,
    20060,
    20060,
    20060,
    20060,
    20060
  ],
  "meminfo.DirectMap2M": [
    1951744,
    1951744,
    1951744,
    1951744,
    1951744,
    1951744,
    1951744,
    1951744,
    1951744,
    1951744,
    1951744,
    1951744
  ],
  "meminfo.DirectMap1G": [
    14680064,
    14680064,
    14680064,
    14680064,
    14680064,
    14680064,
    14680064,
    14680064,
    14680064,
    14680064,
    14680064,
    14680064
  ]
}