{
  "proc-vmstat.time": [
    1481196794.0231001,
    1481196795.027593,
    1481196796.0315185,
    1481196797.033466,
    1481196798.0352829,
    1481196799.0386112,
    1481196800.0438066,
    1481196801.0490887,
    1481196802.0545192,
    1481196803.059844,
    1481196804.0649068,
    1481196805.070043
  ],
  "proc-vmstat.nr_free_pages": [
    3660976,
    3659294,
    3652436,
    3652305,
    3652305,
    3653768,
    3652004,
    3652004,
    3652101,
    3652101,
    3651986,
    3652262
  ],
  "proc-vmstat.nr_alloc_batch": [
    365,
    135,
    51,
    165,
    165,
    881,
    360,
    1010,
    1010,
    401,
    618,
    66
  ],
  "proc-vmstat.nr_inactive_anon": [
    25786,
    25786,
    28870,
    28870,
    28870,
    26780,
    28777,
    28848,
    28848,
    28848,
    28783,
    28728
  ],
  "proc-vmstat.nr_active_anon": [
    51686,
    53089,
    55814,
    55786,
    55792,
    56093,
    56188,
    56176,
    56167,
    56185,
    56106,
    56056
  ],
  "proc-vmstat.nr_inactive_file": [
    120354,
    120413,
    117277,
    117277,
    117277,
    117277,
    117298,
    117298,
    117298,
    117298,
    117298,
    117297
  ],
  "proc-vmstat.nr_active_file": [
    187078,
    187225,
    190474,
    190475,
    190475,
    190486,
    190487,
    190488,
    190488,
    190492,
    190494,
    190495
  ],
  "proc-vmstat.nr_anon_pages": [
    51037,
    52426,
    55146,
    55134,
    55127,
    55427,
    55523,
    55512,
    55517,
    55523,
    55446,
    55393
  ],
  "proc-vmstat.nr_mapped": [
    62779,
    63577,
    66895,
    66896,
    66898,
    65074,
    66934,
    66958,
    66961,
    66958,
    66970,
    66893
  ],
  "proc-vmstat.nr_file_pages": [
    333995,
    334097,
    337295,
    337295,
    337295,
    335276,
    337228,
    337307,
    337309,
    337311,
    337216,
    337193
  ],
  "proc-vmstat.nr_dirty": [
    624,
    666,
    49,
    49,
    146,
    188,
    188,
    0,
    14,
    14,
    28,
    28
  ],
  "proc-vmstat.nr_slab_reclaimable": [
    14632,
    14661,
    14687,
    14688,
    14689,
    14692,
    14695,
    14698,
    14698,
    14698,
    14711,
    14711
  ],
  "proc-vmstat.nr_slab_unreclaimable": [
    7686,
    7750,
    7808,
    7815,
    7790,
    7790,
    7792,
    7794,
    7767,
    7768,
    7760,
    7764
  ],
  "proc-vmstat.nr_page_table_pages": [
    2509,
    2763,
    2976,
    2977,
    2977,
    2978,
    2976,
    2980,
    2981,
    2981,
    2980,
    2984
  ],
  "proc-vmstat.nr_kernel_stack": [
    646,
    683,
    722,
    722,
    722,
    723,
    720,
    720,
    720,
    720,
    720,
    720
  ],
  "proc-vmstat.nr_shmem": [
    26462,
    26462,
    29546,
    29546,
    29546,
    27516,
    29446,
    29524,
    29524,
    29524,
    29427,
    29404
  ],
  "proc-vmstat.nr_dirtied": [
    196925,
    196969,
    197018,
    197019,
    197117,
    197162,
    197165,
    197166,
    197182,
    197184,
    197199,
    197200
  ],
  "proc-vmstat.nr_written": [
    194646,
    194647,
    195313,
    195314,
    195315,
    195318,
    195321,
    195510,
    195512,
    195514,
    195515,
    195516
  ],
  "proc-vmstat.nr_dirty_threshold": [
    787712,
    787416,
    786067,
    786041,
    786041,
    786336,
    785988,
    785988,
    786007,
    786008,
    785986,
    786041
  ],
  "proc-vmstat.nr_dirty_background_threshold": [
    196928,
    196854,
    196516,
    196510,
    196510,
    196584,
    196497,
    196497,
    196501,
    196502,
    196496,
    196510
  ],
  "proc-vmstat.pgpgin": [
    673011,
    673151,
    673419,
    673419,
    673419,
    673503,
    673503,
    673503,
    673503,
    673503,
    673503,
    673503
  ],
  "proc-vmstat.pgpgout": [
    803876,
    803880,
    806668,
    806672,
    807192,
    807392,
    807396,
    808072,
    808136,
    808256,
    808260,
    808264
  ],
  "proc-vmstat.pgalloc_dma": [
    1,
    1,
    1,
    1,
    1,
    1,
    1,
    1,
    1,
    1,
    1,
    1
  ],
  "proc-vmstat.pgalloc_dma32": [
    210639,
    212956,
    219839,
    227434,
    235095,
    241573,
    242004,
    242351,
    242564,
    242841,
    243027,
    243269
  ],
  "proc-vmstat.pgalloc_normal": [
    1266512,
    1280714,
    1323425,
    1370692,
    1418048,
    1457329,
    1460479,
    1461636,
    1462935,
    1464335,
    1466261,
    1467518
  ],
  "proc-vmstat.pgfree": [
    5140110,
    5154517,
    5197892,
    5252769,
    5307773,
    5355211,
    5356705,
    5358250,
    5359744,
    5361429,
    5363769,
    5365288
  ],
  "proc-vmstat.pgactivate": [
    99519,
    99569,
    102774,
    102775,
    102776,
    102778,
    102778,
    102779,
    102780,
    102781,
    102783,
    102784
  ],
  "proc-vmstat.pgfault": [
    1351719,
    1375268,
    1443059,
    1498419,
    1554071,
    1601104,
    1605171,
    1607295,
    1609425,
    1611851,
    1614651,
    1616757
  ],
  "proc-vmstat.pgmajfault": [
    3880,
    3883,
    3887,
    3887,
    3887,
    3888,
    3888,
    3888,
    3888,
    3888,
    3888,
    3888
  ],
  "proc-vmstat.pageoutrun": [
    1,
    1,
    1,
    1,
    1,
    1,
    1,
    1,
    1,
    1,
    1,
    1
  ],
  "proc-vmstat.pgrotated": [
    2,
    2,
    2,
    2,
    2,
    2,
    2,
    2,
    2,
    2,
    2,
    2
  ]
}