{
  "softirqs.time": [
    1481196794.080864,
    1481196805.464965
  ],
  "softirqs.CPU2.HI": [
    1,
    1
  ],
  "softirqs.CPU6.HI": [
    1,
    1
  ],
  "softirqs.HI": [
    2,
    2
  ],
  "softirqs.CPU0.TIMER": [
    179624,
    182643
  ],
  "softirqs.CPU1.TIMER": [
    173266,
    175206
  ],
  "softirqs.CPU2.TIMER": [
    171654,
    173421
  ],
  "softirqs.CPU3.TIMER": [
    165124,
    167447
  ],
  "softirqs.CPU4.TIMER": [
    104616,
    105783
  ],
  "softirqs.CPU5.TIMER": [
    86305,
    87301
  ],
  "softirqs.CPU6.TIMER": [
    111275,
    113578
  ],
  "softirqs.CPU7.TIMER": [
    98083,
    99448
  ],
  "softirqs.TIMER": [
    1089947,
    1104827
  ],
  "softirqs.CPU2.NET_TX": [
    318,
    320
  ],
  "softirqs.NET_TX": [
    318,
    320
  ],
  "softirqs.CPU0.NET_RX": [
    170641,
    170702
  ],
  "softirqs.CPU1.NET_RX": [
    14758,
    14788
  ],
  "softirqs.CPU2.NET_RX": [
    13169,
    13195
  ],
  "softirqs.CPU3.NET_RX": [
    11942,
    11955
  ],
  "softirqs.CPU4.NET_RX": [
    62929,
    62938
  ],
  "softirqs.CPU5.NET_RX": [
    19297,
    19310
  ],
  "softirqs.CPU6.NET_RX": [
    18841,
    18857
  ],
  "softirqs.CPU7.NET_RX": [
    16908,
    16919
  ],
  "softirqs.NET_RX": [
    328485,
    328664
  ],
  "softirqs.CPU0.BLOCK": [
    13206,
    13344
  ],
  "softirqs.CPU1.BLOCK": [
    2166,
    2180
  ],
  "softirqs.CPU2.BLOCK": [
    1581,
    1619
  ],
  "softirqs.CPU3.BLOCK": [
    1030,
    1037
  ],
  "softirqs.CPU4.BLOCK": [
    4618,
    4662
  ],
  "softirqs.CPU5.BLOCK": [
    1799,
    1808
  ],
  "softirqs.CPU6.BLOCK": [
    1560,
    1568
  ],
  "softirqs.CPU7.BLOCK": [
    1008,
    1013
  ],
  "softirqs.BLOCK": [
    26968,
    27231
  ],
  "softirqs.CPU0.TASKLET": [
    1312,
    1312
  ],
  "softirqs.CPU1.TASKLET": [
    24,
    24
  ],
  "softirqs.CPU2.TASKLET": [
    117,
    117
  ],
  "softirqs.CPU3.TASKLET": [
    15,
    15
  ],
  "softirqs.CPU4.TASKLET": [
    8,
    8
  ],
  "softirqs.CPU5.TASKLET": [
    32,
    32
  ],
  "softirqs.CPU6.TASKLET": [
    131,
    131
  ],
  "softirqs.CPU7.TASKLET": [
    32,
    32
  ],
  "softirqs.TASKLET": [
    1671,
    1671
  ],
  "softirqs.CPU0.SCHED": [
    71667,
    72777
  ],
  "softirqs.CPU1.SCHED": [
    61528,
    62233
  ],
  "softirqs.CPU2.SCHED": [
    61073,
    61757
  ],
  "softirqs.CPU3.SCHED": [
    58562,
    59409
  ],
  "softirqs.CPU4.SCHED": [
    36602,
    37078
  ],
  "softirqs.CPU5.SCHED": [
    30885,
    31231
  ],
  "softirqs.CPU6.SCHED": [
    38112,
    38659
  ],
  "softirqs.CPU7.SCHED": [
    34598,
    35032
  ],
  "softirqs.SCHED": [
    393027,
    398176
  ],
  "softirqs.CPU0.RCU": [
    122460,
    124481
  ],
  "softirqs.CPU1.RCU": [
    112325,
    113711
  ],
  "softirqs.CPU2.RCU": [
    113753,
    115806
  ],
  "softirqs.CPU3.RCU": [
    111124,
    112879
  ],
  "softirqs.CPU4.RCU": [
    70414,
    71373
  ],
  "softirqs.CPU5.RCU": [
    59193,
    59998
  ],
  "softirqs.CPU6.RCU": [
    72989,
    74796
  ],
  "softirqs.CPU7.RCU": [
    64380,
    65430
  ],
  "softirqs.RCU": [
    726638,
    738474
  ]
}