{
  "softirqs.time": [
    1480524184.5565705,
    1480524195.9344301
  ],
  "softirqs.CPU3.HI": [
    1,
    1
  ],
  "softirqs.CPU7.HI": [
    1,
    1
  ],
  "softirqs.HI": [
    2,
    2
  ],
  "softirqs.CPU0.TIMER": [
    73044,
    73861
  ],
  "softirqs.CPU1.TIMER": [
    70400,
    71317
  ],
  "softirqs.CPU2.TIMER": [
    68599,
    69294
  ],
  "softirqs.CPU3.TIMER": [
    78005,
    78920
  ],
  "softirqs.CPU4.TIMER": [
    48600,
    49285
  ],
  "softirqs.CPU5.TIMER": [
    55061,
    55612
  ],
  "softirqs.CPU6.TIMER": [
    39814,
    40440
  ],
  "softirqs.CPU7.TIMER": [
    39360,
    40055
  ],
  "softirqs.TIMER": [
    472883,
    478784
  ],
  "softirqs.CPU4.NET_TX": [
    562,
    564
  ],
  "softirqs.NET_TX": [
    562,
    564
  ],
  "softirqs.CPU0.NET_RX": [
    195865,
    195915
  ],
  "softirqs.CPU1.NET_RX": [
    29959,
    29987
  ],
  "softirqs.CPU2.NET_RX": [
    25261,
    25303
  ],
  "softirqs.CPU3.NET_RX": [
    15262,
    15284
  ],
  "softirqs.CPU4.NET_RX": [
    184607,
    184622
  ],
  "softirqs.CPU5.NET_RX": [
    28561,
    28572
  ],
  "softirqs.CPU6.NET_RX": [
    25294,
    25306
  ],
  "softirqs.CPU7.NET_RX": [
    19375,
    19384
  ],
  "softirqs.NET_RX": [
    524184,
    524373
  ],
  "softirqs.CPU0.BLOCK": [
    17684,
    17768
  ],
  "softirqs.CPU1.BLOCK": [
    1740,
    1742
  ],
  "softirqs.CPU2.BLOCK": [
    1284,
    1291
  ],
  "softirqs.CPU3.BLOCK": [
    1311,
    1316
  ],
  "softirqs.CPU4.BLOCK": [
    5570,
    5591
  ],
  "softirqs.CPU5.BLOCK": [
    1488,
    1491
  ],
  "softirqs.CPU6.BLOCK": [
    1244,
    1250
  ],
  "softirqs.CPU7.BLOCK": [
    820,
    823
  ],
  "softirqs.BLOCK": [
    31141,
    31272
  ],
  "softirqs.CPU0.TASKLET": [
    63,
    63
  ],
  "softirqs.CPU1.TASKLET": [
    10,
    10
  ],
  "softirqs.CPU2.TASKLET": [
    4,
    4
  ],
  "softirqs.CPU3.TASKLET": [
    110,
    110
  ],
  "softirqs.CPU4.TASKLET": [
    3,
    3
  ],
  "softirqs.CPU5.TASKLET": [
    4,
    4
  ],
  "softirqs.CPU6.TASKLET": [
    7,
    7
  ],
  "softirqs.CPU7.TASKLET": [
    30,
    30
  ],
  "softirqs.TASKLET": [
    231,
    231
  ],
  "softirqs.CPU0.SCHED": [
    31870,
    32168
  ],
  "softirqs.CPU1.SCHED": [
    29391,
    29716
  ],
  "softirqs.CPU2.SCHED": [
    27970,
    28216
  ],
  "softirqs.CPU3.SCHED": [
    29850,
    30159
  ],
  "softirqs.CPU4.SCHED": [
    19935,
    20173
  ],
  "softirqs.CPU5.SCHED": [
    19302,
    19487
  ],
  "softirqs.CPU6.SCHED": [
    11463,
    11672
  ],
  "softirqs.CPU7.SCHED": [
    14777,
    15039
  ],
  "softirqs.SCHED": [
    184558,
    186630
  ],
  "softirqs.CPU0.RCU": [
    53761,
    54354
  ],
  "softirqs.CPU1.RCU": [
    50305,
    51022
  ],
  "softirqs.CPU2.RCU": [
    47353,
    47856
  ],
  "softirqs.CPU3.RCU": [
    53405,
    54076
  ],
  "softirqs.CPU4.RCU": [
    33854,
    34350
  ],
  "softirqs.CPU5.RCU": [
    40448,
    40878
  ],
  "softirqs.CPU6.RCU": [
    19860,
    20318
  ],
  "softirqs.CPU7.RCU": [
    28172,
    28685
  ],
  "softirqs.RCU": [
    327158,
    331539
  ]
}