{
  "softirqs.time": [
    1478275498.4857078,
    1478275753.8623483
  ],
  "softirqs.CPU2.HI": [
    1,
    1
  ],
  "softirqs.CPU3.HI": [
    1,
    1
  ],
  "softirqs.HI": [
    2,
    2
  ],
  "softirqs.CPU0.TIMER": [
    100635,
    114269
  ],
  "softirqs.CPU1.TIMER": [
    87495,
    100403
  ],
  "softirqs.CPU2.TIMER": [
    89587,
    94826
  ],
  "softirqs.CPU3.TIMER": [
    80674,
    93644
  ],
  "softirqs.CPU4.TIMER": [
    76032,
    86051
  ],
  "softirqs.CPU5.TIMER": [
    71493,
    81416
  ],
  "softirqs.CPU6.TIMER": [
    70991,
    325466
  ],
  "softirqs.CPU7.TIMER": [
    70058,
    80576
  ],
  "softirqs.TIMER": [
    646965,
    976651
  ],
  "softirqs.CPU4.NET_TX": [
    223,
    266
  ],
  "softirqs.NET_TX": [
    223,
    266
  ],
  "softirqs.CPU0.NET_RX": [
    26299,
    26303
  ],
  "softirqs.CPU1.NET_RX": [
    3559,
    3561
  ],
  "softirqs.CPU2.NET_RX": [
    2056,
    2078
  ],
  "softirqs.CPU3.NET_RX": [
    2199,
    2200
  ],
  "softirqs.CPU4.NET_RX": [
    11982,
    11986
  ],
  "softirqs.CPU5.NET_RX": [
    2574,
    2576
  ],
  "softirqs.CPU6.NET_RX": [
    2842,
    2842
  ],
  "softirqs.CPU7.NET_RX": [
    1683,
    1684
  ],
  "softirqs.NET_RX": [
    53194,
    53230
  ],
  "softirqs.CPU0.BLOCK": [
    13435,
    13471
  ],
  "softirqs.CPU1.BLOCK": [
    2101,
    2131
  ],
  "softirqs.CPU2.BLOCK": [
    918,
    1716
  ],
  "softirqs.CPU3.BLOCK": [
    816,
    835
  ],
  "softirqs.CPU4.BLOCK": [
    3769,
    3796
  ],
  "softirqs.CPU5.BLOCK": [
    1242,
    1254
  ],
  "softirqs.CPU6.BLOCK": [
    821,
    821
  ],
  "softirqs.CPU7.BLOCK": [
    670,
    681
  ],
  "softirqs.BLOCK": [
    23772,
    24705
  ],
  "softirqs.CPU0.TASKLET": [
    1810,
    1811
  ],
  "softirqs.CPU1.TASKLET": [
    55,
    55
  ],
  "softirqs.CPU2.TASKLET": [
    133,
    133
  ],
  "softirqs.CPU3.TASKLET": [
    42,
    42
  ],
  "softirqs.CPU4.TASKLET": [
    579,
    579
  ],
  "softirqs.CPU5.TASKLET": [
    17,
    17
  ],
  "softirqs.CPU6.TASKLET": [
    18,
    18
  ],
  "softirqs.CPU7.TASKLET": [
    20,
    20
  ],
  "softirqs.TASKLET": [
    2674,
    2675
  ],
  "softirqs.CPU0.SCHED": [
    23842,
    29508
  ],
  "softirqs.CPU1.SCHED": [
    15258,
    19630
  ],
  "softirqs.CPU2.SCHED": [
    15129,
    17102
  ],
  "softirqs.CPU3.SCHED": [
    13677,
    18149
  ],
  "softirqs.CPU4.SCHED": [
    10680,
    14149
  ],
  "softirqs.CPU5.SCHED": [
    9035,
    12405
  ],
  "softirqs.CPU6.SCHED": [
    8357,
    10370
  ],
  "softirqs.CPU7.SCHED": [
    8330,
    11902
  ],
  "softirqs.SCHED": [
    104308,
    133215
  ],
  "softirqs.CPU0.RCU": [
    38267,
    48845
  ],
  "softirqs.CPU1.RCU": [
    34204,
    44634
  ],
  "softirqs.CPU2.RCU": [
    32163,
    35865
  ],
  "softirqs.CPU3.RCU": [
    27903,
    38374
  ],
  "softirqs.CPU4.RCU": [
    24817,
    32894
  ],
  "softirqs.CPU5.RCU": [
    21111,
    29069
  ],
  "softirqs.CPU6.RCU": [
    19765,
    34350
  ],
  "softirqs.CPU7.RCU": [
    20217,
    28714
  ],
  "softirqs.RCU": [
    218447,
    292745
  ]
}