{
  "interrupts.time": [
    1478789398.736412,
    1478789399.6744757
  ],
  "interrupts.CPU0.0:IO-APIC.2-edge.timer": [
    37,
    37
  ],
  "interrupts.0:IO-APIC.2-edge.timer": [
    37,
    37
  ],
  "interrupts.CPU2.1:IO-APIC.1-edge.i8042": [
    1,
    1
  ],
  "interrupts.CPU4.1:IO-APIC.1-edge.i8042": [
    1,
    1
  ],
  "interrupts.1:IO-APIC.1-edge.i8042": [
    2,
    2
  ],
  "interrupts.CPU0.8:IO-APIC.8-edge.rtc0": [
    1,
    1
  ],
  "interrupts.8:IO-APIC.8-edge.rtc0": [
    1,
    1
  ],
  "interrupts.CPU0.9:IO-APIC.9-fasteoi.acpi": [
    2,
    2
  ],
  "interrupts.CPU2.9:IO-APIC.9-fasteoi.acpi": [
    1,
    1
  ],
  "interrupts.9:IO-APIC.9-fasteoi.acpi": [
    3,
    3
  ],
  "interrupts.CPU0.12:IO-APIC.12-edge.i8042": [
    1,
    1
  ],
  "interrupts.CPU2.12:IO-APIC.12-edge.i8042": [
    2,
    2
  ],
  "interrupts.CPU3.12:IO-APIC.12-edge.i8042": [
    1,
    1
  ],
  "interrupts.12:IO-APIC.12-edge.i8042": [
    4,
    4
  ],
  "interrupts.CPU0.120:PCI-MSI.376832-edge.0000:00:17.0": [
    17171,
    17180
  ],
  "interrupts.CPU1.120:PCI-MSI.376832-edge.0000:00:17.0": [
    2729,
    2729
  ],
  "interrupts.CPU2.120:PCI-MSI.376832-edge.0000:00:17.0": [
    1498,
    1498
  ],
  "interrupts.CPU3.120:PCI-MSI.376832-edge.0000:00:17.0": [
    978,
    978
  ],
  "interrupts.CPU4.120:PCI-MSI.376832-edge.0000:00:17.0": [
    7458,
    7460
  ],
  "interrupts.CPU5.120:PCI-MSI.376832-edge.0000:00:17.0": [
    3267,
    3268
  ],
  "interrupts.CPU6.120:PCI-MSI.376832-edge.0000:00:17.0": [
    2771,
    2771
  ],
  "interrupts.CPU7.120:PCI-MSI.376832-edge.0000:00:17.0": [
    952,
    953
  ],
  "interrupts.120:PCI-MSI.376832-edge.0000:00:17.0": [
    36824,
    36837
  ],
  "interrupts.CPU0.121:PCI-MSI.327680-edge.xhci_hcd": [
    261,
    261
  ],
  "interrupts.CPU1.121:PCI-MSI.327680-edge.xhci_hcd": [
    81,
    81
  ],
  "interrupts.CPU2.121:PCI-MSI.327680-edge.xhci_hcd": [
    48,
    48
  ],
  "interrupts.CPU3.121:PCI-MSI.327680-edge.xhci_hcd": [
    18,
    18
  ],
  "interrupts.CPU4.121:PCI-MSI.327680-edge.xhci_hcd": [
    118,
    118
  ],
  "interrupts.CPU5.121:PCI-MSI.327680-edge.xhci_hcd": [
    75,
    75
  ],
  "interrupts.CPU6.121:PCI-MSI.327680-edge.xhci_hcd": [
    71,
    71
  ],
  "interrupts.CPU7.121:PCI-MSI.327680-edge.xhci_hcd": [
    30,
    30
  ],
  "interrupts.121:PCI-MSI.327680-edge.xhci_hcd": [
    702,
    702
  ],
  "interrupts.CPU0.122:PCI-MSI.32768-edge.i915": [
    2481,
    2481
  ],
  "interrupts.CPU1.122:PCI-MSI.32768-edge.i915": [
    642,
    642
  ],
  "interrupts.CPU2.122:PCI-MSI.32768-edge.i915": [
    721,
    721
  ],
  "interrupts.CPU3.122:PCI-MSI.32768-edge.i915": [
    382,
    382
  ],
  "interrupts.CPU4.122:PCI-MSI.32768-edge.i915": [
    1173,
    1173
  ],
  "interrupts.CPU5.122:PCI-MSI.32768-edge.i915": [
    617,
    617
  ],
  "interrupts.CPU6.122:PCI-MSI.32768-edge.i915": [
    530,
    530
  ],
  "interrupts.CPU7.122:PCI-MSI.32768-edge.i915": [
    341,
    341
  ],
  "interrupts.122:PCI-MSI.32768-edge.i915": [
    6887,
    6887
  ],
  "interrupts.CPU0.123:PCI-MSI.514048-edge.snd_hda_intel": [
    244,
    244
  ],
  "interrupts.CPU1.123:PCI-MSI.514048-edge.snd_hda_intel": [
    121,
    121
  ],
  "interrupts.CPU2.123:PCI-MSI.514048-edge.snd_hda_intel": [
    467,
    467
  ],
  "interrupts.CPU3.123:PCI-MSI.514048-edge.snd_hda_intel": [
    17,
    17
  ],
  "interrupts.CPU4.123:PCI-MSI.514048-edge.snd_hda_intel": [
    393,
    393
  ],
  "interrupts.CPU5.123:PCI-MSI.514048-edge.snd_hda_intel": [
    62,
    62
  ],
  "interrupts.CPU6.123:PCI-MSI.514048-edge.snd_hda_intel": [
    13,
    13
  ],
  "interrupts.CPU7.123:PCI-MSI.514048-edge.snd_hda_intel": [
    11,
    11
  ],
  "interrupts.123:PCI-MSI.514048-edge.snd_hda_intel": [
    1328,
    1328
  ],
  "interrupts.CPU0.124:PCI-MSI.2097152-edge.eth0": [
    13024,
    13027
  ],
  "interrupts.CPU1.124:PCI-MSI.2097152-edge.eth0": [
    2039,
    2041
  ],
  "interrupts.CPU2.124:PCI-MSI.2097152-edge.eth0": [
    1429,
    1433
  ],
  "interrupts.CPU3.124:PCI-MSI.2097152-edge.eth0": [
    1283,
    1284
  ],
  "interrupts.CPU4.124:PCI-MSI.2097152-edge.eth0": [
    10474,
    10475
  ],
  "interrupts.CPU5.124:PCI-MSI.2097152-edge.eth0": [
    2286,
    2286
  ],
  "interrupts.CPU6.124:PCI-MSI.2097152-edge.eth0": [
    1724,
    1724
  ],
  "interrupts.CPU7.124:PCI-MSI.2097152-edge.eth0": [
    1452,
    1453
  ],
  "interrupts.124:PCI-MSI.2097152-edge.eth0": [
    33711,
    33723
  ],
  "interrupts.CPU0.NMI:Non-maskable_interrupts": [
    1,
    1
  ],
  "interrupts.CPU1.NMI:Non-maskable_interrupts": [
    1,
    1
  ],
  "interrupts.CPU5.NMI:Non-maskable_interrupts": [
    1,
    1
  ],
  "interrupts.NMI:Non-maskable_interrupts": [
    3,
    3
  ],
  "interrupts.CPU0.LOC:Local_timer_interrupts": [
    197806,
    197936
  ],
  "interrupts.CPU1.LOC:Local_timer_interrupts": [
    168357,
    168430
  ],
  "interrupts.CPU2.LOC:Local_timer_interrupts": [
    164768,
    164906
  ],
  "interrupts.CPU3.LOC:Local_timer_interrupts": [
    224733,
    224855
  ],
  "interrupts.CPU4.LOC:Local_timer_interrupts": [
    90930,
    91023
  ],
  "interrupts.CPU5.LOC:Local_timer_interrupts": [
    123627,
    123723
  ],
  "interrupts.CPU6.LOC:Local_timer_interrupts": [
    80651,
    80757
  ],
  "interrupts.CPU7.LOC:Local_timer_interrupts": [
    112655,
    112715
  ],
  "interrupts.LOC:Local_timer_interrupts": [
    1163527,
    1164345
  ],
  "interrupts.CPU0.PMI:Performance_monitoring_interrupts": [
    1,
    1
  ],
  "interrupts.CPU1.PMI:Performance_monitoring_interrupts": [
    1,
    1
  ],
  "interrupts.CPU5.PMI:Performance_monitoring_interrupts": [
    1,
    1
  ],
  "interrupts.PMI:Performance_monitoring_interrupts": [
    3,
    3
  ],
  "interrupts.CPU0.RTR:APIC_ICR_read_retries": [
    7,
    7
  ],
  "interrupts.RTR:APIC_ICR_read_retries": [
    7,
    7
  ],
  "interrupts.CPU0.RES:Rescheduling_interrupts": [
    1933,
    1941
  ],
  "interrupts.CPU1.RES:Rescheduling_interrupts": [
    2523,
    2525
  ],
  "interrupts.CPU2.RES:Rescheduling_interrupts": [
    1898,
    1906
  ],
  "interrupts.CPU3.RES:Rescheduling_interrupts": [
    2689,
    2697
  ],
  "interrupts.CPU4.RES:Rescheduling_interrupts": [
    1041,
    1047
  ],
  "interrupts.CPU5.RES:Rescheduling_interrupts": [
    1244,
    1248
  ],
  "interrupts.CPU6.RES:Rescheduling_interrupts": [
    332,
    333
  ],
  "interrupts.CPU7.RES:Rescheduling_interrupts": [
    443,
    446
  ],
  "interrupts.RES:Rescheduling_interrupts": [
    12103,
    12143
  ],
  "interrupts.CPU0.CAL:Function_call_interrupts": [
    191,
    191
  ],
  "interrupts.CPU1.CAL:Function_call_interrupts": [
    177,
    177
  ],
  "interrupts.CPU2.CAL:Function_call_interrupts": [
    198,
    198
  ],
  "interrupts.CPU3.CAL:Function_call_interrupts": [
    176,
    176
  ],
  "interrupts.CPU4.CAL:Function_call_interrupts": [
    194,
    194
  ],
  "interrupts.CPU5.CAL:Function_call_interrupts": [
    214,
    214
  ],
  "interrupts.CPU6.CAL:Function_call_interrupts": [
    218,
    218
  ],
  "interrupts.CPU7.CAL:Function_call_interrupts": [
    214,
    214
  ],
  "interrupts.CAL:Function_call_interrupts": [
    1582,
    1582
  ],
  "interrupts.CPU0.TLB:TLB_shootdowns": [
    1687,
    1688
  ],
  "interrupts.CPU1.TLB:TLB_shootdowns": [
    1558,
    1559
  ],
  "interrupts.CPU2.TLB:TLB_shootdowns": [
    1804,
    1807
  ],
  "interrupts.CPU3.TLB:TLB_shootdowns": [
    1529,
    1534
  ],
  "interrupts.CPU4.TLB:TLB_shootdowns": [
    1074,
    1076
  ],
  "interrupts.CPU5.TLB:TLB_shootdowns": [
    1043,
    1043
  ],
  "interrupts.CPU6.TLB:TLB_shootdowns": [
    1269,
    1270
  ],
  "interrupts.CPU7.TLB:TLB_shootdowns": [
    984,
    985
  ],
  "interrupts.TLB:TLB_shootdowns": [
    10948,
    10962
  ],
  "interrupts.CPU0.MCP:Machine_check_polls": [
    31,
    31
  ],
  "interrupts.CPU1.MCP:Machine_check_polls": [
    31,
    31
  ],