{
  "interrupts.time": [
    1478603106.7550962,
    1478603362.2242444
  ],
  "interrupts.CPU0.0:IO-APIC.2-edge.timer": [
    37,
    37
  ],
  "interrupts.0:IO-APIC.2-edge.timer": [
    37,
    37
  ],
  "interrupts.CPU2.1:IO-APIC.1-edge.i8042": [
    2,
    2
  ],
  "interrupts.1:IO-APIC.1-edge.i8042": [
    2,
    2
  ],
  "interrupts.CPU0.8:IO-APIC.8-edge.rtc0": [
    1,
    1
  ],
  "interrupts.8:IO-APIC.8-edge.rtc0": [
    1,
    1
  ],
  "interrupts.CPU4.9:IO-APIC.9-fasteoi.acpi": [
    3,
    3
  ],
  "interrupts.9:IO-APIC.9-fasteoi.acpi": [
    3,
    3
  ],
  "interrupts.CPU1.12:IO-APIC.12-edge.i8042": [
    1,
    1
  ],
  "interrupts.CPU5.12:IO-APIC.12-edge.i8042": [
    3,
    3
  ],
  "interrupts.12:IO-APIC.12-edge.i8042": [
    4,
    4
  ],
  "interrupts.CPU0.120:PCI-MSI.376832-edge.0000:00:17.0": [
    11216,
    12109
  ],
  "interrupts.CPU1.120:PCI-MSI.376832-edge.0000:00:17.0": [
    1628,
    1652
  ],
  "interrupts.CPU2.120:PCI-MSI.376832-edge.0000:00:17.0": [
    2231,
    2253
  ],
  "interrupts.CPU3.120:PCI-MSI.376832-edge.0000:00:17.0": [
    909,
    929
  ],
  "interrupts.CPU4.120:PCI-MSI.376832-edge.0000:00:17.0": [
    2952,
    2957
  ],
  "interrupts.CPU5.120:PCI-MSI.376832-edge.0000:00:17.0": [
    2014,
    2040
  ],
  "interrupts.CPU6.120:PCI-MSI.376832-edge.0000:00:17.0": [
    965,
    975
  ],
  "interrupts.CPU7.120:PCI-MSI.376832-edge.0000:00:17.0": [
    716,
    743
  ],
  "interrupts.120:PCI-MSI.376832-edge.0000:00:17.0": [
    22631,
    23658
  ],
  "interrupts.CPU0.121:PCI-MSI.327680-edge.xhci_hcd": [
    162,
    169
  ],
  "interrupts.CPU1.121:PCI-MSI.327680-edge.xhci_hcd": [
    7,
    7
  ],
  "interrupts.CPU2.121:PCI-MSI.327680-edge.xhci_hcd": [
    2,
    2
  ],
  "interrupts.CPU3.121:PCI-MSI.327680-edge.xhci_hcd": [
    5,
    5
  ],
  "interrupts.CPU4.121:PCI-MSI.327680-edge.xhci_hcd": [
    11,
    11
  ],
  "interrupts.CPU5.121:PCI-MSI.327680-edge.xhci_hcd": [
    35,
    36
  ],
  "interrupts.CPU6.121:PCI-MSI.327680-edge.xhci_hcd": [
    1,
    1
  ],
  "interrupts.CPU7.121:PCI-MSI.327680-edge.xhci_hcd": [
    14,
    14
  ],
  "interrupts.121:PCI-MSI.327680-edge.xhci_hcd": [
    237,
    245
  ],
  "interrupts.CPU0.122:PCI-MSI.32768-edge.i915": [
    1625,
    1637
  ],
  "interrupts.CPU1.122:PCI-MSI.32768-edge.i915": [
    420,
    420
  ],
  "interrupts.CPU2.122:PCI-MSI.32768-edge.i915": [
    329,
    329
  ],
  "interrupts.CPU3.122:PCI-MSI.32768-edge.i915": [
    210,
    210
  ],
  "interrupts.CPU4.122:PCI-MSI.32768-edge.i915": [
    710,
    710
  ],
  "interrupts.CPU5.122:PCI-MSI.32768-edge.i915": [
    405,
    408
  ],
  "interrupts.CPU6.122:PCI-MSI.32768-edge.i915": [
    257,
    258
  ],
  "interrupts.CPU7.122:PCI-MSI.32768-edge.i915": [
    142,
    142
  ],
  "interrupts.122:PCI-MSI.32768-edge.i915": [
    4098,
    4114
  ],
  "interrupts.CPU0.123:PCI-MSI.514048-edge.snd_hda_intel": [
    310,
    310
  ],
  "interrupts.CPU1.123:PCI-MSI.514048-edge.snd_hda_intel": [
    2,
    2
  ],
  "interrupts.CPU2.123:PCI-MSI.514048-edge.snd_hda_intel": [
    4,
    4
  ],
  "interrupts.CPU3.123:PCI-MSI.514048-edge.snd_hda_intel": [
    3,
    3
  ],
  "interrupts.CPU4.123:PCI-MSI.514048-edge.snd_hda_intel": [
    80,
    80
  ],
  "interrupts.CPU5.123:PCI-MSI.514048-edge.snd_hda_intel": [
    55,
    55
  ],
  "interrupts.CPU6.123:PCI-MSI.514048-edge.snd_hda_intel": [
    50,
    50
  ],
  "interrupts.123:PCI-MSI.514048-edge.snd_hda_intel": [
    504,
    504
  ],
  "interrupts.CPU0.124:PCI-MSI.2097152-edge.eth0": [
    23435,
    23464
  ],
  "interrupts.CPU1.124:PCI-MSI.2097152-edge.eth0": [
    1513,
    1514
  ],
  "interrupts.CPU2.124:PCI-MSI.2097152-edge.eth0": [
    833,
    834
  ],
  "interrupts.CPU3.124:PCI-MSI.2097152-edge.eth0": [
    807,
    808
  ],
  "interrupts.CPU4.124:PCI-MSI.2097152-edge.eth0": [
    4105,
    4107
  ],
  "interrupts.CPU5.124:PCI-MSI.2097152-edge.eth0": [
    1428,
    1428
  ],
  "interrupts.CPU6.124:PCI-MSI.2097152-edge.eth0": [
    1382,
    1382
  ],
  "interrupts.CPU7.124:PCI-MSI.2097152-edge.eth0": [
    1485,
    1488
  ],
  "interrupts.124:PCI-MSI.2097152-edge.eth0": [
    34988,
    35025
  ],
  "interrupts.CPU0.NMI:Non-maskable_interrupts": [
    3,
    3
  ],
  "interrupts.CPU1.NMI:Non-maskable_interrupts": [
    2,
    3
  ],
  "interrupts.CPU2.NMI:Non-maskable_interrupts": [
    2,
    2
  ],
  "interrupts.CPU3.NMI:Non-maskable_interrupts": [
    2,
    2
  ],
  "interrupts.CPU4.NMI:Non-maskable_interrupts": [
    2,
    27
  ],
  "interrupts.CPU5.NMI:Non-maskable_interrupts": [
    2,
    2
  ],
  "interrupts.CPU6.NMI:Non-maskable_interrupts": [
    2,
    2
  ],
  "interrupts.CPU7.NMI:Non-maskable_interrupts": [
    2,
    2
  ],
  "interrupts.NMI:Non-maskable_interrupts": [
    17,
    43
  ],
  "interrupts.CPU0.LOC:Local_timer_interrupts": [
    83539,
    90011
  ],
  "interrupts.CPU1.LOC:Local_timer_interrupts": [
    72058,
    86348
  ],
  "interrupts.CPU2.LOC:Local_timer_interrupts": [
    71519,
    87078
  ],
  "interrupts.CPU3.LOC:Local_timer_interrupts": [
    72599,
    86556
  ],
  "interrupts.CPU4.LOC:Local_timer_interrupts": [
    52266,
    306789
  ],
  "interrupts.CPU5.LOC:Local_timer_interrupts": [
    55546,
    68986
  ],
  "interrupts.CPU6.LOC:Local_timer_interrupts": [
    50793,
    61731
  ],
  "interrupts.CPU7.LOC:Local_timer_interrupts": [
    43444,
    54127
  ],
  "interrupts.LOC:Local_timer_interrupts": [
    501764,
    841626
  ],
  "interrupts.CPU0.PMI:Performance_monitoring_interrupts": [
    3,
    3
  ],
  "interrupts.CPU1.PMI:Performance_monitoring_interrupts": [
    2,
    3
  ],
  "interrupts.CPU2.PMI:Performance_monitoring_interrupts": [
    2,
    2
  ],
  "interrupts.CPU3.PMI:Performance_monitoring_interrupts": [
    2,
    2
  ],
  "interrupts.CPU4.PMI:Performance_monitoring_interrupts": [
    2,
    27
  ],
  "interrupts.CPU5.PMI:Performance_monitoring_interrupts": [
    2,
    2
  ],
  "interrupts.CPU6.PMI:Performance_monitoring_interrupts": [
    2,
    2
  ],
  "interrupts.CPU7.PMI:Performance_monitoring_interrupts": [
    2,
    2
  ],
  "interrupts.PMI:Performance_monitoring_interrupts": [
    17,
    43
  ],
  "interrupts.CPU0.RTR:APIC_ICR_read_retries": [
    7,
    7
  ],
  "interrupts.RTR:APIC_ICR_read_retries": [
    7,
    7
  ],
  "interrupts.CPU0.RES:Rescheduling_interrupts": [
    1652,
    1820
  ],
  "interrupts.CPU1.RES:Rescheduling_interrupts": [
    1216,
    1451
  ],
  "interrupts.CPU2.RES:Rescheduling_interrupts": [
    1647,
    1968
  ],
  "interrupts.CPU3.RES:Rescheduling_interrupts": [
    1041,
    1282
  ],
  "interrupts.CPU4.RES:Rescheduling_interrupts": [
    1536,
    1679
  ],
  "interrupts.CPU5.RES:Rescheduling_interrupts": [
    317,
    417
  ],
  "interrupts.CPU6.RES:Rescheduling_interrupts": [
    353,
    564
  ],
  "interrupts.CPU7.RES:Rescheduling_interrupts": [
    305,
    365
  ],
  "interrupts.RES:Rescheduling_interrupts": [
    8067,
    9546
  ],
  "interrupts.CPU0.CAL:Function_call_interrupts": [
    4294952931,
    4294952931
  ],
  "interrupts.CPU1.CAL:Function_call_interrupts": [
    4294952459,
    4294952459
  ],
  "interrupts.CPU2.CAL:Function_call_interrupts": [
    4294952822,
    4294952822
  ],
  "interrupts.CPU3.CAL:Function_call_interrupts": [
    4294953082,
    4294953082
  ],
  "interrupts.CPU4.CAL:Function_call_interrupts": [
    4294952876,
    4294952876
  ],
  "interrupts.CPU5.CAL:Function_call_interrupts": [
    4294952338,
    4294952338
  ],
  "interrupts.CPU6.CAL:Function_call_interrupts": [
    4294952766,
    4294952766
  ],
  "interrupts.CPU7.CAL:Function_call_interrupts": [
    4294953038,
    4294953038
  ],
  "interrupts.CAL:Function_call_interrupts": [
    34359622312,
    34359622312
  ],
  "interrupts.CPU0.TLB:TLB_shootdowns": [
    1465882,
    1465882
  ],
  "interrupts.CPU1.TLB:TLB_shootdowns": [
    1465325,
    1465365
  ],
  "interrupts.CPU2.TLB:TLB_shootdowns": [
    1466460,
    1466492
  ],