{
  "softirqs.time": [
    1478603106.76377,
    1478603362.2245128
  ],
  "softirqs.CPU1.HI": [
    1,
    1
  ],
  "softirqs.CPU5.HI": [
    1,
    1
  ],
  "softirqs.HI": [
    2,
    2
  ],
  "softirqs.CPU0.TIMER": [
    77676,
    82564
  ],
  "softirqs.CPU1.TIMER": [
    63738,
    75504
  ],
  "softirqs.CPU2.TIMER": [
    62770,
    75449
  ],
  "softirqs.CPU3.TIMER": [
    62914,
    74957
  ],
  "softirqs.CPU4.TIMER": [
    50424,
    304937
  ],
  "softirqs.CPU5.TIMER": [
    53812,
    65505
  ],
  "softirqs.CPU6.TIMER": [
    48247,
    58423
  ],
  "softirqs.CPU7.TIMER": [
    42923,
    52849
  ],
  "softirqs.TIMER": [
    462504,
    790188
  ],
  "softirqs.CPU4.NET_TX": [
    191,
    234
  ],
  "softirqs.NET_TX": [
    191,
    234
  ],
  "softirqs.CPU0.NET_RX": [
    23435,
    23464
  ],
  "softirqs.CPU1.NET_RX": [
    1513,
    1514
  ],
  "softirqs.CPU2.NET_RX": [
    833,
    834
  ],
  "softirqs.CPU3.NET_RX": [
    807,
    808
  ],
  "softirqs.CPU4.NET_RX": [
    4105,
    4107
  ],
  "softirqs.CPU5.NET_RX": [
    1428,
    1428
  ],
  "softirqs.CPU6.NET_RX": [
    1382,
    1382
  ],
  "softirqs.CPU7.NET_RX": [
    1485,
    1488
  ],
  "softirqs.NET_RX": [
    34988,
    35025
  ],
  "softirqs.CPU0.BLOCK": [
    11221,
    12114
  ],
  "softirqs.CPU1.BLOCK": [
    1635,
    1659
  ],
  "softirqs.CPU2.BLOCK": [
    2239,
    2261
  ],
  "softirqs.CPU3.BLOCK": [
    913,
    933
  ],
  "softirqs.CPU4.BLOCK": [
    2925,
    2930
  ],
  "softirqs.CPU5.BLOCK": [
    2015,
    2041
  ],
  "softirqs.CPU6.BLOCK": [
    965,
    975
  ],
  "softirqs.CPU7.BLOCK": [
    719,
    746
  ],
  "softirqs.BLOCK": [
    22632,
    23659
  ],
  "softirqs.CPU0.TASKLET": [
    1517,
    1517
  ],
  "softirqs.CPU1.TASKLET": [
    115,
    115
  ],
  "softirqs.CPU2.TASKLET": [
    9,
    9
  ],
  "softirqs.CPU3.TASKLET": [
    6,
    6
  ],
  "softirqs.CPU4.TASKLET": [
    43,
    44
  ],
  "softirqs.CPU5.TASKLET": [
    25,
    25
  ],
  "softirqs.CPU6.TASKLET": [
    6,
    6
  ],
  "softirqs.CPU7.TASKLET": [
    6,
    6
  ],
  "softirqs.TASKLET": [
    1727,
    1728
  ],
  "softirqs.CPU0.SCHED": [
    21843,
    24762
  ],
  "softirqs.CPU1.SCHED": [
    13954,
    17993
  ],
  "softirqs.CPU2.SCHED": [
    14915,
    19211
  ],
  "softirqs.CPU3.SCHED": [
    14196,
    18288
  ],
  "softirqs.CPU4.SCHED": [
    9210,
    11729
  ],
  "softirqs.CPU5.SCHED": [
    10925,
    14396
  ],
  "softirqs.CPU6.SCHED": [
    8385,
    11788
  ],
  "softirqs.CPU7.SCHED": [
    6748,
    10090
  ],
  "softirqs.SCHED": [
    100176,
    128257
  ],
  "softirqs.CPU0.RCU": [
    38807,
    42005
  ],
  "softirqs.CPU1.RCU": [
    30120,
    39409
  ],
  "softirqs.CPU2.RCU": [
    31520,
    41275
  ],
  "softirqs.CPU3.RCU": [
    28939,
    38495
  ],
  "softirqs.CPU4.RCU": [
    20992,
    35058
  ],
  "softirqs.CPU5.RCU": [
    24580,
    33781
  ],
  "softirqs.CPU6.RCU": [
    19876,
    27967
  ],
  "softirqs.CPU7.RCU": [
    16491,
    24437
  ],
  "softirqs.RCU": [
    211325,
    282427
  ]
}