{
  "ebizzy.throughput": [
    66824,
    66568,
    66547,
    66285,
    66668
  ],
  "ebizzy.throughput.per_thread.min": [
    3997,
    4014,
    4028,
    4024,
    4116
  ],
  "ebizzy.throughput.per_thread.max": [
    4538,
    4427,
    4520,
    4476,
    4247
  ],
  "ebizzy.throughput.per_thread.stddev_percent": [
    0.21515503650669426,
    0.1292980121017278,
    0.20808676977863824,
    0.1895792459877523,
    0.05808080329936624
  ],
  "ebizzy.time.real": [
    5.0,
    5.0,
    5.0,
    5.0,
    5.0
  ],
  "ebizzy.time.user": [
    9.35,
    9.35,
    9.44,
    9.36,
    9.45
  ],
  "ebizzy.time.sys": [
    30.55,
    30.57,
    30.48,
    30.55,
    30.45
  ]
}