{
  "interrupts.time": [
    1478267017.6245728,
    1478267043.6288774
  ],
  "interrupts.CPU0.0:IO-APIC.2-edge.timer": [
    37,
    37
  ],
  "interrupts.0:IO-APIC.2-edge.timer": [
    37,
    37
  ],
  "interrupts.CPU1.1:IO-APIC.1-edge.i8042": [
    1,
    1
  ],
  "interrupts.CPU6.1:IO-APIC.1-edge.i8042": [
    1,
    1
  ],
  "interrupts.1:IO-APIC.1-edge.i8042": [
    2,
    2
  ],
  "interrupts.CPU0.7:IO-APIC.7-edge": [
    26,
    26
  ],
  "interrupts.7:IO-APIC.7-edge": [
    26,
    26
  ],
  "interrupts.CPU0.8:IO-APIC.8-edge.rtc0": [
    1,
    1
  ],
  "interrupts.8:IO-APIC.8-edge.rtc0": [
    1,
    1
  ],
  "interrupts.CPU4.9:IO-APIC.9-fasteoi.acpi": [
    3,
    3
  ],
  "interrupts.9:IO-APIC.9-fasteoi.acpi": [
    3,
    3
  ],
  "interrupts.CPU0.12:IO-APIC.12-edge.i8042": [
    1,
    1
  ],
  "interrupts.CPU1.12:IO-APIC.12-edge.i8042": [
    1,
    1
  ],
  "interrupts.CPU2.12:IO-APIC.12-edge.i8042": [
    1,
    1
  ],
  "interrupts.CPU6.12:IO-APIC.12-edge.i8042": [
    1,
    1
  ],
  "interrupts.12:IO-APIC.12-edge.i8042": [
    4,
    4
  ],
  "interrupts.CPU0.120:PCI-MSI.376832-edge.0000:00:17.0": [
    21312,
    21575
  ],
  "interrupts.CPU1.120:PCI-MSI.376832-edge.0000:00:17.0": [
    2898,
    2900
  ],
  "interrupts.CPU2.120:PCI-MSI.376832-edge.0000:00:17.0": [
    1042,
    1042
  ],
  "interrupts.CPU3.120:PCI-MSI.376832-edge.0000:00:17.0": [
    1141,
    1141
  ],
  "interrupts.CPU4.120:PCI-MSI.376832-edge.0000:00:17.0": [
    4695,
    4695
  ],
  "interrupts.CPU5.120:PCI-MSI.376832-edge.0000:00:17.0": [
    3723,
    3724
  ],
  "interrupts.CPU6.120:PCI-MSI.376832-edge.0000:00:17.0": [
    2194,
    2194
  ],
  "interrupts.CPU7.120:PCI-MSI.376832-edge.0000:00:17.0": [
    1047,
    1047
  ],
  "interrupts.120:PCI-MSI.376832-edge.0000:00:17.0": [
    38052,
    38318
  ],
  "interrupts.CPU0.121:PCI-MSI.327680-edge.xhci_hcd": [
    1462,
    1462
  ],
  "interrupts.CPU1.121:PCI-MSI.327680-edge.xhci_hcd": [
    18,
    18
  ],
  "interrupts.CPU2.121:PCI-MSI.327680-edge.xhci_hcd": [
    24,
    24
  ],
  "interrupts.CPU3.121:PCI-MSI.327680-edge.xhci_hcd": [
    18,
    18
  ],
  "interrupts.CPU4.121:PCI-MSI.327680-edge.xhci_hcd": [
    31,
    31
  ],
  "interrupts.CPU5.121:PCI-MSI.327680-edge.xhci_hcd": [
    18,
    18
  ],
  "interrupts.CPU6.121:PCI-MSI.327680-edge.xhci_hcd": [
    11,
    11
  ],
  "interrupts.CPU7.121:PCI-MSI.327680-edge.xhci_hcd": [
    7,
    7
  ],
  "interrupts.121:PCI-MSI.327680-edge.xhci_hcd": [
    1589,
    1589
  ],
  "interrupts.CPU0.122:PCI-MSI.32768-edge.i915": [
    813,
    819
  ],
  "interrupts.CPU1.122:PCI-MSI.32768-edge.i915": [
    100,
    100
  ],
  "interrupts.CPU2.122:PCI-MSI.32768-edge.i915": [
    86,
    86
  ],
  "interrupts.CPU3.122:PCI-MSI.32768-edge.i915": [
    73,
    73
  ],
  "interrupts.CPU4.122:PCI-MSI.32768-edge.i915": [
    247,
    247
  ],
  "interrupts.CPU5.122:PCI-MSI.32768-edge.i915": [
    125,
    125
  ],
  "interrupts.CPU6.122:PCI-MSI.32768-edge.i915": [
    109,
    109
  ],
  "interrupts.CPU7.122:PCI-MSI.32768-edge.i915": [
    112,
    112
  ],
  "interrupts.122:PCI-MSI.32768-edge.i915": [
    1665,
    1671
  ],
  "interrupts.CPU0.123:PCI-MSI.514048-edge.snd_hda_intel": [
    2,
    2
  ],
  "interrupts.CPU1.123:PCI-MSI.514048-edge.snd_hda_intel": [
    52,
    52
  ],
  "interrupts.CPU3.123:PCI-MSI.514048-edge.snd_hda_intel": [
    284,
    284
  ],
  "interrupts.CPU4.123:PCI-MSI.514048-edge.snd_hda_intel": [
    165,
    165
  ],
  "interrupts.CPU7.123:PCI-MSI.514048-edge.snd_hda_intel": [
    1,
    1
  ],
  "interrupts.123:PCI-MSI.514048-edge.snd_hda_intel": [
    504,
    504
  ],
  "interrupts.CPU0.124:PCI-MSI.2097152-edge.eth0": [
    53568,
    53590
  ],
  "interrupts.CPU1.124:PCI-MSI.2097152-edge.eth0": [
    3990,
    3993
  ],
  "interrupts.CPU2.124:PCI-MSI.2097152-edge.eth0": [
    3530,
    3537
  ],
  "interrupts.CPU3.124:PCI-MSI.2097152-edge.eth0": [
    1845,
    1848
  ],
  "interrupts.CPU4.124:PCI-MSI.2097152-edge.eth0": [
    20103,
    20109
  ],
  "interrupts.CPU5.124:PCI-MSI.2097152-edge.eth0": [
    3763,
    3764
  ],
  "interrupts.CPU6.124:PCI-MSI.2097152-edge.eth0": [
    4336,
    4341
  ],
  "interrupts.CPU7.124:PCI-MSI.2097152-edge.eth0": [
    3466,
    3469
  ],
  "interrupts.124:PCI-MSI.2097152-edge.eth0": [
    94601,
    94651
  ],
  "interrupts.CPU0.NMI:Non-maskable_interrupts": [
    11,
    13
  ],
  "interrupts.CPU1.NMI:Non-maskable_interrupts": [
    11,
    13
  ],
  "interrupts.CPU2.NMI:Non-maskable_interrupts": [
    11,
    13
  ],
  "interrupts.CPU3.NMI:Non-maskable_interrupts": [
    10,
    13
  ],
  "interrupts.CPU4.NMI:Non-maskable_interrupts": [
    10,
    12
  ],
  "interrupts.CPU5.NMI:Non-maskable_interrupts": [
    10,
    13
  ],
  "interrupts.CPU6.NMI:Non-maskable_interrupts": [
    10,
    12
  ],
  "interrupts.CPU7.NMI:Non-maskable_interrupts": [
    10,
    13
  ],
  "interrupts.NMI:Non-maskable_interrupts": [
    83,
    102
  ],
  "interrupts.CPU0.LOC:Local_timer_interrupts": [
    251301,
    276674
  ],
  "interrupts.CPU1.LOC:Local_timer_interrupts": [
    237396,
    262645
  ],
  "interrupts.CPU2.LOC:Local_timer_interrupts": [
    262019,
    287155
  ],
  "interrupts.CPU3.LOC:Local_timer_interrupts": [
    254803,
    279935
  ],
  "interrupts.CPU4.LOC:Local_timer_interrupts": [
    201054,
    226131
  ],
  "interrupts.CPU5.LOC:Local_timer_interrupts": [
    185266,
    210347
  ],
  "interrupts.CPU6.LOC:Local_timer_interrupts": [
    165883,
    190989
  ],
  "interrupts.CPU7.LOC:Local_timer_interrupts": [
    166188,
    191277
  ],
  "interrupts.LOC:Local_timer_interrupts": [
    1723910,
    1925153
  ],
  "interrupts.CPU0.PMI:Performance_monitoring_interrupts": [
    11,
    13
  ],
  "interrupts.CPU1.PMI:Performance_monitoring_interrupts": [
    11,
    13
  ],
  "interrupts.CPU2.PMI:Performance_monitoring_interrupts": [
    11,
    13
  ],
  "interrupts.CPU3.PMI:Performance_monitoring_interrupts": [
    10,
    13
  ],
  "interrupts.CPU4.PMI:Performance_monitoring_interrupts": [
    10,
    12
  ],
  "interrupts.CPU5.PMI:Performance_monitoring_interrupts": [
    10,
    13
  ],
  "interrupts.CPU6.PMI:Performance_monitoring_interrupts": [
    10,
    12
  ],
  "interrupts.CPU7.PMI:Performance_monitoring_interrupts": [
    10,
    13
  ],
  "interrupts.PMI:Performance_monitoring_interrupts": [
    83,
    102
  ],
  "interrupts.CPU0.RTR:APIC_ICR_read_retries": [
    7,
    7
  ],
  "interrupts.RTR:APIC_ICR_read_retries": [
    7,
    7
  ],
  "interrupts.CPU0.RES:Rescheduling_interrupts": [
    2066,
    2141
  ],
  "interrupts.CPU1.RES:Rescheduling_interrupts": [
    2744,
    2817
  ],
  "interrupts.CPU2.RES:Rescheduling_interrupts": [
    2764,
    2813
  ],
  "interrupts.CPU3.RES:Rescheduling_interrupts": [
    2410,
    2481
  ],
  "interrupts.CPU4.RES:Rescheduling_interrupts": [
    2453,
    2509
  ],
  "interrupts.CPU5.RES:Rescheduling_interrupts": [
    1028,
    1092
  ],
  "interrupts.CPU6.RES:Rescheduling_interrupts": [
    789,
    824
  ],
  "interrupts.CPU7.RES:Rescheduling_interrupts": [
    704,
    760
  ],
  "interrupts.RES:Rescheduling_interrupts": [
    14958,
    15437
  ],
  "interrupts.CPU0.CAL:Function_call_interrupts": [
    4294899038,
    4294882981
  ],
  "interrupts.CPU1.CAL:Function_call_interrupts": [
    4294896909,
    4294880543
  ],
  "interrupts.CPU2.CAL:Function_call_interrupts": [
    4294895659,
    4294878857
  ],
  "interrupts.CPU3.CAL:Function_call_interrupts": [
    4294899117,
    4294883543
  ],
  "interrupts.CPU4.CAL:Function_call_interrupts": [
    4294898393,
    4294882302
  ],
  "interrupts.CPU5.CAL:Function_call_interrupts": [
    4294896441,
    4294879992
  ],
  "interrupts.CPU6.CAL:Function_call_interrupts": [
    4294895612,
    4294878773
  ],
  "interrupts.CPU7.CAL:Function_call_interrupts": [
    4294899063,
    4294883533
  ],
  "interrupts.CAL:Function_call_interrupts": [
    34359180232,
    34359050524
  ],