{
  "meminfo.time": [
    1478267017.6147022,
    1478267018.621798,
    1478267019.6265702,
    1478267020.6514516,
    1478267021.6834314,
    1478267022.7105935,
    1478267023.734722,
    1478267024.7604277,
    1478267025.7924354,
    1478267026.8245823,
    1478267027.8564444,
    1478267028.8856566,
    1478267029.9014666,
    1478267030.934428,
    1478267031.964419,
    1478267033.0006025,
    1478267034.0206082,
    1478267035.0414314,
    1478267036.0694468,
    1478267037.0984833,
    1478267038.120414,
    1478267039.146438,
    1478267040.1754165,
    1478267041.2034316,
    1478267042.237442,
    1478267043.2694929
  ],
  "meminfo.MemTotal": [
    16317260,
    16317260,
    16317260,
    16317260,
    16317260,
    16317260,
    16317260,
    16317260,
    16317260,
    16317260,
    16317260,
    16317260,
    16317260,
    16317260,
    16317260,
    16317260,
    16317260,
    16317260,
    16317260,
    16317260,
    16317260,
    16317260,
    16317260,
    16317260,
    16317260,
    16317260
  ],
  "meminfo.MemFree": [
    14954848,
    14939064,
    14936652,
    14936640,
    14935776,
    14936376,
    14936900,
    14936232,
    14936332,
    14936120,
    14936212,
    14937096,
    14936848,
    14936344,
    14936468,
    14936428,
    14936812,
    14936676,
    14936676,
    14936428,
    14936304,
    14937044,
    14936552,
    14936536,
    14936304,
    14936692
  ],
  "meminfo.MemAvailable": [
    15682456,
    15667108,
    15664720,
    15664708,
    15664008,
    15664608,
    15665144,
    15664480,
    15664572,
    15664360,
    15664452,
    15665336,
    15665092,
    15664588,
    15664708,
    15664656,
    15665056,
    15664920,
    15664916,
    15664644,
    15664520,
    15665276,
    15664784,
    15664752,
    15664520,
    15664908
  ],
  "meminfo.Buffers": [
    43120,
    43128,
    43128,
    43128,
    43248,
    43260,
    43268,
    43268,
    43268,
    43268,
    43276,
    43284,
    43284,
    43284,
    43284,
    43292,
    43300,
    43300,
    43300,
    43300,
    43308,
    43316,
    43316,
    43316,
    43316,
    43324
  ],
  "meminfo.Cached": [
    846096,
    846220,
    846244,
    846244,
    846252,
    846240,
    846244,
    846252,
    846252,
    846252,
    846244,
    846244,
    846252,
    846252,
    846252,
    846244,
    846252,
    846252,
    846252,
    846252,
    846244,
    846252,
    846252,
    846252,
    846252,
    846244
  ],
  "meminfo.Active": [
    604216,
    618912,
    619184,
    619228,
    619544,
    618448,
    619736,
    618800,
    619180,
    619240,
    619188,
    620008,
    620312,
    620000,
    619420,
    620336,
    620080,
    619672,
    619920,
    619012,
    619356,
    619712,
    620624,
    619704,
    620296,
    619844
  ],
  "meminfo.Inactive": [
    453612,
    453512,
    453516,
    453512,
    453512,
    453512,
    453512,
    453500,
    453500,
    453500,
    453500,
    453500,
    453500,
    453500,
    453500,
    453500,
    453500,
    453500,
    453500,
    453500,
    453500,
    453500,
    453500,
    453500,
    453500,
    453500
  ],
  "meminfo.Active(anon)": [
    171548,
    185768,
    186020,
    186060,
    186248,
    185152,
    186428,
    185472,
    185852,
    185912,
    185860,
    186672,
    186968,
    186656,
    186076,
    186992,
    186720,
    186312,
    186560,
    185652,
    185996,
    186336,
    187248,
    186328,
    186920,
    186468
  ],
  "meminfo.Inactive(anon)": [
    93984,
    93984,
    93984,
    93984,
    93984,
    93984,
    93984,
    93984,
    93984,
    93984,
    93984,
    93984,
    93984,
    93984,
    93984,
    93984,
    93984,
    93984,
    93984,
    93984,
    93984,
    93984,
    93984,
    93984,
    93984,
    93984
  ],
  "meminfo.Active(file)": [
    432668,
    433144,
    433164,
    433168,
    433296,
    433296,
    433308,
    433328,
    433328,
    433328,
    433328,
    433336,
    433344,
    433344,
    433344,
    433344,
    433360,
    433360,
    433360,
    433360,
    433360,
    433376,
    433376,
    433376,
    433376,
    433376
  ],
  "meminfo.Inactive(file)": [
    359628,
    359528,
    359532,
    359528,
    359528,
    359528,
    359528,
    359516,
    359516,
    359516,
    359516,
    359516,
    359516,
    359516,
    359516,
    359516,
    359516,
    359516,
    359516,
    359516,
    359516,
    359516,
    359516,
    359516,
    359516,
    359516
  ],
  "meminfo.Dirty": [
    22740,
    22904,
    22928,
    22928,
    0,
    780,
    900,
    908,
    908,
    132,
    4,
    28,
    32,
    32,
    4,
    4,
    32,
    32,
    32,
    4,
    4,
    32,
    32,
    32,
    4,
    4
  ],
  "meminfo.Writeback": [
    0,
    0,
    0,
    0,
    0,
    0,
    0,
    0,
    0,
    0,
    0,
    4,
    0,
    0,
    0,
    0,
    0,
    0,
    0,
    0,
    0,
    0,
    0,
    0,
    0,
    0
  ],
  "meminfo.AnonPages": [
    169252,
    182484,
    182996,
    182492,
    182792,
    182496,
    183264,
    183164,
    182968,
    182568,
    183060,
    183008,
    183300,
    183008,
    183044,
    182716,
    183384,
    183424,
    184208,
    183032,
    183188,
    183240,
    184140,
    184232,
    183488,
    183736
  ],
  "meminfo.Mapped": [
    252212,
    251960,
    251600,
    251600,
    251600,
    251600,
    251600,
    251600,
    251600,
    251600,
    251600,
    251624,
    251600,
    251600,
    251600,
    251600,
    251600,
    251600,
    251600,
    251600,
    251600,
    251600,
    251600,
    251600,
    251600,
    251600
  ],
  "meminfo.Shmem": [
    96688,
    96688,
    96688,
    96688,
    96688,
    96688,
    96688,
    96688,
    96688,
    96688,
    96688,
    96688,
    96688,
    96688,
    96688,
    96688,
    96688,
    96688,
    96688,
    96688,
    96688,
    96688,
    96688,
    96688,
    96688,
    96688
  ],
  "meminfo.Slab": [
    236696,
    237068,
    237120,
    237120,
    237640,
    237488,
    237488,
    237532,
    237452,
    237452,
    237452,
    237248,
    237248,
    237256,
    237252,
    237084,
    237084,
    237084,
    237076,
    236916,
    236916,
    236916,
    236916,
    236792,
    236792,
    236792
  ],
  "meminfo.SReclaimable": [
    47888,
    48004,
    48008,
    48008,
    48080,
    48076,
    48076,
    48072,
    48056,
    48056,
    48056,
    48036,
    48028,
    48028,
    48024,
    47996,
    47996,
    47996,
    47988,
    47940,
    47940,
    47940,
    47940,
    47912,
    47912,
    47912
  ],
  "meminfo.SUnreclaim": [
    188808,
    189064,
    189112,
    189112,
    189560,
    189412,
    189412,
    189460,
    189396,
    189396,
    189396,
    189212,
    189220,
    189228,
    189228,
    189088,
    189088,
    189088,
    189088,
    188976,
    188976,
    188976,
    188976,
    188880,
    188880,
    188880
  ],
  "meminfo.KernelStack": [
    9872,
    10480,
    10784,
    10784,
    10784,
    10784,
    10784,
    10784,
    10784,
    10784,
    10800,
    10560,
    10784,
    10784,
    10784,
    10816,
    10816,
    10816,
    10816,
    10816,
    10816,
    10816,
    10816,
    10816,
    10816,
    10800
  ],
  "meminfo.PageTables": [
    9940,
    10556,
    10800,
    10788,
    10796,
    10800,
    10804,
    10796,
    10796,
    10792,
    10808,
    10700,
    10796,
    10796,
    10792,
    10792,
    10804,
    10800,
    10804,
    10804,
    10800,
    10800,
    10800,
    10796,
    10796,
    10800
  ],
  "meminfo.CommitLimit": [
    8158628,
    8158628,
    8158628,
    8158628,
    8158628,
    8158628,
    8158628,
    8158628,
    8158628,
    8158628,
    8158628,
    8158628,
    8158628,
    8158628,
    8158628,
    8158628,
    8158628,
    8158628,
    8158628,
    8158628,
    8158628,
    8158628,
    8158628,
    8158628,
    8158628,
    8158628
  ],