{
  "softirqs.time": [
    1478793437.7081442,
    1478793438.6846054
  ],
  "softirqs.CPU3.HI": [
    1,
    1
  ],
  "softirqs.CPU4.HI": [
    1,
    1
  ],
  "softirqs.HI": [
    2,
    2
  ],
  "softirqs.CPU0.TIMER": [
    373048,
    373099
  ],
  "softirqs.CPU1.TIMER": [
    321539,
    321609
  ],
  "softirqs.CPU2.TIMER": [
    317984,
    318055
  ],
  "softirqs.CPU3.TIMER": [
    378858,
    378910
  ],
  "softirqs.CPU4.TIMER": [
    218067,
    218122
  ],
  "softirqs.CPU5.TIMER": [
    235680,
    235750
  ],
  "softirqs.CPU6.TIMER": [
    192786,
    192835
  ],
  "softirqs.CPU7.TIMER": [
    194653,
    194684
  ],
  "softirqs.TIMER": [
    2232615,
    2233064
  ],
  "softirqs.CPU4.NET_TX": [
    2148,
    2148
  ],
  "softirqs.NET_TX": [
    2148,
    2148
  ],
  "softirqs.CPU0.NET_RX": [
    117996,
    117998
  ],
  "softirqs.CPU1.NET_RX": [
    13091,
    13097
  ],
  "softirqs.CPU2.NET_RX": [
    11010,
    11010
  ],
  "softirqs.CPU3.NET_RX": [
    9114,
    9114
  ],
  "softirqs.CPU4.NET_RX": [
    48822,
    48824
  ],
  "softirqs.CPU5.NET_RX": [
    12703,
    12703
  ],
  "softirqs.CPU6.NET_RX": [
    10758,
    10764
  ],
  "softirqs.CPU7.NET_RX": [
    8316,
    8316
  ],
  "softirqs.NET_RX": [
    231810,
    231826
  ],
  "softirqs.CPU0.BLOCK": [
    26593,
    26593
  ],
  "softirqs.CPU1.BLOCK": [
    3854,
    3854
  ],
  "softirqs.CPU2.BLOCK": [
    2155,
    2155
  ],
  "softirqs.CPU3.BLOCK": [
    1371,
    1371
  ],
  "softirqs.CPU4.BLOCK": [
    9420,
    9420
  ],
  "softirqs.CPU5.BLOCK": [
    4686,
    4687
  ],
  "softirqs.CPU6.BLOCK": [
    4127,
    4127
  ],
  "softirqs.CPU7.BLOCK": [
    1454,
    1454
  ],
  "softirqs.BLOCK": [
    53660,
    53661
  ],
  "softirqs.CPU0.TASKLET": [
    8301,
    8301
  ],
  "softirqs.CPU1.TASKLET": [
    319,
    319
  ],
  "softirqs.CPU2.TASKLET": [
    191,
    191
  ],
  "softirqs.CPU3.TASKLET": [
    308,
    308
  ],
  "softirqs.CPU4.TASKLET": [
    949,
    949
  ],
  "softirqs.CPU5.TASKLET": [
    169,
    169
  ],
  "softirqs.CPU6.TASKLET": [
    267,
    267
  ],
  "softirqs.CPU7.TASKLET": [
    165,
    165
  ],
  "softirqs.TASKLET": [
    10669,
    10669
  ],
  "softirqs.CPU0.SCHED": [
    182281,
    182302
  ],
  "softirqs.CPU1.SCHED": [
    135301,
    135327
  ],
  "softirqs.CPU2.SCHED": [
    135901,
    135932
  ],
  "softirqs.CPU3.SCHED": [
    149733,
    149754
  ],
  "softirqs.CPU4.SCHED": [
    89604,
    89629
  ],
  "softirqs.CPU5.SCHED": [
    95605,
    95627
  ],
  "softirqs.CPU6.SCHED": [
    80446,
    80465
  ],
  "softirqs.CPU7.SCHED": [
    87083,
    87095
  ],
  "softirqs.SCHED": [
    955954,
    956131
  ],
  "softirqs.CPU0.RCU": [
    323665,
    323706
  ],
  "softirqs.CPU1.RCU": [
    357330,
    357385
  ],
  "softirqs.CPU2.RCU": [
    371051,
    371111
  ],
  "softirqs.CPU3.RCU": [
    428395,
    428424
  ],
  "softirqs.CPU4.RCU": [
    254440,
    254481
  ],
  "softirqs.CPU5.RCU": [
    284799,
    284860
  ],
  "softirqs.CPU6.RCU": [
    223391,
    223449
  ],
  "softirqs.CPU7.RCU": [
    195666,
    195691
  ],
  "softirqs.RCU": [
    2438737,
    2439107
  ]
}