{
  "ebizzy.throughput": [
    66435,
    66467,
    66853,
    66879,
    66589
  ],
  "ebizzy.throughput.per_thread.min": [
    3972,
    4016,
    4098,
    3854,
    3948
  ],
  "ebizzy.throughput.per_thread.max": [
    4380,
    4512,
    4399,
    4490,
    4636
  ],
  "ebizzy.throughput.per_thread.stddev_percent": [
    0.12974035754023136,
    0.16096849206908792,
    0.10769958999579957,
    0.2700844662171924,
    0.28921351415669666
  ],
  "ebizzy.time.real": [
    5.0,
    5.0,
    5.0,
    5.0,
    5.0
  ],
  "ebizzy.time.user": [
    9.27,
    9.55,
    9.4,
    9.42,
    9.38
  ],
  "ebizzy.time.sys": [
    30.61,
    30.34,
    30.48,
    30.47,
    30.49
  ]
}