{
  "meminfo.time": [
    1481202922.2862463,
    1481202923.293952,
    1481202924.3207648,
    1481202925.349802,
    1481202926.3728018,
    1481202927.394819,
    1481202928.4219496,
    1481202929.443841,
    1481202930.4747922,
    1481202931.5028543,
    1481202932.5379972,
    1481202933.5777833,
    1481202934.6148038,
    1481202935.6499517,
    1481202936.6759157,
    1481202937.7037594,
    1481202938.7294776,
    1481202939.7487545,
    1481202940.7767725,
    1481202941.8060372,
    1481202942.8349683,
    1481202943.862087,
    1481202944.8827734,
    1481202945.9157925,
    1481202946.9502652,
    1481202947.9829986
  ],
  "meminfo.MemTotal": [
    16317260,
    16317260,
    16317260,
    16317260,
    16317260,
    16317260,
    16317260,
    16317260,
    16317260,
    16317260,
    16317260,
    16317260,
    16317260,
    16317260,
    16317260,
    16317260,
    16317260,
    16317260,
    16317260,
    16317260,
    16317260,
    16317260,
    16317260,
    16317260,
    16317260,
    16317260
  ],
  "meminfo.MemFree": [
    14703296,
    14685632,
    14685496,
    14685388,
    14685536,
    14685640,
    14685612,
    14685372,
    14685220,
    14685660,
    14684876,
    14685340,
    14685576,
    14685464,
    14685072,
    14685564,
    14684844,
    14685376,
    14685540,
    14686320,
    14685240,
    14685804,
    14686004,
    14685724,
    14685388,
    14685756
  ],
  "meminfo.MemAvailable": [
    15857388,
    15841020,
    15841000,
    15840884,
    15841048,
    15841156,
    15841128,
    15840884,
    15840732,
    15841168,
    15840400,
    15840844,
    15841076,
    15840964,
    15840572,
    15841076,
    15840356,
    15840884,
    15841048,
    15841828,
    15840764,
    15841320,
    15841516,
    15841236,
    15840900,
    15841276
  ],
  "meminfo.Buffers": [
    26260,
    26264,
    26264,
    26264,
    26288,
    26288,
    26288,
    26288,
    26288,
    26304,
    26304,
    26304,
    26304,
    26304,
    26320,
    26320,
    26320,
    26320,
    26320,
    26336,
    26336,
    26336,
    26336,
    26336,
    26352,
    26352
  ],
  "meminfo.Cached": [
    1275340,
    1276132,
    1276244,
    1276244,
    1276236,
    1276244,
    1276244,
    1276244,
    1276244,
    1276228,
    1276244,
    1276244,
    1276244,
    1276244,
    1276228,
    1276244,
    1276244,
    1276244,
    1276244,
    1276228,
    1276244,
    1276244,
    1276244,
    1276244,
    1276236,
    1276244
  ],
  "meminfo.Active": [
    864728,
    879848,
    880320,
    880020,
    880268,
    879804,
    880840,
    879452,
    880504,
    879372,
    880860,
    879776,
    880292,
    880412,
    880368,
    880752,
    879736,
    881076,
    881360,
    880148,
    880648,
    880752,
    880584,
    880708,
    879328,
    879992
  ],
  "meminfo.Inactive": [
    612360,
    612524,
    612620,
    612620,
    612620,
    612620,
    612620,
    612604,
    612604,
    612604,
    612604,
    612604,
    612604,
    612604,
    612604,
    612604,
    612604,
    612604,
    612604,
    612604,
    612604,
    612604,
    612604,
    612604,
    612604,
    612604
  ],
  "meminfo.Active(anon)": [
    178568,
    192668,
    193124,
    192824,
    193056,
    192584,
    193620,
    192216,
    193268,
    192136,
    193608,
    192524,
    193040,
    193160,
    193116,
    193484,
    192468,
    193808,
    194092,
    192880,
    193364,
    193468,
    193300,
    193424,
    192036,
    192692
  ],
  "meminfo.Inactive(anon)": [
    85824,
    85824,
    85824,
    85824,
    85824,
    85824,
    85824,
    85824,
    85824,
    85824,
    85824,
    85824,
    85824,
    85824,
    85824,
    85824,
    85824,
    85824,
    85824,
    85824,
    85824,
    85824,
    85824,
    85824,
    85824,
    85824
  ],
  "meminfo.Active(file)": [
    686160,
    687180,
    687196,
    687196,
    687212,
    687220,
    687220,
    687236,
    687236,
    687236,
    687252,
    687252,
    687252,
    687252,
    687252,
    687268,
    687268,
    687268,
    687268,
    687268,
    687284,
    687284,
    687284,
    687284,
    687292,
    687300
  ],
  "meminfo.Inactive(file)": [
    526536,
    526700,
    526796,
    526796,
    526796,
    526796,
    526796,
    526780,
    526780,
    526780,
    526780,
    526780,
    526780,
    526780,
    526780,
    526780,
    526780,
    526780,
    526780,
    526780,
    526780,
    526780,
    526780,
    526780,
    526780,
    526780
  ],
  "meminfo.Dirty": [
    4,
    176,
    192,
    192,
    388,
    308,
    308,
    316,
    316,
    0,
    24,
    24,
    32,
    32,
    32,
    24,
    24,
    32,
    32,
    32,
    24,
    24,
    32,
    32,
    4,
    24
  ],
  "meminfo.Writeback": [
    4,
    0,
    0,
    0,
    0,
    0,
    0,
    0,
    0,
    0,
    0,
    0,
    0,
    0,
    0,
    0,
    0,
    0,
    0,
    0,
    0,
    0,
    0,
    0,
    0,
    0
  ],
  "meminfo.AnonPages": [
    175956,
    189796,
    190440,
    189900,
    190384,
    189604,
    190396,
    189780,
    190288,
    189620,
    190952,
    189696,
    189916,
    189904,
    189780,
    190252,
    189536,
    189988,
    190160,
    190056,
    190712,
    190360,
    190176,
    190688,
    189540,
    189968
  ],
  "meminfo.Mapped": [
    263308,
    262832,
    262860,
    262860,
    262860,
    262860,
    262860,
    262860,
    262860,
    262860,
    262860,
    262860,
    262860,
    262860,
    262860,
    262860,
    262860,
    262860,
    262860,
    262860,
    262860,
    262860,
    262860,
    262860,
    262860,
    262860
  ],
  "meminfo.Shmem": [
    88528,
    88528,
    88528,
    88528,
    88528,
    88528,
    88528,
    88528,
    88528,
    88528,
    88528,
    88528,
    88528,
    88528,
    88528,
    88528,
    88528,
    88528,
    88528,
    88528,
    88528,
    88528,
    88528,
    88528,
    88528,
    88528
  ],
  "meminfo.Slab": [
    90840,
    91608,
    91664,
    91568,
    91568,
    91536,
    91528,
    91460,
    91460,
    91404,
    91404,
    91272,
    91308,
    91280,
    91280,
    91184,
    91184,
    91208,
    91208,
    91108,
    91108,
    91068,
    90976,
    90972,
    90928,
    90928
  ],
  "meminfo.SReclaimable": [
    60056,
    60276,
    60288,
    60268,
    60268,
    60264,
    60264,
    60256,
    60256,
    60244,
    60244,
    60204,
    60200,
    60200,
    60200,
    60192,
    60192,
    60180,
    60180,
    60180,
    60180,
    60168,
    60160,
    60156,
    60144,
    60144
  ],
  "meminfo.SUnreclaim": [
    30784,
    31332,
    31376,
    31300,
    31300,
    31272,
    31264,
    31204,
    31204,
    31160,
    31160,
    31068,
    31108,
    31080,
    31080,
    30992,
    30992,
    31028,
    31028,
    30928,
    30928,
    30900,
    30816,
    30816,
    30784,
    30784
  ],
  "meminfo.KernelStack": [
    11088,
    11664,
    11968,
    11968,
    11968,
    11968,
    11968,
    11968,
    11968,
    11968,
    11968,
    11968,
    11968,
    11968,
    11968,
    11968,
    11968,
    11968,
    11968,
    11968,
    11968,
    11968,
    11984,
    11968,
    11968,
    11968
  ],
  "meminfo.PageTables": [
    11736,
    12256,
    12504,
    12504,
    12504,
    12496,
    12504,
    12504,
    12500,
    12504,
    12508,
    12124,
    12512,
    12512,
    12508,
    12508,
    12508,
    12504,
    12504,
    12508,
    12508,
    12548,
    12540,
    12516,
    12508,
    12508
  ],
  "meminfo.CommitLimit": [
    8158628,
    8158628,
    8158628,
    8158628,
    8158628,
    8158628,
    8158628,
    8158628,
    8158628,
    8158628,
    8158628,
    8158628,
    8158628,
    8158628,
    8158628,
    8158628,
    8158628,
    8158628,
    8158628,
    8158628,
    8158628,
    8158628,
    8158628,
    8158628,
    8158628,
    8158628
  ],