{
  "proc-vmstat.time": [
    1481202922.2689648,
    1481202923.2749603,
    1481202924.291966,
    1481202925.3264623,
    1481202926.350806,
    1481202927.376984,
    1481202928.3979077,
    1481202929.4208345,
    1481202930.4457994,
    1481202931.4718258,
    1481202932.5048056,
    1481202933.5349808,
    1481202934.5659614,
    1481202935.5927954,
    1481202936.6158068,
    1481202937.6568007,
    1481202938.6799865,
    1481202939.6987703,
    1481202940.7407603,
    1481202941.767831,
    1481202942.8018067,
    1481202943.8249416,
    1481202944.8478014,
    1481202945.880845,
    1481202946.9110096,
    1481202947.9387994
  ],
  "proc-vmstat.nr_free_pages": [
    3676141,
    3671598,
    3671377,
    3671413,
    3671254,
    3671410,
    3671403,
    3671409,
    3671371,
    3671415,
    3671285,
    3671353,
    3671395,
    3671301,
    3671334,
    3671392,
    3671228,
    3671364,
    3671451,
    3671515,
    3671354,
    3671356,
    3671342,
    3671501,
    3671347,
    3671440
  ],
  "proc-vmstat.nr_alloc_batch": [
    548,
    882,
    301,
    272,
    957,
    1790,
    77,
    584,
    800,
    0,
    284,
    46,
    377,
    919,
    244,
    961,
    34,
    941,
    402,
    435,
    815,
    316,
    272,
    795,
    1258,
    421
  ],
  "proc-vmstat.nr_inactive_anon": [
    21456,
    21456,
    21456,
    21456,
    21456,
    21456,
    21456,
    21456,
    21456,
    21456,
    21456,
    21456,
    21456,
    21456,
    21456,
    21456,
    21456,
    21456,
    21456,
    21456,
    21456,
    21456,
    21456,
    21456,
    21456,
    21456
  ],
  "proc-vmstat.nr_active_anon": [
    44496,
    48167,
    48248,
    48141,
    48215,
    48065,
    48194,
    48021,
    48138,
    48115,
    48304,
    48375,
    48342,
    48192,
    48442,
    48322,
    48279,
    48322,
    48425,
    48237,
    48211,
    48403,
    48395,
    48218,
    48269,
    48303
  ],
  "proc-vmstat.nr_inactive_file": [
    131634,
    131675,
    131699,
    131699,
    131699,
    131699,
    131699,
    131695,
    131695,
    131695,
    131695,
    131695,
    131695,
    131695,
    131695,
    131695,
    131695,
    131695,
    131695,
    131695,
    131695,
    131695,
    131695,
    131695,
    131695,
    131695
  ],
  "proc-vmstat.nr_active_file": [
    171540,
    171795,
    171799,
    171799,
    171803,
    171805,
    171805,
    171809,
    171809,
    171809,
    171813,
    171813,
    171813,
    171813,
    171813,
    171817,
    171817,
    171817,
    171817,
    171817,
    171821,
    171821,
    171821,
    171821,
    171823,
    171825
  ],
  "proc-vmstat.nr_anon_pages": [
    43794,
    47367,
    47463,
    47540,
    47482,
    47320,
    47518,
    47347,
    47507,
    47584,
    47526,
    47619,
    47577,
    47394,
    47803,
    47579,
    47546,
    47546,
    47653,
    47482,
    47597,
    47657,
    47627,
    47530,
    47580,
    47557
  ],
  "proc-vmstat.nr_mapped": [
    65827,
    65708,
    65715,
    65715,
    65715,
    65715,
    65715,
    65715,
    65715,
    65715,
    65715,
    65715,
    65715,
    65715,
    65715,
    65715,
    65715,
    65715,
    65715,
    65715,
    65715,
    65715,
    65715,
    65715,
    65715,
    65715
  ],
  "proc-vmstat.nr_file_pages": [
    325400,
    325599,
    325627,
    325627,
    325631,
    325633,
    325633,
    325633,
    325633,
    325633,
    325637,
    325637,
    325637,
    325637,
    325637,
    325641,
    325641,
    325641,
    325641,
    325641,
    325645,
    325645,
    325645,
    325645,
    325647,
    325649
  ],
  "proc-vmstat.nr_dirty": [
    1,
    44,
    48,
    48,
    97,
    77,
    77,
    79,
    79,
    0,
    6,
    6,
    8,
    8,
    8,
    6,
    6,
    8,
    8,
    8,
    6,
    6,
    8,
    8,
    1,
    6
  ],
  "proc-vmstat.nr_writeback": [
    1,
    0,
    0,
    0,
    0,
    0,
    0,
    0,
    0,
    0,
    0,
    0,
    0,
    0,
    0,
    0,
    0,
    0,
    0,
    0,
    0,
    0,
    0,
    0,
    0,
    0
  ],
  "proc-vmstat.nr_slab_reclaimable": [
    15014,
    15069,
    15072,
    15067,
    15067,
    15066,
    15066,
    15064,
    15064,
    15061,
    15061,
    15051,
    15050,
    15050,
    15050,
    15048,
    15048,
    15045,
    15045,
    15045,
    15045,
    15042,
    15043,
    15039,
    15036,
    15036
  ],
  "proc-vmstat.nr_slab_unreclaimable": [
    7696,
    7833,
    7844,
    7825,
    7825,
    7818,
    7816,
    7801,
    7801,
    7790,
    7790,
    7767,
    7777,
    7770,
    7770,
    7748,
    7748,
    7757,
    7757,
    7732,
    7732,
    7725,
    7733,
    7704,
    7696,
    7696
  ],
  "proc-vmstat.nr_page_table_pages": [
    2934,
    3064,
    3126,
    3126,
    3126,
    3124,
    3126,
    3126,
    3125,
    3126,
    3127,
    3128,
    3128,
    3128,
    3127,
    3127,
    3127,
    3126,
    3126,
    3127,
    3127,
    3131,
    3124,
    3132,
    3127,
    3127
  ],
  "proc-vmstat.nr_kernel_stack": [
    693,
    729,
    748,
    748,
    748,
    748,
    748,
    748,
    748,
    748,
    748,
    748,
    748,
    748,
    748,
    748,
    748,
    748,
    748,
    748,
    748,
    749,
    750,
    749,
    748,
    748
  ],
  "proc-vmstat.nr_shmem": [
    22132,
    22132,
    22132,
    22132,
    22132,
    22132,
    22132,
    22132,
    22132,
    22132,
    22132,
    22132,
    22132,
    22132,
    22132,
    22132,
    22132,
    22132,
    22132,
    22132,
    22132,
    22132,
    22132,
    22132,
    22132,
    22132
  ],
  "proc-vmstat.nr_dirtied": [
    188715,
    188764,
    188769,
    188770,
    188868,
    188849,
    188850,
    188853,
    188854,
    188855,
    188862,
    188863,
    188866,
    188867,
    188868,
    188875,
    188876,
    188879,
    188880,
    188881,
    188888,
    188889,
    188892,
    188893,
    188896,
    188902
  ],
  "proc-vmstat.nr_written": [
    187627,
    187632,
    187633,
    187634,
    187683,
    187684,
    187685,
    187686,
    187687,
    187785,
    187768,
    187769,
    187770,
    187771,
    187772,
    187781,
    187782,
    187783,
    187784,
    187785,
    187794,
    187795,
    187796,
    187797,
    187807,
    187808
  ],
  "proc-vmstat.nr_dirty_threshold": [
    789893,
    789044,
    789005,
    789012,
    788981,
    789013,
    789011,
    789013,
    789005,
    789014,
    788989,
    789002,
    789011,
    788992,
    788998,
    789011,
    788978,
    789005,
    789023,
    789035,
    789004,
    789004,
    789002,
    789033,
    789003,
    789022
  ],
  "proc-vmstat.nr_dirty_background_threshold": [
    197473,
    197261,
    197251,
    197253,
    197245,
    197253,
    197252,
    197253,
    197251,
    197253,
    197247,
    197250,
    197252,
    197248,
    197249,
    197252,
    197244,
    197251,
    197255,
    197258,
    197251,
    197251,
    197250,
    197258,
    197250,
    197255
  ],
  "proc-vmstat.pgpgin": [
    635959,
    636123,
    636123,
    636123,
    636123,
    636123,
    636123,
    636123,
    636123,
    636123,
    636123,
    636123,
    636123,
    636123,
    636123,
    636123,
    636123,
    636123,
    636123,
    636123,
    636123,
    636123,
    636123,
    636123,
    636123,
    636123
  ],
  "proc-vmstat.pgpgout": [
    761396,
    761400,
    761404,
    761408,
    761940,
    761944,
    761948,
    761952,
    761956,
    762308,
    762312,
    762316,
    762320,
    762324,
    762396,
    762400,
    762404,
    762408,
    762412,
    762484,
    762488,
    762492,
    762496,
    762500,
    762572,
    762576
  ],
  "proc-vmstat.pgalloc_dma": [
    1,
    1,
    1,
    1,
    1,
    1,
    1,
    1,
    1,
    1,
    1,
    1,
    1,
    1,
    1,
    1,
    1,
    1,
    1,
    1,
    1,
    1,
    1,
    1,
    1,
    1
  ],