{
  "softirqs.time": [
    1481202922.3147511,
    1481202948.2437253
  ],
  "softirqs.CPU2.HI": [
    1,
    1
  ],
  "softirqs.CPU7.HI": [
    1,
    1
  ],
  "softirqs.HI": [
    2,
    2
  ],
  "softirqs.CPU0.TIMER": [
    30976,
    56071
  ],
  "softirqs.CPU1.TIMER": [
    20233,
    45327
  ],
  "softirqs.CPU2.TIMER": [
    18412,
    43495
  ],
  "softirqs.CPU3.TIMER": [
    19239,
    44332
  ],
  "softirqs.CPU4.TIMER": [
    13848,
    38941
  ],
  "softirqs.CPU5.TIMER": [
    11556,
    36639
  ],
  "softirqs.CPU6.TIMER": [
    11766,
    36838
  ],
  "softirqs.CPU7.TIMER": [
    9616,
    34678
  ],
  "softirqs.TIMER": [
    135646,
    336321
  ],
  "softirqs.CPU0.NET_TX": [
    52,
    56
  ],
  "softirqs.NET_TX": [
    52,
    56
  ],
  "softirqs.CPU0.NET_RX": [
    154549,
    154561
  ],
  "softirqs.CPU1.NET_RX": [
    18775,
    18781
  ],
  "softirqs.CPU2.NET_RX": [
    16427,
    16428
  ],
  "softirqs.CPU3.NET_RX": [
    13546,
    13551
  ],
  "softirqs.CPU4.NET_RX": [
    89433,
    89442
  ],
  "softirqs.CPU5.NET_RX": [
    20125,
    20128
  ],
  "softirqs.CPU6.NET_RX": [
    16952,
    16956
  ],
  "softirqs.CPU7.NET_RX": [
    14898,
    14901
  ],
  "softirqs.NET_RX": [
    344705,
    344748
  ],
  "softirqs.CPU0.BLOCK": [
    10588,
    10713
  ],
  "softirqs.CPU1.BLOCK": [
    1421,
    1421
  ],
  "softirqs.CPU2.BLOCK": [
    1642,
    1644
  ],
  "softirqs.CPU3.BLOCK": [
    668,
    668
  ],
  "softirqs.CPU4.BLOCK": [
    2866,
    2866
  ],
  "softirqs.CPU5.BLOCK": [
    1475,
    1476
  ],
  "softirqs.CPU6.BLOCK": [
    794,
    794
  ],
  "softirqs.CPU7.BLOCK": [
    728,
    728
  ],
  "softirqs.BLOCK": [
    20182,
    20310
  ],
  "softirqs.CPU0.TASKLET": [
    36,
    36
  ],
  "softirqs.CPU1.TASKLET": [
    8,
    8
  ],
  "softirqs.CPU2.TASKLET": [
    104,
    104
  ],
  "softirqs.CPU3.TASKLET": [
    5,
    5
  ],
  "softirqs.CPU6.TASKLET": [
    3,
    3
  ],
  "softirqs.CPU7.TASKLET": [
    22,
    22
  ],
  "softirqs.TASKLET": [
    178,
    178
  ],
  "softirqs.CPU0.SCHED": [
    14950,
    15256
  ],
  "softirqs.CPU1.SCHED": [
    9504,
    9803
  ],
  "softirqs.CPU2.SCHED": [
    9303,
    9591
  ],
  "softirqs.CPU3.SCHED": [
    9166,
    9451
  ],
  "softirqs.CPU4.SCHED": [
    7210,
    7514
  ],
  "softirqs.CPU5.SCHED": [
    5009,
    5299
  ],
  "softirqs.CPU6.SCHED": [
    4888,
    5170
  ],
  "softirqs.CPU7.SCHED": [
    4431,
    4725
  ],
  "softirqs.SCHED": [
    64461,
    66809
  ],
  "softirqs.CPU0.RCU": [
    17674,
    20503
  ],
  "softirqs.CPU1.RCU": [
    14241,
    17047
  ],
  "softirqs.CPU2.RCU": [
    11468,
    14653
  ],
  "softirqs.CPU3.RCU": [
    12767,
    15514
  ],
  "softirqs.CPU4.RCU": [
    8703,
    11723
  ],
  "softirqs.CPU5.RCU": [
    7967,
    10862
  ],
  "softirqs.CPU6.RCU": [
    7626,
    10715
  ],
  "softirqs.CPU7.RCU": [
    6632,
    9281
  ],
  "softirqs.RCU": [
    87078,
    110298
  ]
}