{
  "softirqs.time": [
    1479483039.0848103,
    1479483294.4812036
  ],
  "softirqs.CPU3.HI": [
    1,
    1
  ],
  "softirqs.CPU5.HI": [
    1,
    1
  ],
  "softirqs.HI": [
    2,
    2
  ],
  "softirqs.CPU0.TIMER": [
    474465,
    491684
  ],
  "softirqs.CPU1.TIMER": [
    483069,
    499451
  ],
  "softirqs.CPU2.TIMER": [
    480217,
    496040
  ],
  "softirqs.CPU3.TIMER": [
    547985,
    562062
  ],
  "softirqs.CPU4.TIMER": [
    321646,
    333173
  ],
  "softirqs.CPU5.TIMER": [
    393999,
    407712
  ],
  "softirqs.CPU6.TIMER": [
    291964,
    304917
  ],
  "softirqs.CPU7.TIMER": [
    314091,
    568668
  ],
  "softirqs.TIMER": [
    3307436,
    3663707
  ],
  "softirqs.CPU0.NET_TX": [
    2792,
    2834
  ],
  "softirqs.NET_TX": [
    2792,
    2834
  ],
  "softirqs.CPU0.NET_RX": [
    102476,
    102481
  ],
  "softirqs.CPU1.NET_RX": [
    16307,
    16307
  ],
  "softirqs.CPU2.NET_RX": [
    12531,
    12535
  ],
  "softirqs.CPU3.NET_RX": [
    9299,
    9332
  ],
  "softirqs.CPU4.NET_RX": [
    44792,
    44795
  ],
  "softirqs.CPU5.NET_RX": [
    12303,
    12303
  ],
  "softirqs.CPU6.NET_RX": [
    11000,
    11002
  ],
  "softirqs.CPU7.NET_RX": [
    10213,
    10213
  ],
  "softirqs.NET_RX": [
    218921,
    218968
  ],
  "softirqs.CPU0.BLOCK": [
    29812,
    29907
  ],
  "softirqs.CPU1.BLOCK": [
    4012,
    4057
  ],
  "softirqs.CPU2.BLOCK": [
    2510,
    2528
  ],
  "softirqs.CPU3.BLOCK": [
    1722,
    2549
  ],
  "softirqs.CPU4.BLOCK": [
    12287,
    12352
  ],
  "softirqs.CPU5.BLOCK": [
    5692,
    5732
  ],
  "softirqs.CPU6.BLOCK": [
    5704,
    5739
  ],
  "softirqs.CPU7.BLOCK": [
    2394,
    2394
  ],
  "softirqs.BLOCK": [
    64133,
    65258
  ],
  "softirqs.CPU0.TASKLET": [
    6370,
    6370
  ],
  "softirqs.CPU1.TASKLET": [
    359,
    359
  ],
  "softirqs.CPU2.TASKLET": [
    287,
    287
  ],
  "softirqs.CPU3.TASKLET": [
    416,
    416
  ],
  "softirqs.CPU4.TASKLET": [
    473,
    473
  ],
  "softirqs.CPU5.TASKLET": [
    245,
    245
  ],
  "softirqs.CPU6.TASKLET": [
    143,
    144
  ],
  "softirqs.CPU7.TASKLET": [
    110,
    110
  ],
  "softirqs.TASKLET": [
    8403,
    8404
  ],
  "softirqs.CPU0.SCHED": [
    216219,
    222580
  ],
  "softirqs.CPU1.SCHED": [
    202368,
    208036
  ],
  "softirqs.CPU2.SCHED": [
    197086,
    202851
  ],
  "softirqs.CPU3.SCHED": [
    214985,
    220429
  ],
  "softirqs.CPU4.SCHED": [
    131585,
    135684
  ],
  "softirqs.CPU5.SCHED": [
    150767,
    155528
  ],
  "softirqs.CPU6.SCHED": [
    120796,
    125225
  ],
  "softirqs.CPU7.SCHED": [
    129234,
    131807
  ],
  "softirqs.SCHED": [
    1363040,
    1402140
  ],
  "softirqs.CPU0.RCU": [
    499210,
    512859
  ],
  "softirqs.CPU1.RCU": [
    537651,
    550948
  ],
  "softirqs.CPU2.RCU": [
    602290,
    615062
  ],
  "softirqs.CPU3.RCU": [
    612559,
    623345
  ],
  "softirqs.CPU4.RCU": [
    419170,
    428717
  ],
  "softirqs.CPU5.RCU": [
    517479,
    528783
  ],
  "softirqs.CPU6.RCU": [
    379290,
    389707
  ],
  "softirqs.CPU7.RCU": [
    506786,
    531512
  ],
  "softirqs.RCU": [
    4074435,
    4180933
  ]
}