{
  "meminfo.time": [
    1479482552.9443376,
    1479482553.9492254,
    1479482554.9631183,
    1479482555.9951484,
    1479482557.0241466,
    1479482558.0581503,
    1479482559.0815723,
    1479482560.1052394,
    1479482561.1441557,
    1479482562.16534,
    1479482563.1843626,
    1479482564.2061565,
    1479482565.2273757,
    1479482566.2561822,
    1479482567.2801313,
    1479482568.3171654,
    1479482569.345331,
    1479482570.363201,
    1479482571.3941453,
    1479482572.4212425,
    1479482573.4541564,
    1479482574.4941857,
    1479482575.521208,
    1479482576.5461714,
    1479482577.5802042,
    1479482578.6141937
  ],
  "meminfo.MemTotal": [
    16317260,
    16317260,
    16317260,
    16317260,
    16317260,
    16317260,
    16317260,
    16317260,
    16317260,
    16317260,
    16317260,
    16317260,
    16317260,
    16317260,
    16317260,
    16317260,
    16317260,
    16317260,
    16317260,
    16317260,
    16317260,
    16317260,
    16317260,
    16317260,
    16317260,
    16317260
  ],
  "meminfo.MemFree": [
    14999804,
    14984156,
    14981948,
    14981692,
    14982072,
    14981932,
    14982684,
    14982092,
    14982080,
    14981940,
    14982448,
    14982260,
    14982156,
    14982280,
    14981808,
    14982408,
    14982332,
    14981888,
    14982260,
    14982260,
    14982508,
    14982012,
    14982372,
    14982384,
    14982108,
    14981488
  ],
  "meminfo.MemAvailable": [
    15812984,
    15797436,
    15795256,
    15795004,
    15795384,
    15795248,
    15795992,
    15795408,
    15795396,
    15795256,
    15795752,
    15795572,
    15795464,
    15795588,
    15795108,
    15795708,
    15795640,
    15795204,
    15795556,
    15795556,
    15795804,
    15795316,
    15795672,
    15795684,
    15795408,
    15794788
  ],
  "meminfo.Buffers": [
    56124,
    56124,
    56132,
    56136,
    56136,
    56148,
    56148,
    56156,
    56156,
    56156,
    56164,
    56164,
    56172,
    56172,
    56172,
    56180,
    56188,
    56188,
    56188,
    56188,
    56196,
    56204,
    56204,
    56204,
    56204,
    56212
  ],
  "meminfo.Cached": [
    937952,
    938040,
    938056,
    938056,
    938056,
    938048,
    938056,
    938056,
    938056,
    938056,
    938048,
    938056,
    938056,
    938056,
    938056,
    938048,
    938048,
    938056,
    938056,
    938056,
    938048,
    938048,
    938056,
    938056,
    938056,
    938048
  ],
  "meminfo.Active": [
    718788,
    732488,
    733208,
    733788,
    733372,
    733204,
    734380,
    733592,
    733824,
    733492,
    733592,
    733320,
    734536,
    732956,
    733584,
    733284,
    734064,
    733320,
    733072,
    733984,
    733388,
    733860,
    734288,
    733612,
    734292,
    733532
  ],
  "meminfo.Inactive": [
    474024,
    473828,
    473824,
    473824,
    473824,
    473824,
    473824,
    473812,
    473812,
    473812,
    473812,
    473812,
    473812,
    473812,
    473812,
    473812,
    473812,
    473812,
    473812,
    473812,
    473812,
    473812,
    473812,
    473812,
    473812,
    473812
  ],
  "meminfo.Active(anon)": [
    201428,
    214844,
    215536,
    216112,
    215696,
    215524,
    216692,
    215884,
    216116,
    215784,
    215884,
    215604,
    216812,
    215232,
    215860,
    215560,
    216332,
    215580,
    215332,
    216244,
    215648,
    216112,
    216532,
    215856,
    216536,
    215776
  ],
  "meminfo.Inactive(anon)": [
    115520,
    115520,
    115520,
    115520,
    115520,
    115520,
    115520,
    115520,
    115520,
    115520,
    115520,
    115520,
    115520,
    115520,
    115520,
    115520,
    115520,
    115520,
    115520,
    115520,
    115520,
    115520,
    115520,
    115520,
    115520,
    115520
  ],
  "meminfo.Active(file)": [
    517360,
    517644,
    517672,
    517676,
    517676,
    517680,
    517688,
    517708,
    517708,
    517708,
    517708,
    517716,
    517724,
    517724,
    517724,
    517724,
    517732,
    517740,
    517740,
    517740,
    517740,
    517748,
    517756,
    517756,
    517756,
    517756
  ],
  "meminfo.Inactive(file)": [
    358504,
    358308,
    358304,
    358304,
    358304,
    358304,
    358304,
    358292,
    358292,
    358292,
    358292,
    358292,
    358292,
    358292,
    358292,
    358292,
    358292,
    358292,
    358292,
    358292,
    358292,
    358292,
    358292,
    358292,
    358292,
    358292
  ],
  "meminfo.Dirty": [
    2416,
    2540,
    2556,
    16,
    20,
    20,
    292,
    0,
    4,
    8,
    8,
    44,
    56,
    8,
    12,
    12,
    28,
    32,
    20,
    24,
    24,
    24,
    32,
    8,
    12,
    12
  ],
  "meminfo.AnonPages": [
    198316,
    212228,
    212604,
    212584,
    212812,
    212416,
    214144,
    212604,
    213172,
    212952,
    213324,
    213200,
    213616,
    212660,
    213240,
    212804,
    213388,
    212944,
    212772,
    213392,
    212988,
    212924,
    213184,
    213492,
    213428,
    212336
  ],
  "meminfo.Mapped": [
    247084,
    246988,
    247016,
    247016,
    247016,
    247016,
    247016,
    247016,
    247016,
    247016,
    247016,
    247016,
    247016,
    247016,
    247016,
    247016,
    247016,
    247016,
    247016,
    247016,
    247016,
    247016,
    247016,
    247016,
    247016,
    247016
  ],
  "meminfo.Shmem": [
    118224,
    118224,
    118224,
    118224,
    118224,
    118224,
    118224,
    118224,
    118224,
    118224,
    118224,
    118224,
    118224,
    118224,
    118224,
    118224,
    118224,
    118224,
    118224,
    118224,
    118224,
    118224,
    118224,
    118224,
    118224,
    118224
  ],
  "meminfo.Slab": [
    82892,
    83180,
    83224,
    83224,
    83224,
    83224,
    83048,
    83064,
    83060,
    83060,
    82928,
    82928,
    82960,
    82948,
    82828,
    82836,
    82836,
    82872,
    82732,
    82732,
    82732,
    82728,
    82608,
    82608,
    82608,
    82608
  ],
  "meminfo.SReclaimable": [
    51892,
    51920,
    51924,
    51924,
    51924,
    51924,
    51896,
    51896,
    51892,
    51892,
    51868,
    51868,
    51848,
    51844,
    51828,
    51828,
    51828,
    51828,
    51792,
    51792,
    51792,
    51788,
    51764,
    51764,
    51764,
    51764
  ],
  "meminfo.SUnreclaim": [
    31000,
    31260,
    31300,
    31300,
    31300,
    31300,
    31152,
    31168,
    31168,
    31168,
    31060,
    31060,
    31112,
    31104,
    31000,
    31008,
    31008,
    31044,
    30940,
    30940,
    30940,
    30940,
    30844,
    30844,
    30844,
    30844
  ],
  "meminfo.KernelStack": [
    9664,
    10272,
    10576,
    10576,
    10576,
    10576,
    10576,
    10576,
    10576,
    10576,
    10576,
    10576,
    10576,
    10576,
    10576,
    10576,
    10576,
    10576,
    10576,
    10576,
    10576,
    10576,
    10576,
    10576,
    10576,
    10576
  ],
  "meminfo.PageTables": [
    9808,
    10516,
    10764,
    10752,
    10764,
    10768,
    10768,
    10764,
    10768,
    10768,
    10760,
    10764,
    10764,
    10764,
    10764,
    10764,
    10760,
    10760,
    10760,
    10760,
    10760,
    10760,
    10768,
    10760,
    10768,
    10760
  ],
  "meminfo.CommitLimit": [
    8158628,
    8158628,
    8158628,
    8158628,
    8158628,
    8158628,
    8158628,
    8158628,
    8158628,
    8158628,
    8158628,
    8158628,
    8158628,
    8158628,
    8158628,
    8158628,
    8158628,
    8158628,
    8158628,
    8158628,
    8158628,
    8158628,
    8158628,
    8158628,
    8158628,
    8158628
  ],