{
  "ebizzy.throughput": [
    66513,
    66705,
    66531,
    66550,
    66410
  ],
  "ebizzy.throughput.per_thread.min": [
    4120,
    3970,
    3974,
    3983,
    4023
  ],
  "ebizzy.throughput.per_thread.max": [
    4258,
    4442,
    4654,
    4362,
    4467
  ],
  "ebizzy.throughput.per_thread.stddev_percent": [
    0.045814086732503964,
    0.20278707493370213,
    0.27774753545060044,
    0.18742892749398143,
    0.20220445836753684
  ],
  "ebizzy.time.real": [
    5.0,
    5.0,
    5.0,
    5.0,
    5.0
  ],
  "ebizzy.time.user": [
    9.2,
    9.34,
    9.56,
    9.5,
    9.38
  ],
  "ebizzy.time.sys": [
    30.7,
    30.55,
    30.34,
    30.39,
    30.51
  ]
}