{
  "meminfo.time": [
    1478532936.1523385,
    1478532937.1568255,
    1478532938.1846619,
    1478532939.2186558,
    1478532940.236992,
    1478532941.2598405,
    1478532942.2907205,
    1478532943.324664,
    1478532944.3696575,
    1478532945.3996406,
    1478532946.4366968,
    1478532947.4697258,
    1478532948.5056968,
    1478532949.5357547,
    1478532950.5726397,
    1478532951.6106405,
    1478532952.6426616,
    1478532953.6616814,
    1478532954.7036421,
    1478532955.7306318,
    1478532956.762681,
    1478532957.7896168,
    1478532958.8146865,
    1478532959.8515909,
    1478532960.8776565,
    1478532961.9086502
  ],
  "meminfo.MemTotal": [
    16317260,
    16317260,
    16317260,
    16317260,
    16317260,
    16317260,
    16317260,
    16317260,
    16317260,
    16317260,
    16317260,
    16317260,
    16317260,
    16317260,
    16317260,
    16317260,
    16317260,
    16317260,
    16317260,
    16317260,
    16317260,
    16317260,
    16317260,
    16317260,
    16317260,
    16317260
  ],
  "meminfo.MemFree": [
    15104592,
    15090580,
    15089188,
    15087676,
    15088296,
    15088292,
    15088656,
    15088008,
    15087480,
    15088284,
    15088224,
    15089020,
    15088796,
    15088448,
    15088340,
    15088464,
    15087668,
    15088164,
    15088040,
    15088308,
    15088072,
    15089284,
    15088424,
    15088648,
    15088880,
    15088136
  ],
  "meminfo.MemAvailable": [
    15849888,
    15835912,
    15834548,
    15833208,
    15833824,
    15833820,
    15834208,
    15833568,
    15833036,
    15833840,
    15833776,
    15834580,
    15834364,
    15834016,
    15833904,
    15834028,
    15833236,
    15833740,
    15833612,
    15833880,
    15833640,
    15834860,
    15833996,
    15834220,
    15834452,
    15833708
  ],
  "meminfo.Buffers": [
    51988,
    51988,
    51996,
    52116,
    52116,
    52128,
    52128,
    52136,
    52136,
    52136,
    52144,
    52144,
    52152,
    52152,
    52152,
    52160,
    52168,
    52168,
    52168,
    52168,
    52176,
    52184,
    52184,
    52184,
    52184,
    52192
  ],
  "meminfo.Cached": [
    853988,
    853940,
    853956,
    853956,
    853956,
    853944,
    853956,
    853956,
    853956,
    853956,
    853948,
    853956,
    853956,
    853956,
    853956,
    853948,
    853948,
    853956,
    853956,
    853956,
    853948,
    853948,
    853956,
    853956,
    853956,
    853956
  ],
  "meminfo.Active": [
    599512,
    613200,
    613208,
    613580,
    613340,
    613716,
    614092,
    613464,
    613140,
    613280,
    613960,
    614324,
    613852,
    613312,
    614104,
    613720,
    614424,
    614452,
    614228,
    612456,
    613772,
    613552,
    612824,
    613644,
    613124,
    614052
  ],
  "meminfo.Inactive": [
    487200,
    486752,
    486704,
    486704,
    486704,
    486704,
    486704,
    486692,
    486692,
    486692,
    486692,
    486692,
    486692,
    486692,
    486692,
    486692,
    486692,
    486692,
    486692,
    486692,
    486692,
    486692,
    486692,
    486692,
    486692,
    486692
  ],
  "meminfo.Active(anon)": [
    183488,
    196716,
    196652,
    196904,
    196664,
    197040,
    197404,
    196756,
    196432,
    196572,
    197252,
    197608,
    197128,
    196588,
    197380,
    196996,
    197692,
    197712,
    197488,
    195716,
    197032,
    196804,
    196068,
    196888,
    196368,
    197288
  ],
  "meminfo.Inactive(anon)": [
    93928,
    93928,
    93928,
    93928,
    93928,
    93928,
    93928,
    93928,
    93928,
    93928,
    93928,
    93928,
    93928,
    93928,
    93928,
    93928,
    93928,
    93928,
    93928,
    93928,
    93928,
    93928,
    93928,
    93928,
    93928,
    93928
  ],
  "meminfo.Active(file)": [
    416024,
    416484,
    416556,
    416676,
    416676,
    416676,
    416688,
    416708,
    416708,
    416708,
    416708,
    416716,
    416724,
    416724,
    416724,
    416724,
    416732,
    416740,
    416740,
    416740,
    416740,
    416748,
    416756,
    416756,
    416756,
    416764
  ],
  "meminfo.Inactive(file)": [
    393272,
    392824,
    392776,
    392776,
    392776,
    392776,
    392776,
    392764,
    392764,
    392764,
    392764,
    392764,
    392764,
    392764,
    392764,
    392764,
    392764,
    392764,
    392764,
    392764,
    392764,
    392764,
    392764,
    392764,
    392764,
    392764
  ],
  "meminfo.Dirty": [
    32092,
    32212,
    32228,
    16,
    20,
    1088,
    1212,
    1212,
    0,
    4,
    4,
    36,
    48,
    48,
    8,
    12,
    28,
    36,
    36,
    0,
    4,
    20,
    36,
    36,
    12,
    28
  ],
  "meminfo.AnonPages": [
    180268,
    193856,
    193588,
    193852,
    193832,
    193880,
    194380,
    193964,
    193692,
    193888,
    194060,
    193448,
    193500,
    193928,
    194852,
    194172,
    194444,
    194716,
    194320,
    193212,
    193800,
    193692,
    193804,
    193968,
    193788,
    194448
  ],
  "meminfo.Mapped": [
    259624,
    259060,
    259096,
    259096,
    259096,
    259096,
    259096,
    259096,
    259096,
    259096,
    259096,
    259096,
    259096,
    259096,
    259096,
    259096,
    259096,
    259104,
    259104,
    259104,
    259104,
    259104,
    259096,
    259096,
    259096,
    259096
  ],
  "meminfo.Shmem": [
    96632,
    96632,
    96632,
    96632,
    96632,
    96632,
    96632,
    96632,
    96632,
    96632,
    96632,
    96632,
    96632,
    96632,
    96632,
    96632,
    96632,
    96632,
    96632,
    96632,
    96632,
    96632,
    96632,
    96632,
    96632,
    96632
  ],
  "meminfo.Slab": [
    79864,
    80364,
    80384,
    81380,
    81028,
    81036,
    80996,
    81052,
    81048,
    81056,
    80848,
    80848,
    80900,
    80900,
    80784,
    80784,
    80780,
    80808,
    80700,
    80700,
    80696,
    80704,
    80616,
    80616,
    80620,
    80500
  ],
  "meminfo.SReclaimable": [
    49260,
    49308,
    49320,
    49420,
    49412,
    49416,
    49436,
    49436,
    49432,
    49432,
    49420,
    49420,
    49420,
    49420,
    49412,
    49412,
    49408,
    49404,
    49396,
    49396,
    49392,
    49392,
    49368,
    49368,
    49368,
    49352
  ],
  "meminfo.SUnreclaim": [
    30604,
    31056,
    31064,
    31960,
    31616,
    31620,
    31560,
    31616,
    31616,
    31624,
    31428,
    31428,
    31480,
    31480,
    31372,
    31372,
    31372,
    31404,
    31304,
    31304,
    31304,
    31312,
    31248,
    31248,
    31252,
    31148
  ],
  "meminfo.KernelStack": [
    11104,
    11712,
    12016,
    12016,
    12016,
    12016,
    12016,
    12016,
    12016,
    12016,
    12016,
    12016,
    12016,
    12016,
    12016,
    12016,
    12016,
    12016,
    12016,
    12016,
    12016,
    12016,
    12016,
    12016,
    12032,
    12032
  ],
  "meminfo.PageTables": [
    12004,
    12352,
    12600,
    12600,
    12600,
    12600,
    12600,
    12600,
    12600,
    12604,
    12600,
    12596,
    12592,
    12596,
    12596,
    12596,
    12592,
    12600,
    12596,
    12600,
    12596,
    12600,
    12600,
    12600,
    12596,
    12628
  ],
  "meminfo.CommitLimit": [
    8158628,
    8158628,
    8158628,
    8158628,
    8158628,
    8158628,
    8158628,
    8158628,
    8158628,
    8158628,
    8158628,
    8158628,
    8158628,
    8158628,
    8158628,
    8158628,
    8158628,
    8158628,
    8158628,
    8158628,
    8158628,
    8158628,
    8158628,
    8158628,
    8158628,
    8158628
  ],