{
  "proc-vmstat.time": [
    1478532936.1471028,
    1478532937.1487556,
    1478532938.1796806,
    1478532939.206687,
    1478532940.2376034,
    1478532941.2658713,
    1478532942.2916687,
    1478532943.3256059,
    1478532944.3586333,
    1478532945.388637,
    1478532946.4277432,
    1478532947.4702685,
    1478532948.5017004,
    1478532949.5307183,
    1478532950.558669,
    1478532951.5936906,
    1478532952.6208115,
    1478532953.6536686,
    1478532954.6877112,
    1478532955.7157202,
    1478532956.7448454,
    1478532957.7766423,
    1478532958.8006883,
    1478532959.8348737,
    1478532960.8636875,
    1478532961.91079
  ],
  "proc-vmstat.nr_free_pages": [
    3776526,
    3773025,
    3772297,
    3771986,
    3772074,
    3772003,
    3772164,
    3772002,
    3771935,
    3772071,
    3772056,
    3772255,
    3772199,
    3772178,
    3772085,
    3772050,
    3771917,
    3772041,
    3772010,
    3772077,
    3772018,
    3772321,
    3772106,
    3772162,
    3772189,
    3772034
  ],
  "proc-vmstat.nr_alloc_batch": [
    55,
    7,
    710,
    0,
    0,
    575,
    665,
    1942,
    1045,
    141,
    1966,
    449,
    266,
    800,
    763,
    315,
    363,
    553,
    988,
    992,
    292,
    650,
    865,
    556,
    902,
    21
  ],
  "proc-vmstat.nr_inactive_anon": [
    23482,
    23482,
    23482,
    23482,
    23482,
    23482,
    23482,
    23482,
    23482,
    23482,
    23482,
    23482,
    23482,
    23482,
    23482,
    23482,
    23482,
    23482,
    23482,
    23482,
    23482,
    23482,
    23482,
    23482,
    23482,
    23482
  ],
  "proc-vmstat.nr_active_anon": [
    45612,
    49179,
    49196,
    49063,
    49215,
    49081,
    49221,
    49092,
    49238,
    49143,
    49346,
    49353,
    49021,
    49147,
    49329,
    49314,
    49488,
    49330,
    49030,
    49238,
    49323,
    49315,
    49148,
    49482,
    49171,
    49322
  ],
  "proc-vmstat.nr_inactive_file": [
    98318,
    98206,
    98194,
    98194,
    98194,
    98194,
    98194,
    98191,
    98191,
    98191,
    98191,
    98191,
    98191,
    98191,
    98191,
    98191,
    98191,
    98191,
    98191,
    98191,
    98191,
    98191,
    98191,
    98191,
    98191,
    98191
  ],
  "proc-vmstat.nr_active_file": [
    104006,
    104121,
    104139,
    104169,
    104169,
    104169,
    104172,
    104177,
    104177,
    104177,
    104177,
    104179,
    104181,
    104181,
    104181,
    104181,
    104183,
    104185,
    104185,
    104185,
    104185,
    104187,
    104189,
    104189,
    104189,
    104191
  ],
  "proc-vmstat.nr_anon_pages": [
    44807,
    48415,
    48316,
    48479,
    48572,
    48437,
    48530,
    48329,
    48439,
    48537,
    48548,
    48541,
    48391,
    48498,
    48518,
    48673,
    48806,
    48630,
    48238,
    48547,
    48499,
    48651,
    48517,
    48622,
    48452,
    48726
  ],
  "proc-vmstat.nr_mapped": [
    64906,
    64765,
    64774,
    64774,
    64774,
    64774,
    64774,
    64774,
    64774,
    64774,
    64774,
    64774,
    64774,
    64774,
    64774,
    64774,
    64774,
    64776,
    64776,
    64776,
    64776,
    64776,
    64774,
    64774,
    64774,
    64774
  ],
  "proc-vmstat.nr_file_pages": [
    226494,
    226482,
    226488,
    226518,
    226518,
    226518,
    226521,
    226523,
    226523,
    226523,
    226523,
    226525,
    226527,
    226527,
    226527,
    226527,
    226529,
    226531,
    226531,
    226531,
    226531,
    226533,
    226535,
    226535,
    226535,
    226537
  ],
  "proc-vmstat.nr_dirty": [
    8023,
    8053,
    8057,
    4,
    5,
    272,
    303,
    303,
    0,
    1,
    1,
    9,
    12,
    12,
    2,
    3,
    7,
    9,
    9,
    0,
    1,
    5,
    9,
    9,
    3,
    7
  ],
  "proc-vmstat.nr_writeback": [
    0,
    0,
    0,
    0,
    0,
    0,
    0,
    0,
    0,
    0,
    0,
    0,
    0,
    0,
    0,
    0,
    0,
    0,
    0,
    0,
    0,
    0,
    0,
    0,
    1,
    0
  ],
  "proc-vmstat.nr_slab_reclaimable": [
    12315,
    12327,
    12330,
    12355,
    12353,
    12354,
    12359,
    12359,
    12358,
    12358,
    12355,
    12355,
    12355,
    12355,
    12353,
    12353,
    12352,
    12351,
    12349,
    12349,
    12348,
    12348,
    12342,
    12342,
    12342,
    12338
  ],
  "proc-vmstat.nr_slab_unreclaimable": [
    7651,
    7764,
    7766,
    7990,
    7904,
    7905,
    7890,
    7904,
    7904,
    7906,
    7857,
    7857,
    7870,
    7870,
    7843,
    7843,
    7843,
    7851,
    7826,
    7826,
    7826,
    7828,
    7812,
    7812,
    7813,
    7787
  ],
  "proc-vmstat.nr_page_table_pages": [
    2904,
    3088,
    3150,
    3150,
    3150,
    3150,
    3150,
    3150,
    3150,
    3151,
    3150,
    3149,
    3148,
    3149,
    3149,
    3149,
    3148,
    3150,
    3149,
    3150,
    3149,
    3150,
    3150,
    3150,
    3146,
    3157
  ],
  "proc-vmstat.nr_kernel_stack": [
    694,
    732,
    751,
    751,
    751,
    751,
    751,
    751,
    751,
    751,
    751,
    751,
    751,
    751,
    751,
    751,
    751,
    751,
    751,
    751,
    751,
    751,
    751,
    751,
    752,
    752
  ],
  "proc-vmstat.nr_shmem": [
    24158,
    24158,
    24158,
    24158,
    24158,
    24158,
    24158,
    24158,
    24158,
    24158,
    24158,
    24158,
    24158,
    24158,
    24158,
    24158,
    24158,
    24158,
    24158,
    24158,
    24158,
    24158,
    24158,
    24158,
    24158,
    24158
  ],
  "proc-vmstat.nr_dirtied": [
    157735,
    157778,
    157783,
    157784,
    157786,
    158054,
    158086,
    158087,
    158088,
    158090,
    158091,
    158100,
    158104,
    158105,
    158106,
    158108,
    158113,
    158116,
    158117,
    158118,
    158120,
    158125,
    158130,
    158131,
    158134,
    158139
  ],
  "proc-vmstat.nr_written": [
    147278,
    147283,
    147284,
    155378,
    155339,
    155340,
    155341,
    155342,
    155646,
    155647,
    155648,
    155649,
    155650,
    155651,
    155662,
    155663,
    155664,
    155665,
    155666,
    155676,
    155677,
    155678,
    155679,
    155680,
    155688,
    155690
  ],
  "proc-vmstat.nr_dirty_threshold": [
    789800,
    789100,
    788956,
    788900,
    788917,
    788903,
    788936,
    788904,
    788891,
    788918,
    788915,
    788955,
    788944,
    788940,
    788921,
    788914,
    788888,
    788913,
    788907,
    788921,
    788909,
    788970,
    788927,
    788938,
    788944,
    788913
  ],
  "proc-vmstat.nr_dirty_background_threshold": [
    197450,
    197275,
    197239,
    197225,
    197229,
    197225,
    197234,
    197226,
    197222,
    197229,
    197228,
    197238,
    197236,
    197235,
    197230,
    197228,
    197222,
    197228,
    197226,
    197230,
    197227,
    197242,
    197231,
    197234,
    197236,
    197228
  ],
  "proc-vmstat.pgpgin": [
    689195,
    689195,
    689195,
    689195,
    689195,
    689195,
    689195,
    689195,
    689195,
    689195,
    689195,
    689195,
    689195,
    689195,
    689195,
    689195,
    689195,
    689195,
    689195,
    689195,
    689195,
    689195,
    689195,
    689195,
    689195,
    689195
  ],
  "proc-vmstat.pgpgout": [
    609856,
    609860,
    609888,
    641164,
    641168,
    642376,
    642380,
    642412,
    643592,
    643596,
    643644,
    643648,
    643688,
    643716,
    643720,
    643752,
    643788,
    643792,
    643812,
    643816,
    643848,
    643888,
    643892,
    643908,
    643912,
    643944
  ],
  "proc-vmstat.pgalloc_dma": [
    1,
    1,
    1,
    1,
    1,
    1,
    1,
    1,
    1,
    1,
    1,
    1,
    1,
    1,
    1,
    1,
    1,
    1,
    1,
    1,
    1,
    1,
    1,
    1,
    1,
    1
  ],