{
  "softirqs.time": [
    1478789398.747879,
    1478789399.6739159
  ],
  "softirqs.CPU3.HI": [
    1,
    1
  ],
  "softirqs.CPU4.HI": [
    1,
    1
  ],
  "softirqs.HI": [
    2,
    2
  ],
  "softirqs.CPU0.TIMER": [
    156618,
    156746
  ],
  "softirqs.CPU1.TIMER": [
    137463,
    137530
  ],
  "softirqs.CPU2.TIMER": [
    118003,
    118129
  ],
  "softirqs.CPU3.TIMER": [
    172266,
    172360
  ],
  "softirqs.CPU4.TIMER": [
    86475,
    86559
  ],
  "softirqs.CPU5.TIMER": [
    105325,
    105406
  ],
  "softirqs.CPU6.TIMER": [
    71782,
    71869
  ],
  "softirqs.CPU7.TIMER": [
    81267,
    81317
  ],
  "softirqs.TIMER": [
    929199,
    929916
  ],
  "softirqs.CPU4.NET_TX": [
    1475,
    1475
  ],
  "softirqs.NET_TX": [
    1475,
    1475
  ],
  "softirqs.CPU0.NET_RX": [
    13024,
    13031
  ],
  "softirqs.CPU1.NET_RX": [
    2039,
    2041
  ],
  "softirqs.CPU2.NET_RX": [
    1429,
    1433
  ],
  "softirqs.CPU3.NET_RX": [
    1283,
    1283
  ],
  "softirqs.CPU4.NET_RX": [
    10478,
    10479
  ],
  "softirqs.CPU5.NET_RX": [
    2288,
    2290
  ],
  "softirqs.CPU6.NET_RX": [
    1724,
    1724
  ],
  "softirqs.CPU7.NET_RX": [
    1452,
    1453
  ],
  "softirqs.NET_RX": [
    33717,
    33734
  ],
  "softirqs.CPU0.BLOCK": [
    17173,
    17182
  ],
  "softirqs.CPU1.BLOCK": [
    2738,
    2738
  ],
  "softirqs.CPU2.BLOCK": [
    1503,
    1503
  ],
  "softirqs.CPU3.BLOCK": [
    986,
    986
  ],
  "softirqs.CPU4.BLOCK": [
    7449,
    7451
  ],
  "softirqs.CPU5.BLOCK": [
    3269,
    3270
  ],
  "softirqs.CPU6.BLOCK": [
    2771,
    2771
  ],
  "softirqs.CPU7.BLOCK": [
    953,
    954
  ],
  "softirqs.BLOCK": [
    36842,
    36855
  ],
  "softirqs.CPU0.TASKLET": [
    46,
    46
  ],
  "softirqs.CPU1.TASKLET": [
    2,
    2
  ],
  "softirqs.CPU2.TASKLET": [
    5,
    5
  ],
  "softirqs.CPU3.TASKLET": [
    112,
    112
  ],
  "softirqs.CPU4.TASKLET": [
    26,
    26
  ],
  "softirqs.CPU5.TASKLET": [
    3,
    3
  ],
  "softirqs.CPU6.TASKLET": [
    3,
    3
  ],
  "softirqs.TASKLET": [
    197,
    197
  ],
  "softirqs.CPU0.SCHED": [
    74818,
    74873
  ],
  "softirqs.CPU1.SCHED": [
    53692,
    53719
  ],
  "softirqs.CPU2.SCHED": [
    49791,
    49832
  ],
  "softirqs.CPU3.SCHED": [
    62261,
    62298
  ],
  "softirqs.CPU4.SCHED": [
    36038,
    36065
  ],
  "softirqs.CPU5.SCHED": [
    39525,
    39553
  ],
  "softirqs.CPU6.SCHED": [
    27903,
    27933
  ],
  "softirqs.CPU7.SCHED": [
    33758,
    33776
  ],
  "softirqs.SCHED": [
    377786,
    378049
  ],
  "softirqs.CPU0.RCU": [
    107061,
    107175
  ],
  "softirqs.CPU1.RCU": [
    101293,
    101365
  ],
  "softirqs.CPU2.RCU": [
    88476,
    88584
  ],
  "softirqs.CPU3.RCU": [
    121509,
    121581
  ],
  "softirqs.CPU4.RCU": [
    62963,
    63030
  ],
  "softirqs.CPU5.RCU": [
    78189,
    78237
  ],
  "softirqs.CPU6.RCU": [
    53802,
    53863
  ],
  "softirqs.CPU7.RCU": [
    60329,
    60371
  ],
  "softirqs.RCU": [
    673622,
    674206
  ]
}