{
  "meminfo.time": [
    1478602782.6475317,
    1478602783.6600516,
    1478602784.676934,
    1478602785.718903,
    1478602786.7468536,
    1478602787.774897,
    1478602788.784803,
    1478602789.8039103,
    1478602790.8348708,
    1478602791.8689518,
    1478602792.892849,
    1478602793.9258826,
    1478602794.9598413,
    1478602795.984895,
    1478602797.0150514,
    1478602798.0440714,
    1478602799.065019,
    1478602800.0849233,
    1478602801.1098669,
    1478602802.144851,
    1478602803.1759076,
    1478602804.1989906,
    1478602805.2218509,
    1478602806.249851,
    1478602807.2670343,
    1478602808.2959251
  ],
  "meminfo.MemTotal": [
    16317260,
    16317260,
    16317260,
    16317260,
    16317260,
    16317260,
    16317260,
    16317260,
    16317260,
    16317260,
    16317260,
    16317260,
    16317260,
    16317260,
    16317260,
    16317260,
    16317260,
    16317260,
    16317260,
    16317260,
    16317260,
    16317260,
    16317260,
    16317260,
    16317260,
    16317260
  ],
  "meminfo.MemFree": [
    15154000,
    15137732,
    15136248,
    15136344,
    15136464,
    15136980,
    15137200,
    15136132,
    15136792,
    15137264,
    15137180,
    15136520,
    15137404,
    15137032,
    15136796,
    15136908,
    15136912,
    15137024,
    15137272,
    15137016,
    15137388,
    15137388,
    15137016,
    15136780,
    15137016,
    15136644
  ],
  "meminfo.MemAvailable": [
    15862936,
    15848052,
    15846688,
    15846796,
    15846916,
    15847448,
    15847664,
    15846596,
    15847264,
    15847724,
    15847648,
    15846988,
    15847876,
    15847500,
    15847264,
    15847384,
    15847388,
    15847464,
    15847712,
    15847456,
    15847840,
    15847836,
    15847472,
    15847276,
    15847512,
    15847136
  ],
  "meminfo.Buffers": [
    25632,
    25636,
    25644,
    25644,
    25656,
    25656,
    25656,
    25664,
    25664,
    25672,
    25672,
    25672,
    25680,
    25680,
    25688,
    25688,
    25688,
    25696,
    25696,
    25704,
    25704,
    25704,
    25712,
    25712,
    25720,
    25720
  ],
  "meminfo.Cached": [
    837352,
    838144,
    838248,
    838256,
    838244,
    838256,
    838256,
    838248,
    838256,
    838248,
    838256,
    838256,
    838256,
    838256,
    838248,
    838256,
    838256,
    838256,
    838256,
    838248,
    838256,
    838256,
    838256,
    838256,
    838248,
    838256
  ],
  "meminfo.Active": [
    520408,
    535396,
    535128,
    535652,
    535804,
    534848,
    535300,
    535856,
    535304,
    535528,
    536316,
    535556,
    535328,
    536256,
    535540,
    535212,
    535204,
    535456,
    535452,
    535964,
    536012,
    535568,
    536380,
    535052,
    535856,
    536632
  ],
  "meminfo.Inactive": [
    519008,
    519096,
    519184,
    519184,
    519184,
    519184,
    519184,
    519172,
    519172,
    519172,
    519172,
    519172,
    519172,
    519172,
    519172,
    519172,
    519172,
    519172,
    519172,
    519172,
    519172,
    519172,
    519172,
    519172,
    519172,
    519172
  ],
  "meminfo.Active(anon)": [
    179492,
    193404,
    193112,
    193628,
    193780,
    192812,
    193264,
    193808,
    193248,
    193472,
    194252,
    193492,
    193256,
    194184,
    193468,
    193132,
    193124,
    193368,
    193364,
    193876,
    193916,
    193472,
    194276,
    192948,
    193752,
    194520
  ],
  "meminfo.Inactive(anon)": [
    85800,
    85800,
    85800,
    85800,
    85800,
    85800,
    85800,
    85800,
    85800,
    85800,
    85800,
    85800,
    85800,
    85800,
    85800,
    85800,
    85800,
    85800,
    85800,
    85800,
    85800,
    85800,
    85800,
    85800,
    85800,
    85800
  ],
  "meminfo.Active(file)": [
    340916,
    341992,
    342016,
    342024,
    342024,
    342036,
    342036,
    342048,
    342056,
    342056,
    342064,
    342064,
    342072,
    342072,
    342072,
    342080,
    342080,
    342088,
    342088,
    342088,
    342096,
    342096,
    342104,
    342104,
    342104,
    342112
  ],
  "meminfo.Inactive(file)": [
    433208,
    433296,
    433384,
    433384,
    433384,
    433384,
    433384,
    433372,
    433372,
    433372,
    433372,
    433372,
    433372,
    433372,
    433372,
    433372,
    433372,
    433372,
    433372,
    433372,
    433372,
    433372,
    433372,
    433372,
    433372,
    433372
  ],
  "meminfo.Dirty": [
    104,
    276,
    292,
    296,
    296,
    288,
    288,
    296,
    304,
    0,
    20,
    28,
    36,
    36,
    12,
    28,
    36,
    40,
    40,
    4,
    20,
    28,
    32,
    32,
    8,
    24
  ],
  "meminfo.AnonPages": [
    176728,
    190792,
    190412,
    190396,
    190196,
    190556,
    191068,
    190628,
    190560,
    190764,
    190872,
    190340,
    190492,
    190468,
    190756,
    190328,
    190040,
    190896,
    191112,
    191452,
    190172,
    190552,
    191264,
    190476,
    191544,
    191888
  ],
  "meminfo.Mapped": [
    262092,
    261692,
    261720,
    261720,
    261720,
    261720,
    261720,
    261720,
    261720,
    261720,
    261720,
    261720,
    261720,
    261720,
    261720,
    261720,
    261720,
    261720,
    261720,
    261720,
    261720,
    261720,
    261720,
    261720,
    261720,
    261720
  ],
  "meminfo.Shmem": [
    88504,
    88504,
    88504,
    88504,
    88504,
    88504,
    88504,
    88504,
    88504,
    88504,
    88504,
    88504,
    88504,
    88504,
    88504,
    88504,
    88504,
    88504,
    88504,
    88504,
    88504,
    88504,
    88504,
    88504,
    88504,
    88504
  ],
  "meminfo.Slab": [
    77616,
    78368,
    78468,
    78472,
    78472,
    78480,
    78364,
    78432,
    78432,
    78264,
    78272,
    78300,
    78300,
    78172,
    78172,
    78172,
    78184,
    78016,
    78056,
    78060,
    78064,
    77960,
    77948,
    78024,
    78020,
    77900
  ],
  "meminfo.SReclaimable": [
    46888,
    47324,
    47344,
    47348,
    47348,
    47356,
    47352,
    47352,
    47352,
    47324,
    47324,
    47324,
    47320,
    47308,
    47308,
    47308,
    47308,
    47224,
    47224,
    47224,
    47228,
    47224,
    47224,
    47300,
    47300,
    47276
  ],
  "meminfo.SUnreclaim": [
    30728,
    31044,
    31124,
    31124,
    31124,
    31124,
    31012,
    31080,
    31080,
    30940,
    30948,
    30976,
    30980,
    30864,
    30864,
    30864,
    30876,
    30792,
    30832,
    30836,
    30836,
    30736,
    30724,
    30724,
    30720,
    30624
  ],
  "meminfo.KernelStack": [
    11056,
    11664,
    11968,
    11968,
    11968,
    11968,
    11968,
    11968,
    11968,
    12016,
    11968,
    11968,
    11968,
    11968,
    11968,
    11968,
    11968,
    11968,
    11968,
    11968,
    11968,
    11968,
    11968,
    11968,
    11968,
    11968
  ],
  "meminfo.PageTables": [
    11504,
    12224,
    12472,
    12476,
    12472,
    12476,
    12476,
    12472,
    12480,
    12464,
    12472,
    12472,
    12476,
    12472,
    12472,
    12476,
    12476,
    12480,
    12476,
    12480,
    12480,
    12468,
    12472,
    12468,
    12472,
    12468
  ],
  "meminfo.CommitLimit": [
    8158628,
    8158628,
    8158628,
    8158628,
    8158628,
    8158628,
    8158628,
    8158628,
    8158628,
    8158628,
    8158628,
    8158628,
    8158628,
    8158628,
    8158628,
    8158628,
    8158628,
    8158628,
    8158628,
    8158628,
    8158628,
    8158628,
    8158628,
    8158628,
    8158628,
    8158628
  ],