{
  "proc-vmstat.time": [
    1478602782.6308222,
    1478602783.6438491,
    1478602784.658041,
    1478602785.6978862,
    1478602786.733884,
    1478602787.7558951,
    1478602788.7790153,
    1478602789.8043015,
    1478602790.8389394,
    1478602791.8769152,
    1478602792.9078438,
    1478602793.929013,
    1478602794.9568503,
    1478602795.987886,
    1478602797.019907,
    1478602798.0538683,
    1478602799.0818598,
    1478602800.0970767,
    1478602801.12283,
    1478602802.1488998,
    1478602803.1797569,
    1478602804.2058747,
    1478602805.2270656,
    1478602806.2488532,
    1478602807.2850528,
    1478602808.3218822
  ],
  "proc-vmstat.nr_free_pages": [
    3788588,
    3784499,
    3784062,
    3784152,
    3784117,
    3784245,
    3784300,
    3784033,
    3784198,
    3784289,
    3784295,
    3784130,
    3784351,
    3784257,
    3784199,
    3784227,
    3784358,
    3784256,
    3784318,
    3784254,
    3784281,
    3784412,
    3784254,
    3784195,
    3784188,
    3784226
  ],
  "proc-vmstat.nr_alloc_batch": [
    15,
    17,
    0,
    0,
    114,
    87,
    230,
    751,
    979,
    262,
    708,
    528,
    55,
    414,
    299,
    914,
    1760,
    449,
    403,
    536,
    165,
    836,
    404,
    523,
    613,
    175
  ],
  "proc-vmstat.nr_inactive_anon": [
    21450,
    21450,
    21450,
    21450,
    21450,
    21450,
    21450,
    21450,
    21450,
    21450,
    21450,
    21450,
    21450,
    21450,
    21450,
    21450,
    21450,
    21450,
    21450,
    21450,
    21450,
    21450,
    21450,
    21450,
    21450,
    21450
  ],
  "proc-vmstat.nr_active_anon": [
    44499,
    48318,
    48392,
    47919,
    48461,
    48415,
    48202,
    48273,
    48361,
    48212,
    48319,
    48243,
    48216,
    48286,
    48367,
    48381,
    48265,
    48342,
    48227,
    48371,
    48365,
    48596,
    48586,
    48172,
    48324,
    48353
  ],
  "proc-vmstat.nr_inactive_file": [
    108302,
    108324,
    108346,
    108346,
    108346,
    108346,
    108346,
    108343,
    108343,
    108343,
    108343,
    108343,
    108343,
    108343,
    108343,
    108343,
    108343,
    108343,
    108343,
    108343,
    108343,
    108343,
    108343,
    108343,
    108343,
    108343
  ],
  "proc-vmstat.nr_active_file": [
    85229,
    85498,
    85504,
    85506,
    85506,
    85509,
    85509,
    85512,
    85514,
    85515,
    85516,
    85516,
    85518,
    85518,
    85518,
    85520,
    85520,
    85522,
    85522,
    85522,
    85524,
    85524,
    85526,
    85526,
    85526,
    85528
  ],
  "proc-vmstat.nr_anon_pages": [
    44003,
    47535,
    47733,
    47241,
    47679,
    47721,
    47474,
    47527,
    47624,
    47478,
    47523,
    47455,
    47460,
    47552,
    47689,
    47647,
    47543,
    47545,
    47599,
    47765,
    47608,
    47866,
    47898,
    47554,
    47707,
    47695
  ],
  "proc-vmstat.nr_mapped": [
    65523,
    65423,
    65430,
    65430,
    65430,
    65430,
    65430,
    65430,
    65430,
    65430,
    65430,
    65430,
    65430,
    65430,
    65430,
    65430,
    65430,
    65430,
    65430,
    65430,
    65430,
    65430,
    65430,
    65430,
    65430,
    65430
  ],
  "proc-vmstat.nr_file_pages": [
    215649,
    215945,
    215973,
    215975,
    215975,
    215978,
    215978,
    215978,
    215980,
    215981,
    215982,
    215982,
    215984,
    215984,
    215984,
    215986,
    215986,
    215988,
    215988,
    215988,
    215990,
    215990,
    215992,
    215992,
    215992,
    215994
  ],
  "proc-vmstat.nr_dirty": [
    26,
    69,
    73,
    74,
    74,
    72,
    72,
    74,
    76,
    1,
    5,
    7,
    9,
    9,
    3,
    7,
    9,
    10,
    10,
    1,
    5,
    7,
    8,
    8,
    2,
    6
  ],
  "proc-vmstat.nr_slab_reclaimable": [
    11722,
    11831,
    11836,
    11837,
    11837,
    11839,
    11838,
    11838,
    11838,
    11831,
    11831,
    11831,
    11830,
    11827,
    11827,
    11827,
    11827,
    11806,
    11806,
    11806,
    11807,
    11806,
    11806,
    11825,
    11825,
    11819
  ],
  "proc-vmstat.nr_slab_unreclaimable": [
    7682,
    7761,
    7781,
    7781,
    7781,
    7781,
    7753,
    7770,
    7770,
    7735,
    7737,
    7744,
    7745,
    7716,
    7716,
    7716,
    7719,
    7698,
    7708,
    7709,
    7709,
    7684,
    7681,
    7681,
    7680,
    7656
  ],
  "proc-vmstat.nr_page_table_pages": [
    2973,
    3056,
    3118,
    3119,
    3118,
    3119,
    3119,
    3118,
    3120,
    3115,
    3118,
    3118,
    3119,
    3118,
    3118,
    3119,
    3119,
    3120,
    3119,
    3120,
    3120,
    3117,
    3118,
    3117,
    3118,
    3117
  ],
  "proc-vmstat.nr_kernel_stack": [
    691,
    729,
    748,
    748,
    748,
    748,
    748,
    748,
    748,
    750,
    748,
    748,
    748,
    748,
    748,
    748,
    748,
    748,
    748,
    748,
    748,
    748,
    748,
    748,
    748,
    748
  ],
  "proc-vmstat.nr_shmem": [
    22126,
    22126,
    22126,
    22126,
    22126,
    22126,
    22126,
    22126,
    22126,
    22126,
    22126,
    22126,
    22126,
    22126,
    22126,
    22126,
    22126,
    22126,
    22126,
    22126,
    22126,
    22126,
    22126,
    22126,
    22126,
    22126
  ],
  "proc-vmstat.nr_dirtied": [
    79223,
    79273,
    79278,
    79280,
    79281,
    79353,
    79354,
    79357,
    79360,
    79363,
    79368,
    79371,
    79374,
    79375,
    79377,
    79382,
    79385,
    79387,
    79388,
    79390,
    79395,
    79398,
    79400,
    79401,
    79403,
    79408
  ],
  "proc-vmstat.nr_written": [
    78110,
    78115,
    78116,
    78117,
    78118,
    78192,
    78193,
    78194,
    78195,
    78273,
    78274,
    78275,
    78276,
    78277,
    78285,
    78286,
    78287,
    78288,
    78289,
    78300,
    78301,
    78302,
    78303,
    78304,
    78312,
    78313
  ],
  "proc-vmstat.nr_dirty_threshold": [
    790454,
    789694,
    789612,
    789631,
    789624,
    789650,
    789661,
    789608,
    789641,
    789659,
    789661,
    789628,
    789672,
    789654,
    789642,
    789648,
    789674,
    789654,
    789667,
    789654,
    789660,
    789686,
    789655,
    789643,
    789641,
    789649
  ],
  "proc-vmstat.nr_dirty_background_threshold": [
    197613,
    197423,
    197403,
    197407,
    197406,
    197412,
    197415,
    197402,
    197410,
    197414,
    197415,
    197407,
    197418,
    197413,
    197410,
    197412,
    197418,
    197413,
    197416,
    197413,
    197415,
    197421,
    197413,
    197410,
    197410,
    197412
  ],
  "proc-vmstat.pgpgin": [
    635531,
    635735,
    635735,
    635735,
    635735,
    635735,
    635735,
    635735,
    635735,
    635735,
    635735,
    635735,
    635735,
    635735,
    635735,
    635735,
    635735,
    635735,
    635735,
    635735,
    635735,
    635735,
    635735,
    635735,
    635735,
    635735
  ],
  "proc-vmstat.pgpgout": [
    324244,
    324248,
    324284,
    324288,
    324832,
    324836,
    324840,
    324876,
    324880,
    325192,
    325196,
    325200,
    325236,
    325240,
    325284,
    325288,
    325292,
    325324,
    325328,
    325380,
    325384,
    325388,
    325424,
    325428,
    325472,
    325476
  ],
  "proc-vmstat.pgalloc_dma": [
    1,
    1,
    1,
    1,
    1,
    1,
    1,
    1,
    1,
    1,
    1,
    1,
    1,
    1,
    1,
    1,
    1,
    1,
    1,
    1,
    1,
    1,
    1,
    1,
    1,
    1
  ],