{
  "softirqs.time": [
    1478602782.689938,
    1478602808.6173723
  ],
  "softirqs.CPU1.HI": [
    1,
    1
  ],
  "softirqs.CPU5.HI": [
    1,
    1
  ],
  "softirqs.HI": [
    2,
    2
  ],
  "softirqs.CPU0.TIMER": [
    31407,
    56510
  ],
  "softirqs.CPU1.TIMER": [
    22559,
    47634
  ],
  "softirqs.CPU2.TIMER": [
    24475,
    49583
  ],
  "softirqs.CPU3.TIMER": [
    24809,
    49908
  ],
  "softirqs.CPU4.TIMER": [
    16078,
    41175
  ],
  "softirqs.CPU5.TIMER": [
    17748,
    42845
  ],
  "softirqs.CPU6.TIMER": [
    13624,
    38704
  ],
  "softirqs.CPU7.TIMER": [
    9909,
    34993
  ],
  "softirqs.TIMER": [
    160609,
    361352
  ],
  "softirqs.CPU4.NET_TX": [
    137,
    141
  ],
  "softirqs.NET_TX": [
    137,
    141
  ],
  "softirqs.CPU0.NET_RX": [
    7142,
    7150
  ],
  "softirqs.CPU1.NET_RX": [
    1155,
    1167
  ],
  "softirqs.CPU2.NET_RX": [
    439,
    440
  ],
  "softirqs.CPU3.NET_RX": [
    344,
    347
  ],
  "softirqs.CPU4.NET_RX": [
    1892,
    1893
  ],
  "softirqs.CPU5.NET_RX": [
    530,
    537
  ],
  "softirqs.CPU6.NET_RX": [
    476,
    476
  ],
  "softirqs.CPU7.NET_RX": [
    382,
    386
  ],
  "softirqs.NET_RX": [
    12360,
    12396
  ],
  "softirqs.CPU0.BLOCK": [
    9484,
    9621
  ],
  "softirqs.CPU1.BLOCK": [
    1522,
    1522
  ],
  "softirqs.CPU2.BLOCK": [
    2161,
    2161
  ],
  "softirqs.CPU3.BLOCK": [
    889,
    889
  ],
  "softirqs.CPU4.BLOCK": [
    2630,
    2632
  ],
  "softirqs.CPU5.BLOCK": [
    1886,
    1886
  ],
  "softirqs.CPU6.BLOCK": [
    883,
    884
  ],
  "softirqs.CPU7.BLOCK": [
    669,
    671
  ],
  "softirqs.BLOCK": [
    20124,
    20266
  ],
  "softirqs.CPU0.TASKLET": [
    37,
    37
  ],
  "softirqs.CPU1.TASKLET": [
    109,
    109
  ],
  "softirqs.CPU3.TASKLET": [
    2,
    2
  ],
  "softirqs.CPU4.TASKLET": [
    4,
    4
  ],
  "softirqs.CPU5.TASKLET": [
    23,
    23
  ],
  "softirqs.CPU6.TASKLET": [
    1,
    1
  ],
  "softirqs.TASKLET": [
    176,
    176
  ],
  "softirqs.CPU0.SCHED": [
    12908,
    13199
  ],
  "softirqs.CPU1.SCHED": [
    8485,
    8761
  ],
  "softirqs.CPU2.SCHED": [
    9595,
    9891
  ],
  "softirqs.CPU3.SCHED": [
    9424,
    9728
  ],
  "softirqs.CPU4.SCHED": [
    5758,
    6047
  ],
  "softirqs.CPU5.SCHED": [
    6756,
    7059
  ],
  "softirqs.CPU6.SCHED": [
    4764,
    5051
  ],
  "softirqs.CPU7.SCHED": [
    3773,
    4066
  ],
  "softirqs.SCHED": [
    61463,
    63802
  ],
  "softirqs.CPU0.RCU": [
    21121,
    23807
  ],
  "softirqs.CPU1.RCU": [
    16040,
    18786
  ],
  "softirqs.CPU2.RCU": [
    18743,
    21357
  ],
  "softirqs.CPU3.RCU": [
    17191,
    19899
  ],
  "softirqs.CPU4.RCU": [
    11931,
    14568
  ],
  "softirqs.CPU5.RCU": [
    13075,
    15828
  ],
  "softirqs.CPU6.RCU": [
    9623,
    12414
  ],
  "softirqs.CPU7.RCU": [
    7382,
    10116
  ],
  "softirqs.RCU": [
    115106,
    136775
  ]
}