{
  "interrupts.time": [
    1481009453.9991157,
    1481009455.0990138
  ],
  "interrupts.CPU0.0:IO-APIC.2-edge.timer": [
    46,
    46
  ],
  "interrupts.0:IO-APIC.2-edge.timer": [
    46,
    46
  ],
  "interrupts.CPU0.1:IO-APIC.1-edge.i8042": [
    183,
    183
  ],
  "interrupts.CPU1.1:IO-APIC.1-edge.i8042": [
    93,
    93
  ],
  "interrupts.CPU2.1:IO-APIC.1-edge.i8042": [
    1647,
    1647
  ],
  "interrupts.CPU3.1:IO-APIC.1-edge.i8042": [
    108,
    108
  ],
  "interrupts.1:IO-APIC.1-edge.i8042": [
    2031,
    2031
  ],
  "interrupts.CPU0.7:IO-APIC.7-edge": [
    34,
    34
  ],
  "interrupts.7:IO-APIC.7-edge": [
    34,
    34
  ],
  "interrupts.CPU0.8:IO-APIC.8-edge.rtc0": [
    3,
    3
  ],
  "interrupts.CPU2.8:IO-APIC.8-edge.rtc0": [
    1,
    1
  ],
  "interrupts.8:IO-APIC.8-edge.rtc0": [
    4,
    4
  ],
  "interrupts.CPU0.9:IO-APIC.9-fasteoi.acpi": [
    5784,
    5784
  ],
  "interrupts.CPU1.9:IO-APIC.9-fasteoi.acpi": [
    107,
    107
  ],
  "interrupts.CPU2.9:IO-APIC.9-fasteoi.acpi": [
    1565,
    1565
  ],
  "interrupts.CPU3.9:IO-APIC.9-fasteoi.acpi": [
    80,
    80
  ],
  "interrupts.9:IO-APIC.9-fasteoi.acpi": [
    7536,
    7536
  ],
  "interrupts.CPU0.12:IO-APIC.12-edge.i8042": [
    7622,
    7622
  ],
  "interrupts.CPU1.12:IO-APIC.12-edge.i8042": [
    541,
    541
  ],
  "interrupts.CPU2.12:IO-APIC.12-edge.i8042": [
    11791,
    11791
  ],
  "interrupts.CPU3.12:IO-APIC.12-edge.i8042": [
    689,
    689
  ],
  "interrupts.12:IO-APIC.12-edge.i8042": [
    20643,
    20643
  ],
  "interrupts.CPU0.120:PCI-MSI.376832-edge.0000:00:17.0": [
    66209,
    66212
  ],
  "interrupts.CPU1.120:PCI-MSI.376832-edge.0000:00:17.0": [
    5788,
    5788
  ],
  "interrupts.CPU2.120:PCI-MSI.376832-edge.0000:00:17.0": [
    17022,
    17022
  ],
  "interrupts.CPU3.120:PCI-MSI.376832-edge.0000:00:17.0": [
    3760,
    3760
  ],
  "interrupts.120:PCI-MSI.376832-edge.0000:00:17.0": [
    92779,
    92782
  ],
  "interrupts.CPU0.121:PCI-MSI.327680-edge.xhci_hcd": [
    6494,
    6494
  ],
  "interrupts.CPU1.121:PCI-MSI.327680-edge.xhci_hcd": [
    84,
    84
  ],
  "interrupts.CPU2.121:PCI-MSI.327680-edge.xhci_hcd": [
    876,
    876
  ],
  "interrupts.CPU3.121:PCI-MSI.327680-edge.xhci_hcd": [
    62,
    62
  ],
  "interrupts.121:PCI-MSI.327680-edge.xhci_hcd": [
    7516,
    7516
  ],
  "interrupts.CPU0.122:PCI-MSI.32768-edge.i915": [
    1318472,
    1318541
  ],
  "interrupts.CPU1.122:PCI-MSI.32768-edge.i915": [
    30758,
    30758
  ],
  "interrupts.CPU2.122:PCI-MSI.32768-edge.i915": [
    171804,
    171804
  ],
  "interrupts.CPU3.122:PCI-MSI.32768-edge.i915": [
    38879,
    38879
  ],
  "interrupts.122:PCI-MSI.32768-edge.i915": [
    1559913,
    1559982
  ],
  "interrupts.CPU0.123:PCI-MSI.514048-edge.snd_hda_intel": [
    667,
    667
  ],
  "interrupts.CPU1.123:PCI-MSI.514048-edge.snd_hda_intel": [
    322,
    322
  ],
  "interrupts.CPU2.123:PCI-MSI.514048-edge.snd_hda_intel": [
    4143,
    4143
  ],
  "interrupts.CPU3.123:PCI-MSI.514048-edge.snd_hda_intel": [
    447,
    447
  ],
  "interrupts.123:PCI-MSI.514048-edge.snd_hda_intel": [
    5579,
    5579
  ],
  "interrupts.CPU0.124:PCI-MSI.524288-edge": [
    2,
    2
  ],
  "interrupts.CPU1.124:PCI-MSI.524288-edge": [
    12,
    12
  ],
  "interrupts.CPU2.124:PCI-MSI.524288-edge": [
    7,
    7
  ],
  "interrupts.CPU3.124:PCI-MSI.524288-edge": [
    2,
    2
  ],
  "interrupts.124:PCI-MSI.524288-edge": [
    23,
    23
  ],
  "interrupts.CPU0.125:PCI-MSI.1048576-edge.iwlwifi": [
    7,
    7
  ],
  "interrupts.CPU1.125:PCI-MSI.1048576-edge.iwlwifi": [
    7,
    7
  ],
  "interrupts.CPU2.125:PCI-MSI.1048576-edge.iwlwifi": [
    4,
    4
  ],
  "interrupts.CPU3.125:PCI-MSI.1048576-edge.iwlwifi": [
    9,
    9
  ],
  "interrupts.125:PCI-MSI.1048576-edge.iwlwifi": [
    27,
    27
  ],
  "interrupts.CPU0.126:PCI-MSI.1572864-edge.rtsx_pci": [
    51,
    51
  ],
  "interrupts.CPU2.126:PCI-MSI.1572864-edge.rtsx_pci": [
    2,
    2
  ],
  "interrupts.126:PCI-MSI.1572864-edge.rtsx_pci": [
    53,
    53
  ],
  "interrupts.CPU0.127:PCI-MSI.1574912-edge.eth0": [
    2017723,
    2017748
  ],
  "interrupts.CPU1.127:PCI-MSI.1574912-edge.eth0": [
    48080,
    48080
  ],
  "interrupts.CPU2.127:PCI-MSI.1574912-edge.eth0": [
    115439,
    115439
  ],
  "interrupts.CPU3.127:PCI-MSI.1574912-edge.eth0": [
    41718,
    41718
  ],
  "interrupts.127:PCI-MSI.1574912-edge.eth0": [
    2222960,
    2222985
  ],
  "interrupts.CPU0.NMI:Non-maskable_interrupts": [
    8,
    8
  ],
  "interrupts.CPU1.NMI:Non-maskable_interrupts": [
    34,
    34
  ],
  "interrupts.CPU2.NMI:Non-maskable_interrupts": [
    22,
    22
  ],
  "interrupts.CPU3.NMI:Non-maskable_interrupts": [
    25,
    25
  ],
  "interrupts.NMI:Non-maskable_interrupts": [
    89,
    89
  ],
  "interrupts.CPU0.LOC:Local_timer_interrupts": [
    4782822,
    4783173
  ],
  "interrupts.CPU1.LOC:Local_timer_interrupts": [
    4300416,
    4300826
  ],
  "interrupts.CPU2.LOC:Local_timer_interrupts": [
    2805439,
    2805645
  ],
  "interrupts.CPU3.LOC:Local_timer_interrupts": [
    2714486,
    2714744
  ],
  "interrupts.LOC:Local_timer_interrupts": [
    14603163,
    14604388
  ],
  "interrupts.CPU0.PMI:Performance_monitoring_interrupts": [
    8,
    8
  ],
  "interrupts.CPU1.PMI:Performance_monitoring_interrupts": [
    34,
    34
  ],
  "interrupts.CPU2.PMI:Performance_monitoring_interrupts": [
    22,
    22
  ],
  "interrupts.CPU3.PMI:Performance_monitoring_interrupts": [
    25,
    25
  ],
  "interrupts.PMI:Performance_monitoring_interrupts": [
    89,
    89
  ],
  "interrupts.CPU0.RTR:APIC_ICR_read_retries": [
    12,
    12
  ],
  "interrupts.RTR:APIC_ICR_read_retries": [
    12,
    12
  ],
  "interrupts.CPU0.RES:Rescheduling_interrupts": [
    152364,
    152387
  ],
  "interrupts.CPU1.RES:Rescheduling_interrupts": [
    241253,
    241267
  ],
  "interrupts.CPU2.RES:Rescheduling_interrupts": [
    232098,
    232111
  ],
  "interrupts.CPU3.RES:Rescheduling_interrupts": [
    177506,
    177520
  ],
  "interrupts.RES:Rescheduling_interrupts": [
    803221,
    803285
  ],
  "interrupts.CPU0.CAL:Function_call_interrupts": [
    239826,
    239848
  ],
  "interrupts.CPU1.CAL:Function_call_interrupts": [
    223052,
    223052
  ],
  "interrupts.CPU2.CAL:Function_call_interrupts": [
    263775,
    263797
  ],
  "interrupts.CPU3.CAL:Function_call_interrupts": [
    248987,
    249009
  ],
  "interrupts.CAL:Function_call_interrupts": [
    975640,
    975706
  ],
  "interrupts.CPU0.TLB:TLB_shootdowns": [
    93616,
    93619
  ],
  "interrupts.CPU1.TLB:TLB_shootdowns": [
    70624,
    70625
  ],
  "interrupts.CPU2.TLB:TLB_shootdowns": [
    68395,
    68397
  ],
  "interrupts.CPU3.TLB:TLB_shootdowns": [
    66982,
    66987
  ],
  "interrupts.TLB:TLB_shootdowns": [
    299617,
    299628
  ],
  "interrupts.CPU0.MCP:Machine_check_polls": [
    63,
    63
  ],
  "interrupts.CPU1.MCP:Machine_check_polls": [
    61,
    61
  ],
  "interrupts.CPU2.MCP:Machine_check_polls": [
    61,
    61
  ],
  "interrupts.CPU3.MCP:Machine_check_polls": [
    61,
    61
  ],
  "interrupts.MCP:Machine_check_polls": [
    246,
    246
  ],
  "interrupts.ERR": [
    34,
    34
  ]
}