{
  "meminfo.time": [
    1481009453.989834,
    1481009454.9944627
  ],
  "meminfo.MemTotal": [
    8091280,
    8091280
  ],
  "meminfo.MemFree": [
    5624728,
    5619064
  ],
  "meminfo.MemAvailable": [
    7391476,
    7385964
  ],
  "meminfo.Buffers": [
    70152,
    70156
  ],
  "meminfo.Cached": [
    1877528,
    1877672
  ],
  "meminfo.Active": [
    1505564,
    1509744
  ],
  "meminfo.Inactive": [
    769268,
    769020
  ],
  "meminfo.Active(anon)": [
    335016,
    338800
  ],
  "meminfo.Inactive(anon)": [
    140500,
    140500
  ],
  "meminfo.Active(file)": [
    1170548,
    1170944
  ],
  "meminfo.Inactive(file)": [
    628768,
    628520
  ],
  "meminfo.Dirty": [
    180,
    364
  ],
  "meminfo.AnonPages": [
    327160,
    331068
  ],
  "meminfo.Mapped": [
    333080,
    334488
  ],
  "meminfo.Shmem": [
    148380,
    148380
  ],
  "meminfo.Slab": [
    138844,
    139088
  ],
  "meminfo.SReclaimable": [
    82080,
    82084
  ],
  "meminfo.SUnreclaim": [
    56764,
    57004
  ],
  "meminfo.KernelStack": [
    11024,
    11632
  ],
  "meminfo.PageTables": [
    13772,
    14696
  ],
  "meminfo.CommitLimit": [
    4045640,
    4045640
  ],
  "meminfo.Committed_AS": [
    30734696,
    30760800
  ],
  "meminfo.VmallocTotal": [
    34359738367,
    34359738367
  ],
  "meminfo.DirectMap4k": [
    47276,
    47276
  ],
  "meminfo.DirectMap2M": [
    3008512,
    3008512
  ],
  "meminfo.DirectMap1G": [
    6291456,
    6291456
  ]
}