{
  "proc-vmstat.time": [
    1481009453.978224,
    1481009454.9815683
  ],
  "proc-vmstat.nr_free_pages": [
    1406344,
    1404941
  ],
  "proc-vmstat.nr_alloc_batch": [
    505,
    227
  ],
  "proc-vmstat.nr_inactive_anon": [
    35125,
    35125
  ],
  "proc-vmstat.nr_active_anon": [
    83643,
    84546
  ],
  "proc-vmstat.nr_inactive_file": [
    157192,
    157130
  ],
  "proc-vmstat.nr_active_file": [
    292637,
    292736
  ],
  "proc-vmstat.nr_anon_pages": [
    81679,
    82619
  ],
  "proc-vmstat.nr_mapped": [
    83087,
    83448
  ],
  "proc-vmstat.nr_file_pages": [
    486920,
    486957
  ],
  "proc-vmstat.nr_dirty": [
    45,
    91
  ],
  "proc-vmstat.nr_slab_reclaimable": [
    20520,
    20521
  ],
  "proc-vmstat.nr_slab_unreclaimable": [
    14191,
    14251
  ],
  "proc-vmstat.nr_page_table_pages": [
    3388,
    3610
  ],
  "proc-vmstat.nr_kernel_stack": [
    689,
    727
  ],
  "proc-vmstat.nr_shmem": [
    37095,
    37095
  ],
  "proc-vmstat.nr_dirtied": [
    1974373,
    1974420
  ],
  "proc-vmstat.nr_written": [
    1920237,
    1920238
  ],
  "proc-vmstat.nr_dirty_threshold": [
    367328,
    367055
  ],
  "proc-vmstat.nr_dirty_background_threshold": [
    91832,
    91763
  ],
  "proc-vmstat.pgpgin": [
    890386,
    890386
  ],
  "proc-vmstat.pgpgout": [
    7872880,
    7872884
  ],
  "proc-vmstat.pgalloc_dma32": [
    4867238,
    4871324
  ],
  "proc-vmstat.pgalloc_normal": [
    9810594,
    9819012
  ],
  "proc-vmstat.pgfree": [
    16085092,
    16096114
  ],
  "proc-vmstat.pgactivate": [
    998365,
    998384
  ],
  "proc-vmstat.pgfault": [
    18786018,
    18801400
  ],
  "proc-vmstat.pgmajfault": [
    6580,
    6580
  ],
  "proc-vmstat.pageoutrun": [
    1,
    1
  ],
  "proc-vmstat.pgrotated": [
    2,
    2
  ]
}