{
  "proc-vmstat.time": [
    1481010231.62872,
    1481010232.6334972
  ],
  "proc-vmstat.nr_free_pages": [
    1488198,
    1486783
  ],
  "proc-vmstat.nr_alloc_batch": [
    618,
    670
  ],
  "proc-vmstat.nr_inactive_anon": [
    21015,
    21015
  ],
  "proc-vmstat.nr_active_anon": [
    79344,
    80213
  ],
  "proc-vmstat.nr_inactive_file": [
    175530,
    175506
  ],
  "proc-vmstat.nr_active_file": [
    218138,
    218305
  ],
  "proc-vmstat.nr_anon_pages": [
    77417,
    78280
  ],
  "proc-vmstat.nr_mapped": [
    86672,
    86673
  ],
  "proc-vmstat.nr_file_pages": [
    416588,
    416793
  ],
  "proc-vmstat.nr_dirty": [
    44,
    92
  ],
  "proc-vmstat.nr_slab_reclaimable": [
    18986,
    19038
  ],
  "proc-vmstat.nr_slab_unreclaimable": [
    8327,
    8398
  ],
  "proc-vmstat.nr_page_table_pages": [
    3883,
    4042
  ],
  "proc-vmstat.nr_kernel_stack": [
    769,
    804
  ],
  "proc-vmstat.nr_shmem": [
    22986,
    22986
  ],
  "proc-vmstat.nr_dirtied": [
    282903,
    282954
  ],
  "proc-vmstat.nr_written": [
    277985,
    277988
  ],
  "proc-vmstat.nr_dirty_threshold": [
    372466,
    372212
  ],
  "proc-vmstat.nr_dirty_background_threshold": [
    93116,
    93053
  ],
  "proc-vmstat.pgpgin": [
    679986,
    680238
  ],
  "proc-vmstat.pgpgout": [
    1129416,
    1129424
  ],
  "proc-vmstat.pgalloc_dma32": [
    508287,
    512668
  ],
  "proc-vmstat.pgalloc_normal": [
    1015441,
    1023842
  ],
  "proc-vmstat.pgfree": [
    3012687,
    3023992
  ],
  "proc-vmstat.pgactivate": [
    176952,
    176979
  ],
  "proc-vmstat.pgfault": [
    1340786,
    1356246
  ],
  "proc-vmstat.pgmajfault": [
    4851,
    4856
  ],
  "proc-vmstat.pageoutrun": [
    1,
    1
  ]
}