{
  "softirqs.time": [
    1481010231.6539645,
    1481010232.761703
  ],
  "softirqs.CPU0.HI": [
    5,
    5
  ],
  "softirqs.CPU1.HI": [
    1,
    1
  ],
  "softirqs.HI": [
    6,
    6
  ],
  "softirqs.CPU0.TIMER": [
    122253,
    122597
  ],
  "softirqs.CPU1.TIMER": [
    121830,
    122300
  ],
  "softirqs.CPU2.TIMER": [
    121854,
    122181
  ],
  "softirqs.CPU3.TIMER": [
    91050,
    91287
  ],
  "softirqs.TIMER": [
    456987,
    458365
  ],
  "softirqs.CPU2.NET_TX": [
    59,
    59
  ],
  "softirqs.NET_TX": [
    59,
    59
  ],
  "softirqs.CPU0.NET_RX": [
    87751,
    87770
  ],
  "softirqs.CPU1.NET_RX": [
    49648,
    49656
  ],
  "softirqs.CPU2.NET_RX": [
    125151,
    125159
  ],
  "softirqs.CPU3.NET_RX": [
    65202,
    65210
  ],
  "softirqs.NET_RX": [
    327752,
    327795
  ],
  "softirqs.CPU0.BLOCK": [
    6505,
    6509
  ],
  "softirqs.CPU1.BLOCK": [
    4055,
    4057
  ],
  "softirqs.CPU2.BLOCK": [
    10266,
    10272
  ],
  "softirqs.CPU3.BLOCK": [
    3148,
    3150
  ],
  "softirqs.BLOCK": [
    23974,
    23988
  ],
  "softirqs.CPU0.TASKLET": [
    95,
    95
  ],
  "softirqs.CPU1.TASKLET": [
    28,
    28
  ],
  "softirqs.CPU2.TASKLET": [
    47,
    47
  ],
  "softirqs.CPU3.TASKLET": [
    12,
    12
  ],
  "softirqs.TASKLET": [
    182,
    182
  ],
  "softirqs.CPU0.SCHED": [
    53287,
    53451
  ],
  "softirqs.CPU1.SCHED": [
    53107,
    53245
  ],
  "softirqs.CPU2.SCHED": [
    45134,
    45293
  ],
  "softirqs.CPU3.SCHED": [
    42629,
    42727
  ],
  "softirqs.SCHED": [
    194157,
    194716
  ],
  "softirqs.CPU0.RCU": [
    81925,
    82183
  ],
  "softirqs.CPU1.RCU": [
    82254,
    82574
  ],
  "softirqs.CPU2.RCU": [
    75861,
    76122
  ],
  "softirqs.CPU3.RCU": [
    64125,
    64347
  ],
  "softirqs.RCU": [
    304165,
    305226
  ]
}