{
  "interrupts.time": [
    1478605302.8600361,
    1478605558.2116666
  ],
  "interrupts.CPU0.0:IO-APIC.2-edge.timer": [
    37,
    37
  ],
  "interrupts.0:IO-APIC.2-edge.timer": [
    37,
    37
  ],
  "interrupts.CPU2.1:IO-APIC.1-edge.i8042": [
    2,
    2
  ],
  "interrupts.1:IO-APIC.1-edge.i8042": [
    2,
    2
  ],
  "interrupts.CPU0.8:IO-APIC.8-edge.rtc0": [
    1,
    1
  ],
  "interrupts.8:IO-APIC.8-edge.rtc0": [
    1,
    1
  ],
  "interrupts.CPU4.9:IO-APIC.9-fasteoi.acpi": [
    3,
    3
  ],
  "interrupts.9:IO-APIC.9-fasteoi.acpi": [
    3,
    3
  ],
  "interrupts.CPU1.12:IO-APIC.12-edge.i8042": [
    1,
    1
  ],
  "interrupts.CPU5.12:IO-APIC.12-edge.i8042": [
    3,
    3
  ],
  "interrupts.12:IO-APIC.12-edge.i8042": [
    4,
    4
  ],
  "interrupts.CPU0.120:PCI-MSI.376832-edge.0000:00:17.0": [
    16304,
    16338
  ],
  "interrupts.CPU1.120:PCI-MSI.376832-edge.0000:00:17.0": [
    2724,
    2747
  ],
  "interrupts.CPU2.120:PCI-MSI.376832-edge.0000:00:17.0": [
    2659,
    2674
  ],
  "interrupts.CPU3.120:PCI-MSI.376832-edge.0000:00:17.0": [
    1063,
    1086
  ],
  "interrupts.CPU4.120:PCI-MSI.376832-edge.0000:00:17.0": [
    4044,
    4061
  ],
  "interrupts.CPU5.120:PCI-MSI.376832-edge.0000:00:17.0": [
    2421,
    3181
  ],
  "interrupts.CPU6.120:PCI-MSI.376832-edge.0000:00:17.0": [
    1579,
    1583
  ],
  "interrupts.CPU7.120:PCI-MSI.376832-edge.0000:00:17.0": [
    1018,
    1044
  ],
  "interrupts.120:PCI-MSI.376832-edge.0000:00:17.0": [
    31812,
    32714
  ],
  "interrupts.CPU0.121:PCI-MSI.327680-edge.xhci_hcd": [
    277,
    278
  ],
  "interrupts.CPU1.121:PCI-MSI.327680-edge.xhci_hcd": [
    23,
    23
  ],
  "interrupts.CPU2.121:PCI-MSI.327680-edge.xhci_hcd": [
    2,
    2
  ],
  "interrupts.CPU3.121:PCI-MSI.327680-edge.xhci_hcd": [
    9,
    9
  ],
  "interrupts.CPU4.121:PCI-MSI.327680-edge.xhci_hcd": [
    13,
    14
  ],
  "interrupts.CPU5.121:PCI-MSI.327680-edge.xhci_hcd": [
    37,
    78
  ],
  "interrupts.CPU6.121:PCI-MSI.327680-edge.xhci_hcd": [
    2,
    3
  ],
  "interrupts.CPU7.121:PCI-MSI.327680-edge.xhci_hcd": [
    17,
    17
  ],
  "interrupts.121:PCI-MSI.327680-edge.xhci_hcd": [
    380,
    424
  ],
  "interrupts.CPU0.122:PCI-MSI.32768-edge.i915": [
    1720,
    1720
  ],
  "interrupts.CPU1.122:PCI-MSI.32768-edge.i915": [
    436,
    436
  ],
  "interrupts.CPU2.122:PCI-MSI.32768-edge.i915": [
    334,
    334
  ],
  "interrupts.CPU3.122:PCI-MSI.32768-edge.i915": [
    215,
    215
  ],
  "interrupts.CPU4.122:PCI-MSI.32768-edge.i915": [
    721,
    723
  ],
  "interrupts.CPU5.122:PCI-MSI.32768-edge.i915": [
    415,
    429
  ],
  "interrupts.CPU6.122:PCI-MSI.32768-edge.i915": [
    261,
    261
  ],
  "interrupts.CPU7.122:PCI-MSI.32768-edge.i915": [
    142,
    142
  ],
  "interrupts.122:PCI-MSI.32768-edge.i915": [
    4244,
    4260
  ],
  "interrupts.CPU0.123:PCI-MSI.514048-edge.snd_hda_intel": [
    310,
    310
  ],
  "interrupts.CPU1.123:PCI-MSI.514048-edge.snd_hda_intel": [
    2,
    2
  ],
  "interrupts.CPU2.123:PCI-MSI.514048-edge.snd_hda_intel": [
    4,
    4
  ],
  "interrupts.CPU3.123:PCI-MSI.514048-edge.snd_hda_intel": [
    3,
    3
  ],
  "interrupts.CPU4.123:PCI-MSI.514048-edge.snd_hda_intel": [
    80,
    80
  ],
  "interrupts.CPU5.123:PCI-MSI.514048-edge.snd_hda_intel": [
    55,
    55
  ],
  "interrupts.CPU6.123:PCI-MSI.514048-edge.snd_hda_intel": [
    50,
    50
  ],
  "interrupts.123:PCI-MSI.514048-edge.snd_hda_intel": [
    504,
    504
  ],
  "interrupts.CPU0.124:PCI-MSI.2097152-edge.eth0": [
    90819,
    90822
  ],
  "interrupts.CPU1.124:PCI-MSI.2097152-edge.eth0": [
    7291,
    7294
  ],
  "interrupts.CPU2.124:PCI-MSI.2097152-edge.eth0": [
    4688,
    4689
  ],
  "interrupts.CPU3.124:PCI-MSI.2097152-edge.eth0": [
    3499,
    3501
  ],
  "interrupts.CPU4.124:PCI-MSI.2097152-edge.eth0": [
    16691,
    16692
  ],
  "interrupts.CPU5.124:PCI-MSI.2097152-edge.eth0": [
    5696,
    5722
  ],
  "interrupts.CPU6.124:PCI-MSI.2097152-edge.eth0": [
    5987,
    5987
  ],
  "interrupts.CPU7.124:PCI-MSI.2097152-edge.eth0": [
    4788,
    4791
  ],
  "interrupts.124:PCI-MSI.2097152-edge.eth0": [
    139459,
    139498
  ],
  "interrupts.CPU0.NMI:Non-maskable_interrupts": [
    15,
    15
  ],
  "interrupts.CPU1.NMI:Non-maskable_interrupts": [
    6,
    31
  ],
  "interrupts.CPU2.NMI:Non-maskable_interrupts": [
    6,
    6
  ],
  "interrupts.CPU3.NMI:Non-maskable_interrupts": [
    6,
    6
  ],
  "interrupts.CPU4.NMI:Non-maskable_interrupts": [
    46,
    46
  ],
  "interrupts.CPU5.NMI:Non-maskable_interrupts": [
    30,
    31
  ],
  "interrupts.CPU6.NMI:Non-maskable_interrupts": [
    5,
    5
  ],
  "interrupts.CPU7.NMI:Non-maskable_interrupts": [
    5,
    6
  ],
  "interrupts.NMI:Non-maskable_interrupts": [
    119,
    146
  ],
  "interrupts.CPU0.LOC:Local_timer_interrupts": [
    288484,
    303171
  ],
  "interrupts.CPU1.LOC:Local_timer_interrupts": [
    185641,
    440100
  ],
  "interrupts.CPU2.LOC:Local_timer_interrupts": [
    192460,
    207804
  ],
  "interrupts.CPU3.LOC:Local_timer_interrupts": [
    189404,
    203946
  ],
  "interrupts.CPU4.LOC:Local_timer_interrupts": [
    536692,
    549795
  ],
  "interrupts.CPU5.LOC:Local_timer_interrupts": [
    391419,
    396543
  ],
  "interrupts.CPU6.LOC:Local_timer_interrupts": [
    137819,
    148674
  ],
  "interrupts.CPU7.LOC:Local_timer_interrupts": [
    136141,
    148233
  ],
  "interrupts.LOC:Local_timer_interrupts": [
    2058060,
    2398266
  ],
  "interrupts.CPU0.PMI:Performance_monitoring_interrupts": [
    15,
    15
  ],
  "interrupts.CPU1.PMI:Performance_monitoring_interrupts": [
    6,
    31
  ],
  "interrupts.CPU2.PMI:Performance_monitoring_interrupts": [
    6,
    6
  ],
  "interrupts.CPU3.PMI:Performance_monitoring_interrupts": [
    6,
    6
  ],
  "interrupts.CPU4.PMI:Performance_monitoring_interrupts": [
    46,
    46
  ],
  "interrupts.CPU5.PMI:Performance_monitoring_interrupts": [
    30,
    31
  ],
  "interrupts.CPU6.PMI:Performance_monitoring_interrupts": [
    5,
    5
  ],
  "interrupts.CPU7.PMI:Performance_monitoring_interrupts": [
    5,
    6
  ],
  "interrupts.PMI:Performance_monitoring_interrupts": [
    119,
    146
  ],
  "interrupts.CPU0.RTR:APIC_ICR_read_retries": [
    7,
    7
  ],
  "interrupts.RTR:APIC_ICR_read_retries": [
    7,
    7
  ],
  "interrupts.CPU0.RES:Rescheduling_interrupts": [
    4567,
    4919
  ],
  "interrupts.CPU1.RES:Rescheduling_interrupts": [
    3581,
    3706
  ],
  "interrupts.CPU2.RES:Rescheduling_interrupts": [
    4636,
    4946
  ],
  "interrupts.CPU3.RES:Rescheduling_interrupts": [
    3800,
    4073
  ],
  "interrupts.CPU4.RES:Rescheduling_interrupts": [
    2509,
    2626
  ],
  "interrupts.CPU5.RES:Rescheduling_interrupts": [
    3002,
    3016
  ],
  "interrupts.CPU6.RES:Rescheduling_interrupts": [
    1108,
    1148
  ],
  "interrupts.CPU7.RES:Rescheduling_interrupts": [
    878,
    974
  ],
  "interrupts.RES:Rescheduling_interrupts": [
    24081,
    25408
  ],
  "interrupts.CPU0.CAL:Function_call_interrupts": [
    4294937545,
    4294937545
  ],
  "interrupts.CPU1.CAL:Function_call_interrupts": [
    4294936547,
    4294936547
  ],
  "interrupts.CPU2.CAL:Function_call_interrupts": [
    4294936613,
    4294936613
  ],
  "interrupts.CPU3.CAL:Function_call_interrupts": [
    4294937250,
    4294937250
  ],
  "interrupts.CPU4.CAL:Function_call_interrupts": [
    4294937415,
    4294937415
  ],
  "interrupts.CPU5.CAL:Function_call_interrupts": [
    4294936151,
    4294936151
  ],
  "interrupts.CPU6.CAL:Function_call_interrupts": [
    4294936558,
    4294936558
  ],
  "interrupts.CPU7.CAL:Function_call_interrupts": [
    4294937197,
    4294937197
  ],
  "interrupts.CAL:Function_call_interrupts": [
    34359495276,
    34359495276
  ],
  "interrupts.CPU0.TLB:TLB_shootdowns": [
    2917350,
    2917375
  ],
  "interrupts.CPU1.TLB:TLB_shootdowns": [
    2912388,
    2912388
  ],