{
  "softirqs.time": [
    1478605302.867485,
    1478605558.2119148
  ],
  "softirqs.CPU1.HI": [
    1,
    1
  ],
  "softirqs.CPU5.HI": [
    1,
    1
  ],
  "softirqs.HI": [
    2,
    2
  ],
  "softirqs.CPU0.TIMER": [
    266138,
    278482
  ],
  "softirqs.CPU1.TIMER": [
    159147,
    413581
  ],
  "softirqs.CPU2.TIMER": [
    168040,
    180365
  ],
  "softirqs.CPU3.TIMER": [
    161995,
    174603
  ],
  "softirqs.CPU4.TIMER": [
    532544,
    544544
  ],
  "softirqs.CPU5.TIMER": [
    383830,
    388492
  ],
  "softirqs.CPU6.TIMER": [
    129651,
    138825
  ],
  "softirqs.CPU7.TIMER": [
    125711,
    136916
  ],
  "softirqs.TIMER": [
    1927056,
    2255808
  ],
  "softirqs.CPU4.NET_TX": [
    557,
    600
  ],
  "softirqs.NET_TX": [
    557,
    600
  ],
  "softirqs.CPU0.NET_RX": [
    90819,
    90822
  ],
  "softirqs.CPU1.NET_RX": [
    7291,
    7294
  ],
  "softirqs.CPU2.NET_RX": [
    4688,
    4689
  ],
  "softirqs.CPU3.NET_RX": [
    3499,
    3501
  ],
  "softirqs.CPU4.NET_RX": [
    16691,
    16692
  ],
  "softirqs.CPU5.NET_RX": [
    5696,
    5722
  ],
  "softirqs.CPU6.NET_RX": [
    5987,
    5987
  ],
  "softirqs.CPU7.NET_RX": [
    4788,
    4791
  ],
  "softirqs.NET_RX": [
    139459,
    139498
  ],
  "softirqs.CPU0.BLOCK": [
    16310,
    16344
  ],
  "softirqs.CPU1.BLOCK": [
    2731,
    2754
  ],
  "softirqs.CPU2.BLOCK": [
    2667,
    2682
  ],
  "softirqs.CPU3.BLOCK": [
    1067,
    1090
  ],
  "softirqs.CPU4.BLOCK": [
    4013,
    4030
  ],
  "softirqs.CPU5.BLOCK": [
    2422,
    3182
  ],
  "softirqs.CPU6.BLOCK": [
    1579,
    1583
  ],
  "softirqs.CPU7.BLOCK": [
    1023,
    1049
  ],
  "softirqs.BLOCK": [
    31812,
    32714
  ],
  "softirqs.CPU0.TASKLET": [
    7869,
    7869
  ],
  "softirqs.CPU1.TASKLET": [
    182,
    182
  ],
  "softirqs.CPU2.TASKLET": [
    74,
    74
  ],
  "softirqs.CPU3.TASKLET": [
    114,
    114
  ],
  "softirqs.CPU4.TASKLET": [
    534,
    535
  ],
  "softirqs.CPU5.TASKLET": [
    69,
    69
  ],
  "softirqs.CPU6.TASKLET": [
    68,
    68
  ],
  "softirqs.CPU7.TASKLET": [
    121,
    121
  ],
  "softirqs.TASKLET": [
    9031,
    9032
  ],
  "softirqs.CPU0.SCHED": [
    57066,
    62315
  ],
  "softirqs.CPU1.SCHED": [
    39317,
    41827
  ],
  "softirqs.CPU2.SCHED": [
    43420,
    47689
  ],
  "softirqs.CPU3.SCHED": [
    41790,
    45957
  ],
  "softirqs.CPU4.SCHED": [
    27798,
    31815
  ],
  "softirqs.CPU5.SCHED": [
    30971,
    32766
  ],
  "softirqs.CPU6.SCHED": [
    28420,
    31601
  ],
  "softirqs.CPU7.SCHED": [
    27144,
    30934
  ],
  "softirqs.SCHED": [
    295926,
    324904
  ],
  "softirqs.CPU0.RCU": [
    92231,
    101581
  ],
  "softirqs.CPU1.RCU": [
    86260,
    100614
  ],
  "softirqs.CPU2.RCU": [
    92643,
    102400
  ],
  "softirqs.CPU3.RCU": [
    88633,
    98819
  ],
  "softirqs.CPU4.RCU": [
    78985,
    88553
  ],
  "softirqs.CPU5.RCU": [
    79471,
    82869
  ],
  "softirqs.CPU6.RCU": [
    67310,
    74496
  ],
  "softirqs.CPU7.RCU": [
    64657,
    73772
  ],
  "softirqs.RCU": [
    650190,
    723104
  ]
}