{
  "meminfo.time": [
    1478605068.1516402,
    1478605069.1620371,
    1478605070.1989331,
    1478605071.2408788,
    1478605072.2728577,
    1478605073.3088527,
    1478605074.340893,
    1478605075.3648243,
    1478605076.3909013,
    1478605077.4168396,
    1478605078.4508755,
    1478605079.4780428,
    1478605080.4998956,
    1478605081.5248883,
    1478605082.5578556,
    1478605083.5868654,
    1478605084.6116643,
    1478605085.6358802,
    1478605086.6719067,
    1478605087.6970806,
    1478605088.7289023,
    1478605089.760887,
    1478605090.789839,
    1478605091.8166606,
    1478605092.8539174,
    1478605093.8918872
  ],
  "meminfo.MemTotal": [
    16317260,
    16317260,
    16317260,
    16317260,
    16317260,
    16317260,
    16317260,
    16317260,
    16317260,
    16317260,
    16317260,
    16317260,
    16317260,
    16317260,
    16317260,
    16317260,
    16317260,
    16317260,
    16317260,
    16317260,
    16317260,
    16317260,
    16317260,
    16317260,
    16317260,
    16317260
  ],
  "meminfo.MemFree": [
    15131060,
    15114108,
    15112324,
    15112556,
    15112428,
    15112692,
    15113572,
    15112884,
    15113184,
    15113204,
    15112168,
    15112932,
    15112272,
    15113052,
    15112640,
    15112400,
    15113252,
    15113292,
    15113388,
    15113028,
    15112684,
    15112392,
    15113220,
    15112452,
    15113196,
    15112608
  ],
  "meminfo.MemAvailable": [
    15876284,
    15859280,
    15857512,
    15858016,
    15857888,
    15858152,
    15859048,
    15858348,
    15858660,
    15858676,
    15857640,
    15858412,
    15857752,
    15858532,
    15858116,
    15857876,
    15858736,
    15858772,
    15858880,
    15858520,
    15858176,
    15857880,
    15858708,
    15857948,
    15858676,
    15858096
  ],
  "meminfo.Buffers": [
    35108,
    35108,
    35332,
    35332,
    35332,
    35348,
    35348,
    35360,
    35360,
    35360,
    35368,
    35368,
    35376,
    35376,
    35376,
    35384,
    35384,
    35392,
    35392,
    35392,
    35400,
    35400,
    35408,
    35408,
    35408,
    35416
  ],
  "meminfo.Cached": [
    861948,
    862100,
    861892,
    862116,
    862116,
    862100,
    862116,
    862104,
    862116,
    862116,
    862108,
    862116,
    862108,
    862116,
    862116,
    862108,
    862116,
    862108,
    862116,
    862116,
    862108,
    862116,
    862108,
    862116,
    862116,
    862116
  ],
  "meminfo.Active": [
    606720,
    621268,
    621896,
    621992,
    622320,
    622132,
    622228,
    621812,
    621712,
    621088,
    622164,
    621996,
    622832,
    622364,
    621792,
    622044,
    621876,
    621612,
    621932,
    621888,
    622900,
    621848,
    623028,
    622712,
    621476,
    621428
  ],
  "meminfo.Inactive": [
    457408,
    457108,
    457108,
    457108,
    457108,
    457108,
    457108,
    457096,
    457096,
    457096,
    457096,
    457096,
    457096,
    457096,
    457096,
    457096,
    457096,
    457096,
    457096,
    457096,
    457096,
    457096,
    457096,
    457096,
    457096,
    457096
  ],
  "meminfo.Active(anon)": [
    169528,
    183860,
    184472,
    184344,
    184672,
    184484,
    184564,
    184136,
    184024,
    183400,
    184476,
    184300,
    185136,
    184660,
    184088,
    184340,
    184164,
    183900,
    184212,
    184168,
    185180,
    184120,
    185300,
    184976,
    183740,
    183684
  ],
  "meminfo.Inactive(anon)": [
    85800,
    85800,
    85800,
    85800,
    85800,
    85800,
    85800,
    85800,
    85800,
    85800,
    85800,
    85800,
    85800,
    85800,
    85800,
    85800,
    85800,
    85800,
    85800,
    85800,
    85800,
    85800,
    85800,
    85800,
    85800,
    85800
  ],
  "meminfo.Active(file)": [
    437192,
    437408,
    437424,
    437648,
    437648,
    437648,
    437664,
    437676,
    437688,
    437688,
    437688,
    437696,
    437696,
    437704,
    437704,
    437704,
    437712,
    437712,
    437720,
    437720,
    437720,
    437728,
    437728,
    437736,
    437736,
    437744
  ],
  "meminfo.Inactive(file)": [
    371608,
    371308,
    371308,
    371308,
    371308,
    371308,
    371308,
    371296,
    371296,
    371296,
    371296,
    371296,
    371296,
    371296,
    371296,
    371296,
    371296,
    371296,
    371296,
    371296,
    371296,
    371296,
    371296,
    371296,
    371296,
    371296
  ],
  "meminfo.Dirty": [
    35416,
    35540,
    136,
    144,
    144,
    1308,
    1448,
    1448,
    1312,
    1312,
    1312,
    1316,
    160,
    12,
    12,
    12,
    28,
    28,
    28,
    28,
    28,
    28,
    36,
    20,
    20,
    36
  ],
  "meminfo.Writeback": [
    0,
    0,
    6988,
    0,
    0,
    0,
    0,
    0,
    0,
    0,
    0,
    0,
    0,
    0,
    0,
    0,
    0,
    0,
    0,
    0,
    0,
    0,
    0,
    0,
    4,
    0
  ],
  "meminfo.AnonPages": [
    167284,
    181276,
    181236,
    181556,
    182252,
    181328,
    181096,
    181228,
    181660,
    181008,
    181440,
    181592,
    182204,
    181672,
    181212,
    181212,
    181344,
    181032,
    181448,
    181464,
    182448,
    181116,
    182088,
    181680,
    181208,
    180924
  ],
  "meminfo.Mapped": [
    248068,
    247568,
    247596,
    247596,
    247596,
    247596,
    247596,
    247596,
    247596,
    247596,
    247596,
    247596,
    247596,
    247596,
    247596,
    247596,
    247596,
    247596,
    247596,
    247596,
    247596,
    247596,
    247596,
    247596,
    247596,
    247596
  ],
  "meminfo.Shmem": [
    88504,
    88504,
    88504,
    88504,
    88504,
    88504,
    88504,
    88504,
    88504,
    88504,
    88504,
    88504,
    88504,
    88504,
    88504,
    88504,
    88504,
    88504,
    88504,
    88504,
    88504,
    88504,
    88504,
    88504,
    88504,
    88504
  ],
  "meminfo.Slab": [
    80504,
    80828,
    81860,
    81524,
    81524,
    81536,
    81536,
    81544,
    81496,
    81332,
    81332,
    81324,
    81336,
    81216,
    81212,
    81208,
    81204,
    81156,
    81160,
    81160,
    81160,
    81044,
    81088,
    81080,
    80932,
    80932
  ],
  "meminfo.SReclaimable": [
    50112,
    50172,
    50172,
    50268,
    50268,
    50272,
    50272,
    50248,
    50248,
    50236,
    50236,
    50236,
    50236,
    50220,
    50216,
    50212,
    50212,
    50208,
    50216,
    50216,
    50216,
    50192,
    50192,
    50188,
    50156,
    50156
  ],
  "meminfo.SUnreclaim": [
    30392,
    30656,
    31688,
    31256,
    31256,
    31264,
    31264,
    31296,
    31248,
    31096,
    31096,
    31088,
    31100,
    30996,
    30996,
    30996,
    30992,
    30948,
    30944,
    30944,
    30944,
    30852,
    30896,
    30892,
    30776,
    30776
  ],
  "meminfo.KernelStack": [
    9648,
    10256,
    10560,
    10560,
    10560,
    10560,
    10560,
    10560,
    10560,
    10560,
    10560,
    10560,
    10560,
    10560,
    10560,
    10560,
    10544,
    10544,
    10544,
    10544,
    10544,
    10544,
    10544,
    10544,
    10560,
    10544
  ],
  "meminfo.PageTables": [
    9580,
    10196,
    10440,
    10448,
    10440,
    10448,
    10444,
    10444,
    10444,
    10440,
    10440,
    10440,
    10448,
    10448,
    10444,
    10444,
    10448,
    10448,
    10448,
    10448,
    10448,
    10444,
    10444,
    10436,
    10444,
    10436
  ],
  "meminfo.CommitLimit": [
    8158628,
    8158628,
    8158628,
    8158628,
    8158628,
    8158628,
    8158628,
    8158628,
    8158628,
    8158628,
    8158628,
    8158628,
    8158628,
    8158628,
    8158628,
    8158628,
    8158628,
    8158628,
    8158628,
    8158628,
    8158628,
    8158628,
    8158628,
    8158628,
    8158628,
    8158628
  ],