{
  "ebizzy.throughput": [
    66476,
    66653,
    66696,
    66426,
    66157
  ],
  "ebizzy.throughput.per_thread.min": [
    4078,
    4019,
    3971,
    3942,
    3995
  ],
  "ebizzy.throughput.per_thread.max": [
    4282,
    4436,
    4630,
    4328,
    4372
  ],
  "ebizzy.throughput.per_thread.stddev_percent": [
    0.06797865124208867,
    0.20327982354059185,
    0.2639202107193304,
    0.16637370028043455,
    0.1779499691379551
  ],
  "ebizzy.time.real": [
    5.0,
    5.0,
    5.0,
    5.0,
    5.0
  ],
  "ebizzy.time.user": [
    9.31,
    9.52,
    9.59,
    9.52,
    9.53
  ],
  "ebizzy.time.sys": [
    30.57,
    30.36,
    30.31,
    30.36,
    30.36
  ]
}