{
  "interrupts.time": [
    1478605068.1573415,
    1478605094.172167
  ],
  "interrupts.CPU0.0:IO-APIC.2-edge.timer": [
    37,
    37
  ],
  "interrupts.0:IO-APIC.2-edge.timer": [
    37,
    37
  ],
  "interrupts.CPU2.1:IO-APIC.1-edge.i8042": [
    2,
    2
  ],
  "interrupts.1:IO-APIC.1-edge.i8042": [
    2,
    2
  ],
  "interrupts.CPU0.8:IO-APIC.8-edge.rtc0": [
    1,
    1
  ],
  "interrupts.8:IO-APIC.8-edge.rtc0": [
    1,
    1
  ],
  "interrupts.CPU4.9:IO-APIC.9-fasteoi.acpi": [
    3,
    3
  ],
  "interrupts.9:IO-APIC.9-fasteoi.acpi": [
    3,
    3
  ],
  "interrupts.CPU1.12:IO-APIC.12-edge.i8042": [
    1,
    1
  ],
  "interrupts.CPU5.12:IO-APIC.12-edge.i8042": [
    3,
    3
  ],
  "interrupts.12:IO-APIC.12-edge.i8042": [
    4,
    4
  ],
  "interrupts.CPU0.120:PCI-MSI.376832-edge.0000:00:17.0": [
    15198,
    15519
  ],
  "interrupts.CPU1.120:PCI-MSI.376832-edge.0000:00:17.0": [
    2662,
    2662
  ],
  "interrupts.CPU2.120:PCI-MSI.376832-edge.0000:00:17.0": [
    2620,
    2620
  ],
  "interrupts.CPU3.120:PCI-MSI.376832-edge.0000:00:17.0": [
    1022,
    1022
  ],
  "interrupts.CPU4.120:PCI-MSI.376832-edge.0000:00:17.0": [
    3902,
    3903
  ],
  "interrupts.CPU5.120:PCI-MSI.376832-edge.0000:00:17.0": [
    2360,
    2360
  ],
  "interrupts.CPU6.120:PCI-MSI.376832-edge.0000:00:17.0": [
    1530,
    1530
  ],
  "interrupts.CPU7.120:PCI-MSI.376832-edge.0000:00:17.0": [
    930,
    930
  ],
  "interrupts.120:PCI-MSI.376832-edge.0000:00:17.0": [
    30224,
    30546
  ],
  "interrupts.CPU0.121:PCI-MSI.327680-edge.xhci_hcd": [
    270,
    272
  ],
  "interrupts.CPU1.121:PCI-MSI.327680-edge.xhci_hcd": [
    23,
    23
  ],
  "interrupts.CPU2.121:PCI-MSI.327680-edge.xhci_hcd": [
    2,
    2
  ],
  "interrupts.CPU3.121:PCI-MSI.327680-edge.xhci_hcd": [
    9,
    9
  ],
  "interrupts.CPU4.121:PCI-MSI.327680-edge.xhci_hcd": [
    13,
    13
  ],
  "interrupts.CPU5.121:PCI-MSI.327680-edge.xhci_hcd": [
    37,
    37
  ],
  "interrupts.CPU6.121:PCI-MSI.327680-edge.xhci_hcd": [
    1,
    1
  ],
  "interrupts.CPU7.121:PCI-MSI.327680-edge.xhci_hcd": [
    17,
    17
  ],
  "interrupts.121:PCI-MSI.327680-edge.xhci_hcd": [
    372,
    374
  ],
  "interrupts.CPU0.122:PCI-MSI.32768-edge.i915": [
    1705,
    1711
  ],
  "interrupts.CPU1.122:PCI-MSI.32768-edge.i915": [
    436,
    436
  ],
  "interrupts.CPU2.122:PCI-MSI.32768-edge.i915": [
    334,
    334
  ],
  "interrupts.CPU3.122:PCI-MSI.32768-edge.i915": [
    214,
    214
  ],
  "interrupts.CPU4.122:PCI-MSI.32768-edge.i915": [
    721,
    721
  ],
  "interrupts.CPU5.122:PCI-MSI.32768-edge.i915": [
    414,
    414
  ],
  "interrupts.CPU6.122:PCI-MSI.32768-edge.i915": [
    260,
    260
  ],
  "interrupts.CPU7.122:PCI-MSI.32768-edge.i915": [
    142,
    142
  ],
  "interrupts.122:PCI-MSI.32768-edge.i915": [
    4226,
    4232
  ],
  "interrupts.CPU0.123:PCI-MSI.514048-edge.snd_hda_intel": [
    310,
    310
  ],
  "interrupts.CPU1.123:PCI-MSI.514048-edge.snd_hda_intel": [
    2,
    2
  ],
  "interrupts.CPU2.123:PCI-MSI.514048-edge.snd_hda_intel": [
    4,
    4
  ],
  "interrupts.CPU3.123:PCI-MSI.514048-edge.snd_hda_intel": [
    3,
    3
  ],
  "interrupts.CPU4.123:PCI-MSI.514048-edge.snd_hda_intel": [
    80,
    80
  ],
  "interrupts.CPU5.123:PCI-MSI.514048-edge.snd_hda_intel": [
    55,
    55
  ],
  "interrupts.CPU6.123:PCI-MSI.514048-edge.snd_hda_intel": [
    50,
    50
  ],
  "interrupts.123:PCI-MSI.514048-edge.snd_hda_intel": [
    504,
    504
  ],
  "interrupts.CPU0.124:PCI-MSI.2097152-edge.eth0": [
    73141,
    73154
  ],
  "interrupts.CPU1.124:PCI-MSI.2097152-edge.eth0": [
    5451,
    5452
  ],
  "interrupts.CPU2.124:PCI-MSI.2097152-edge.eth0": [
    3750,
    3753
  ],
  "interrupts.CPU3.124:PCI-MSI.2097152-edge.eth0": [
    2593,
    2598
  ],
  "interrupts.CPU4.124:PCI-MSI.2097152-edge.eth0": [
    14394,
    14404
  ],
  "interrupts.CPU5.124:PCI-MSI.2097152-edge.eth0": [
    4237,
    4243
  ],
  "interrupts.CPU6.124:PCI-MSI.2097152-edge.eth0": [
    4897,
    4900
  ],
  "interrupts.CPU7.124:PCI-MSI.2097152-edge.eth0": [
    3592,
    3593
  ],
  "interrupts.124:PCI-MSI.2097152-edge.eth0": [
    112055,
    112097
  ],
  "interrupts.CPU0.NMI:Non-maskable_interrupts": [
    13,
    15
  ],
  "interrupts.CPU1.NMI:Non-maskable_interrupts": [
    4,
    6
  ],
  "interrupts.CPU2.NMI:Non-maskable_interrupts": [
    3,
    6
  ],
  "interrupts.CPU3.NMI:Non-maskable_interrupts": [
    3,
    5
  ],
  "interrupts.CPU4.NMI:Non-maskable_interrupts": [
    44,
    46
  ],
  "interrupts.CPU5.NMI:Non-maskable_interrupts": [
    27,
    30
  ],
  "interrupts.CPU6.NMI:Non-maskable_interrupts": [
    3,
    5
  ],
  "interrupts.CPU7.NMI:Non-maskable_interrupts": [
    3,
    5
  ],
  "interrupts.NMI:Non-maskable_interrupts": [
    100,
    118
  ],
  "interrupts.CPU0.LOC:Local_timer_interrupts": [
    249366,
    274762
  ],
  "interrupts.CPU1.LOC:Local_timer_interrupts": [
    145759,
    171315
  ],
  "interrupts.CPU2.LOC:Local_timer_interrupts": [
    153508,
    178595
  ],
  "interrupts.CPU3.LOC:Local_timer_interrupts": [
    152222,
    177519
  ],
  "interrupts.CPU4.LOC:Local_timer_interrupts": [
    503194,
    528319
  ],
  "interrupts.CPU5.LOC:Local_timer_interrupts": [
    357111,
    382206
  ],
  "interrupts.CPU6.LOC:Local_timer_interrupts": [
    103129,
    128260
  ],
  "interrupts.CPU7.LOC:Local_timer_interrupts": [
    98029,
    123144
  ],
  "interrupts.LOC:Local_timer_interrupts": [
    1762318,
    1964120
  ],
  "interrupts.CPU0.PMI:Performance_monitoring_interrupts": [
    13,
    15
  ],
  "interrupts.CPU1.PMI:Performance_monitoring_interrupts": [
    4,
    6
  ],
  "interrupts.CPU2.PMI:Performance_monitoring_interrupts": [
    3,
    6
  ],
  "interrupts.CPU3.PMI:Performance_monitoring_interrupts": [
    3,
    5
  ],
  "interrupts.CPU4.PMI:Performance_monitoring_interrupts": [
    44,
    46
  ],
  "interrupts.CPU5.PMI:Performance_monitoring_interrupts": [
    27,
    30
  ],
  "interrupts.CPU6.PMI:Performance_monitoring_interrupts": [
    3,
    5
  ],
  "interrupts.CPU7.PMI:Performance_monitoring_interrupts": [
    3,
    5
  ],
  "interrupts.PMI:Performance_monitoring_interrupts": [
    100,
    118
  ],
  "interrupts.CPU0.RTR:APIC_ICR_read_retries": [
    7,
    7
  ],
  "interrupts.RTR:APIC_ICR_read_retries": [
    7,
    7
  ],
  "interrupts.CPU0.RES:Rescheduling_interrupts": [
    3995,
    4072
  ],
  "interrupts.CPU1.RES:Rescheduling_interrupts": [
    3042,
    3117
  ],
  "interrupts.CPU2.RES:Rescheduling_interrupts": [
    3973,
    4008
  ],
  "interrupts.CPU3.RES:Rescheduling_interrupts": [
    2825,
    2874
  ],
  "interrupts.CPU4.RES:Rescheduling_interrupts": [
    2296,
    2340
  ],
  "interrupts.CPU5.RES:Rescheduling_interrupts": [
    2893,
    2946
  ],
  "interrupts.CPU6.RES:Rescheduling_interrupts": [
    983,
    1029
  ],
  "interrupts.CPU7.RES:Rescheduling_interrupts": [
    697,
    755
  ],
  "interrupts.RES:Rescheduling_interrupts": [
    20704,
    21141
  ],
  "interrupts.CPU0.CAL:Function_call_interrupts": [
    4294952934,
    4294937545
  ],
  "interrupts.CPU1.CAL:Function_call_interrupts": [
    4294952464,
    4294936547
  ],
  "interrupts.CPU2.CAL:Function_call_interrupts": [
    4294952827,
    4294936613
  ],
  "interrupts.CPU3.CAL:Function_call_interrupts": [
    4294953084,
    4294937250
  ],
  "interrupts.CPU4.CAL:Function_call_interrupts": [
    4294952881,
    4294937415
  ],
  "interrupts.CPU5.CAL:Function_call_interrupts": [
    4294952343,
    4294936151
  ],
  "interrupts.CPU6.CAL:Function_call_interrupts": [
    4294952771,
    4294936558
  ],
  "interrupts.CPU7.CAL:Function_call_interrupts": [
    4294953043,
    4294937197
  ],
  "interrupts.CAL:Function_call_interrupts": [
    34359622347,
    34359495276
  ],
  "interrupts.CPU0.TLB:TLB_shootdowns": [
    1467311,
    2917310
  ],
  "interrupts.CPU1.TLB:TLB_shootdowns": [
    1466145,
    2912236
  ],