{
  "proc-vmstat.time": [
    1478605068.145919,
    1478605069.1475623,
    1478605070.165909,
    1478605071.1998842,
    1478605072.221073,
    1478605073.2440991,
    1478605074.2679324,
    1478605075.2899106,
    1478605076.3230157,
    1478605077.347089,
    1478605078.3818948,
    1478605079.4078555,
    1478605080.425932,
    1478605081.4688866,
    1478605082.5079224,
    1478605083.5378687,
    1478605084.5590386,
    1478605085.584898,
    1478605086.6158662,
    1478605087.6518679,
    1478605088.6798742,
    1478605089.7069345,
    1478605090.7409048,
    1478605091.7678976,
    1478605092.7868655,
    1478605093.812899
  ],
  "proc-vmstat.nr_free_pages": [
    3782944,
    3780374,
    3778033,
    3778205,
    3778177,
    3778173,
    3778413,
    3778095,
    3778231,
    3778301,
    3778108,
    3778234,
    3778066,
    3778263,
    3778293,
    3778166,
    3778332,
    3778323,
    3778348,
    3778127,
    3778106,
    3778153,
    3778371,
    3778244,
    3778336,
    3778247
  ],
  "proc-vmstat.nr_alloc_batch": [
    993,
    2,
    59,
    159,
    1451,
    473,
    887,
    207,
    58,
    718,
    413,
    0,
    237,
    49,
    727,
    40,
    1367,
    259,
    805,
    399,
    496,
    252,
    277,
    22,
    1494,
    1001
  ],
  "proc-vmstat.nr_inactive_anon": [
    21450,
    21450,
    21450,
    21450,
    21450,
    21450,
    21450,
    21450,
    21450,
    21450,
    21450,
    21450,
    21450,
    21450,
    21450,
    21450,
    21450,
    21450,
    21450,
    21450,
    21450,
    21450,
    21450,
    21450,
    21450,
    21450
  ],
  "proc-vmstat.nr_active_anon": [
    42301,
    44370,
    45988,
    46021,
    46022,
    46056,
    46092,
    45969,
    45908,
    46208,
    46119,
    46189,
    46284,
    46312,
    46087,
    46280,
    46155,
    46268,
    46460,
    46155,
    46279,
    46111,
    46162,
    46260,
    46207,
    46179
  ],
  "proc-vmstat.nr_inactive_file": [
    92902,
    92827,
    92827,
    92827,
    92827,
    92827,
    92827,
    92824,
    92824,
    92824,
    92824,
    92824,
    92824,
    92824,
    92824,
    92824,
    92824,
    92824,
    92824,
    92824,
    92824,
    92824,
    92824,
    92824,
    92824,
    92824
  ],
  "proc-vmstat.nr_active_file": [
    109298,
    109352,
    109356,
    109412,
    109412,
    109412,
    109416,
    109419,
    109422,
    109422,
    109422,
    109424,
    109424,
    109426,
    109426,
    109426,
    109428,
    109428,
    109430,
    109430,
    109430,
    109432,
    109432,
    109434,
    109434,
    109434
  ],
  "proc-vmstat.nr_anon_pages": [
    41626,
    43643,
    45358,
    45210,
    45417,
    45283,
    45388,
    45307,
    45252,
    45480,
    45425,
    45447,
    45242,
    45451,
    45368,
    45449,
    45483,
    45616,
    45655,
    45251,
    45531,
    45425,
    45229,
    45452,
    45453,
    45364
  ],
  "proc-vmstat.nr_mapped": [
    62017,
    61892,
    61899,
    61899,
    61899,
    61899,
    61899,
    61899,
    61899,
    61899,
    61899,
    61899,
    61899,
    61899,
    61899,
    61899,
    61899,
    61899,
    61899,
    61899,
    61899,
    61899,
    61899,
    61899,
    61899,
    61899
  ],
  "proc-vmstat.nr_file_pages": [
    224264,
    224302,
    224306,
    224362,
    224362,
    224362,
    224366,
    224366,
    224369,
    224369,
    224369,
    224371,
    224371,
    224373,
    224373,
    224373,
    224375,
    224375,
    224377,
    224377,
    224377,
    224379,
    224379,
    224381,
    224381,
    224381
  ],
  "proc-vmstat.nr_dirty": [
    8854,
    8885,
    34,
    36,
    36,
    327,
    362,
    362,
    328,
    328,
    328,
    329,
    40,
    3,
    3,
    3,
    7,
    7,
    7,
    7,
    7,
    7,
    9,
    5,
    5,
    5
  ],
  "proc-vmstat.nr_writeback": [
    0,
    0,
    2329,
    0,
    0,
    0,
    0,
    0,
    0,
    0,
    0,
    0,
    0,
    0,
    0,
    0,
    0,
    0,
    0,
    0,
    0,
    0,
    0,
    0,
    0,
    0
  ],
  "proc-vmstat.nr_slab_reclaimable": [
    12528,
    12543,
    12543,
    12567,
    12567,
    12568,
    12568,
    12562,
    12562,
    12559,
    12559,
    12559,
    12559,
    12555,
    12554,
    12553,
    12553,
    12552,
    12554,
    12554,
    12554,
    12548,
    12548,
    12547,
    12547,
    12539
  ],
  "proc-vmstat.nr_slab_unreclaimable": [
    7598,
    7664,
    7922,
    7814,
    7814,
    7816,
    7816,
    7824,
    7812,
    7774,
    7774,
    7772,
    7775,
    7749,
    7749,
    7749,
    7748,
    7737,
    7736,
    7736,
    7736,
    7713,
    7724,
    7723,
    7723,
    7694
  ],
  "proc-vmstat.nr_page_table_pages": [
    2201,
    2549,
    2610,
    2612,
    2610,
    2612,
    2611,
    2611,
    2611,
    2610,
    2610,
    2610,
    2612,
    2612,
    2611,
    2611,
    2612,
    2612,
    2612,
    2612,
    2612,
    2611,
    2611,
    2609,
    2611,
    2614
  ],
  "proc-vmstat.nr_kernel_stack": [
    603,
    641,
    660,
    660,
    660,
    660,
    660,
    660,
    660,
    660,
    660,
    660,
    660,
    660,
    660,
    660,
    659,
    659,
    659,
    659,
    659,
    659,
    659,
    659,
    660,
    660
  ],
  "proc-vmstat.nr_shmem": [
    22126,
    22126,
    22126,
    22126,
    22126,
    22126,
    22126,
    22126,
    22126,
    22126,
    22126,
    22126,
    22126,
    22126,
    22126,
    22126,
    22126,
    22126,
    22126,
    22126,
    22126,
    22126,
    22126,
    22126,
    22126,
    22126
  ],
  "proc-vmstat.nr_dirtied": [
    404758,
    404802,
    404807,
    404808,
    404809,
    405101,
    405137,
    405138,
    405141,
    405142,
    405143,
    405145,
    405148,
    405150,
    405151,
    405152,
    405157,
    405158,
    405162,
    405163,
    405164,
    405165,
    405168,
    405172,
    405173,
    405174
  ],
  "proc-vmstat.nr_written": [
    381589,
    381594,
    388024,
    390449,
    390450,
    390451,
    390452,
    390453,
    390490,
    390491,
    390492,
    390493,
    390785,
    390824,
    390825,
    390826,
    390827,
    390828,
    390832,
    390833,
    390834,
    390835,
    390836,
    390844,
    390845,
    390846
  ],
  "proc-vmstat.nr_dirty_threshold": [
    791059,
    790541,
    790073,
    790119,
    790113,
    790112,
    790161,
    790098,
    790125,
    790139,
    790101,
    790126,
    790093,
    790133,
    790139,
    790113,
    790147,
    790145,
    790150,
    790106,
    790102,
    790112,
    790155,
    790130,
    790149,
    790131
  ],
  "proc-vmstat.nr_dirty_background_threshold": [
    197764,
    197635,
    197518,
    197529,
    197528,
    197528,
    197540,
    197524,
    197531,
    197534,
    197525,
    197531,
    197523,
    197533,
    197534,
    197528,
    197536,
    197536,
    197537,
    197526,
    197525,
    197528,
    197538,
    197532,
    197537,
    197532
  ],
  "proc-vmstat.pgpgin": [
    651399,
    651399,
    651399,
    651399,
    651399,
    651403,
    651403,
    651403,
    651403,
    651403,
    651403,
    651403,
    651403,
    651403,
    651403,
    651403,
    651403,
    651403,
    651403,
    651403,
    651403,
    651403,
    651403,
    651403,
    651403,
    651403
  ],
  "proc-vmstat.pgpgout": [
    1574252,
    1574256,
    1608688,
    1608692,
    1608696,
    1610016,
    1610020,
    1610196,
    1610200,
    1610204,
    1610280,
    1610288,
    1611608,
    1611612,
    1611616,
    1611648,
    1611652,
    1611700,
    1611704,
    1611708,
    1611740,
    1611744,
    1611784,
    1611788,
    1611792,
    1611824
  ],
  "proc-vmstat.pgalloc_dma": [
    1,
    1,
    1,
    1,
    1,
    1,
    1,
    1,
    1,
    1,
    1,
    1,
    1,
    1,
    1,
    1,
    1,
    1,
    1,
    1,
    1,
    1,
    1,
    1,
    1,
    1
  ],