{
  "ebizzy.throughput": [
    21723,
    21866,
    21804,
    21943,
    21884
  ],
  "ebizzy.throughput.per_thread.min": [
    2658,
    2694,
    2711,
    2682,
    2681
  ],
  "ebizzy.throughput.per_thread.max": [
    2796,
    2819,
    2739,
    2961,
    2817
  ],
  "ebizzy.throughput.per_thread.stddev_percent": [
    0.21689856814233294,
    0.1600658556663313,
    0.048533603956376965,
    0.3836567762140219,
    0.1659167376653927
  ],
  "ebizzy.time.real": [
    5.0,
    5.0,
    5.0,
    5.0,
    5.0
  ],
  "ebizzy.time.user": [
    5.53,
    5.49,
    5.48,
    5.47,
    5.49
  ],
  "ebizzy.time.sys": [
    14.35,
    14.39,
    14.4,
    14.4,
    14.39
  ]
}