{
  "interrupts.time": [
    1479984431.8826737,
    1479984457.8981025
  ],
  "interrupts.CPU0.0:IO-APIC.2-edge.timer": [
    27,
    27
  ],
  "interrupts.0:IO-APIC.2-edge.timer": [
    27,
    27
  ],
  "interrupts.CPU2.8:IO-APIC.8-edge.rtc0": [
    1,
    1
  ],
  "interrupts.8:IO-APIC.8-edge.rtc0": [
    1,
    1
  ],
  "interrupts.CPU0.9:IO-APIC.9-fasteoi.acpi": [
    1,
    1
  ],
  "interrupts.CPU3.9:IO-APIC.9-fasteoi.acpi": [
    2,
    2
  ],
  "interrupts.9:IO-APIC.9-fasteoi.acpi": [
    3,
    3
  ],
  "interrupts.CPU0.23:IO-APIC.23-fasteoi.ehci_hcd:usb1": [
    30,
    30
  ],
  "interrupts.CPU1.23:IO-APIC.23-fasteoi.ehci_hcd:usb1": [
    4,
    4
  ],
  "interrupts.CPU2.23:IO-APIC.23-fasteoi.ehci_hcd:usb1": [
    3,
    3
  ],
  "interrupts.CPU3.23:IO-APIC.23-fasteoi.ehci_hcd:usb1": [
    3,
    3
  ],
  "interrupts.23:IO-APIC.23-fasteoi.ehci_hcd:usb1": [
    40,
    40
  ],
  "interrupts.CPU0.40:PCI-MSI.512000-edge.0000:00:1f.2": [
    7350,
    7498
  ],
  "interrupts.CPU1.40:PCI-MSI.512000-edge.0000:00:1f.2": [
    6649,
    6650
  ],
  "interrupts.CPU2.40:PCI-MSI.512000-edge.0000:00:1f.2": [
    20646,
    20757
  ],
  "interrupts.CPU3.40:PCI-MSI.512000-edge.0000:00:1f.2": [
    21478,
    21480
  ],
  "interrupts.40:PCI-MSI.512000-edge.0000:00:1f.2": [
    56123,
    56385
  ],
  "interrupts.CPU0.41:PCI-MSI.327680-edge.xhci_hcd": [
    42472,
    42472
  ],
  "interrupts.CPU1.41:PCI-MSI.327680-edge.xhci_hcd": [
    8808,
    8808
  ],
  "interrupts.CPU2.41:PCI-MSI.327680-edge.xhci_hcd": [
    56355,
    56355
  ],
  "interrupts.CPU3.41:PCI-MSI.327680-edge.xhci_hcd": [
    12356,
    12356
  ],
  "interrupts.41:PCI-MSI.327680-edge.xhci_hcd": [
    119991,
    119991
  ],
  "interrupts.CPU0.42:PCI-MSI.32768-edge.i915": [
    688,
    688
  ],
  "interrupts.CPU1.42:PCI-MSI.32768-edge.i915": [
    467,
    467
  ],
  "interrupts.CPU2.42:PCI-MSI.32768-edge.i915": [
    5395,
    5395
  ],
  "interrupts.CPU3.42:PCI-MSI.32768-edge.i915": [
    356,
    356
  ],
  "interrupts.42:PCI-MSI.32768-edge.i915": [
    6906,
    6906
  ],
  "interrupts.CPU0.43:PCI-MSI.442368-edge.snd_hda_intel": [
    341,
    341
  ],
  "interrupts.CPU1.43:PCI-MSI.442368-edge.snd_hda_intel": [
    2901,
    2901
  ],
  "interrupts.CPU2.43:PCI-MSI.442368-edge.snd_hda_intel": [
    166,
    166
  ],
  "interrupts.CPU3.43:PCI-MSI.442368-edge.snd_hda_intel": [
    124,
    124
  ],
  "interrupts.43:PCI-MSI.442368-edge.snd_hda_intel": [
    3532,
    3532
  ],
  "interrupts.CPU0.44:PCI-MSI.49152-edge.snd_hda_intel": [
    400,
    400
  ],
  "interrupts.CPU1.44:PCI-MSI.49152-edge.snd_hda_intel": [
    390,
    390
  ],
  "interrupts.CPU2.44:PCI-MSI.49152-edge.snd_hda_intel": [
    750,
    750
  ],
  "interrupts.CPU3.44:PCI-MSI.49152-edge.snd_hda_intel": [
    59,
    59
  ],
  "interrupts.44:PCI-MSI.49152-edge.snd_hda_intel": [
    1599,
    1599
  ],
  "interrupts.CPU0.45:PCI-MSI.1572864-edge.eth0": [
    11362,
    11409
  ],
  "interrupts.CPU1.45:PCI-MSI.1572864-edge.eth0": [
    3218,
    3229
  ],
  "interrupts.CPU2.45:PCI-MSI.1572864-edge.eth0": [
    32353,
    32368
  ],
  "interrupts.CPU3.45:PCI-MSI.1572864-edge.eth0": [
    3596,
    3603
  ],
  "interrupts.45:PCI-MSI.1572864-edge.eth0": [
    50529,
    50609
  ],
  "interrupts.CPU0.NMI:Non-maskable_interrupts": [
    7,
    10
  ],
  "interrupts.CPU1.NMI:Non-maskable_interrupts": [
    7,
    10
  ],
  "interrupts.CPU2.NMI:Non-maskable_interrupts": [
    6,
    8
  ],
  "interrupts.CPU3.NMI:Non-maskable_interrupts": [
    5,
    8
  ],
  "interrupts.NMI:Non-maskable_interrupts": [
    25,
    36
  ],
  "interrupts.CPU0.LOC:Local_timer_interrupts": [
    658697,
    684048
  ],
  "interrupts.CPU1.LOC:Local_timer_interrupts": [
    695207,
    721013
  ],
  "interrupts.CPU2.LOC:Local_timer_interrupts": [
    363530,
    388754
  ],
  "interrupts.CPU3.LOC:Local_timer_interrupts": [
    258291,
    283601
  ],
  "interrupts.LOC:Local_timer_interrupts": [
    1975725,
    2077416
  ],
  "interrupts.CPU0.PMI:Performance_monitoring_interrupts": [
    7,
    10
  ],
  "interrupts.CPU1.PMI:Performance_monitoring_interrupts": [
    7,
    10
  ],
  "interrupts.CPU2.PMI:Performance_monitoring_interrupts": [
    6,
    8
  ],
  "interrupts.CPU3.PMI:Performance_monitoring_interrupts": [
    5,
    8
  ],
  "interrupts.PMI:Performance_monitoring_interrupts": [
    25,
    36
  ],
  "interrupts.CPU0.RTR:APIC_ICR_read_retries": [
    3,
    3
  ],
  "interrupts.RTR:APIC_ICR_read_retries": [
    3,
    3
  ],
  "interrupts.CPU0.RES:Rescheduling_interrupts": [
    5729,
    5854
  ],
  "interrupts.CPU1.RES:Rescheduling_interrupts": [
    5684,
    5774
  ],
  "interrupts.CPU2.RES:Rescheduling_interrupts": [
    5236,
    5344
  ],
  "interrupts.CPU3.RES:Rescheduling_interrupts": [
    6775,
    6906
  ],
  "interrupts.RES:Rescheduling_interrupts": [
    23424,
    23878
  ],
  "interrupts.CPU0.CAL:Function_call_interrupts": [
    1932,
    4294950512
  ],
  "interrupts.CPU1.CAL:Function_call_interrupts": [
    2097,
    4294948192
  ],
  "interrupts.CPU2.CAL:Function_call_interrupts": [
    2670,
    4294951162
  ],
  "interrupts.CPU3.CAL:Function_call_interrupts": [
    2529,
    4294948545
  ],
  "interrupts.CAL:Function_call_interrupts": [
    9228,
    17179798411
  ],
  "interrupts.CPU0.TLB:TLB_shootdowns": [
    8014,
    414915
  ],
  "interrupts.CPU1.TLB:TLB_shootdowns": [
    8227,
    415011
  ],
  "interrupts.CPU2.TLB:TLB_shootdowns": [
    5181,
    412750
  ],
  "interrupts.CPU3.TLB:TLB_shootdowns": [
    5390,
    412590
  ],
  "interrupts.TLB:TLB_shootdowns": [
    26812,
    1655266
  ],
  "interrupts.CPU0.MCP:Machine_check_polls": [
    30,
    30
  ],
  "interrupts.CPU1.MCP:Machine_check_polls": [
    30,
    30
  ],
  "interrupts.CPU2.MCP:Machine_check_polls": [
    30,
    30
  ],
  "interrupts.CPU3.MCP:Machine_check_polls": [
    30,
    30
  ],
  "interrupts.MCP:Machine_check_polls": [
    120,
    120
  ]
}