{
  "meminfo.time": [
    1479984431.8755758,
    1479984432.8798695,
    1479984433.9100049,
    1479984434.9310443,
    1479984435.9670255,
    1479984436.9981408,
    1479984438.01808,
    1479984439.0460696,
    1479984440.0760486,
    1479984441.105997,
    1479984442.1450174,
    1479984443.1780522,
    1479984444.205953,
    1479984445.2350118,
    1479984446.2660468,
    1479984447.2920916,
    1479984448.3240616,
    1479984449.3430884,
    1479984450.376181,
    1479984451.417072,
    1479984452.4422405,
    1479984453.4720495,
    1479984454.511072,
    1479984455.5330296,
    1479984456.561024,
    1479984457.5930755
  ],
  "meminfo.MemTotal": [
    16360572,
    16360572,
    16360572,
    16360572,
    16360572,
    16360572,
    16360572,
    16360572,
    16360572,
    16360572,
    16360572,
    16360572,
    16360572,
    16360572,
    16360572,
    16360572,
    16360572,
    16360572,
    16360572,
    16360572,
    16360572,
    16360572,
    16360572,
    16360572,
    16360572,
    16360572
  ],
  "meminfo.MemFree": [
    15124456,
    15110428,
    15110092,
    15109796,
    15109560,
    15109232,
    15109548,
    15109460,
    15109684,
    15110092,
    15109676,
    15109872,
    15109464,
    15109880,
    15109788,
    15110124,
    15109868,
    15110044,
    15109960,
    15109480,
    15110028,
    15109516,
    15109300,
    15109756,
    15109736,
    15109908
  ],
  "meminfo.MemAvailable": [
    15904236,
    15891424,
    15891148,
    15890852,
    15890616,
    15890284,
    15890648,
    15890560,
    15890784,
    15891180,
    15890764,
    15890964,
    15890556,
    15890952,
    15890860,
    15891196,
    15890940,
    15891116,
    15891028,
    15890548,
    15891076,
    15890564,
    15890348,
    15890804,
    15890772,
    15890944
  ],
  "meminfo.Buffers": [
    24980,
    24984,
    24984,
    24984,
    24984,
    24996,
    25000,
    25000,
    25000,
    25000,
    25008,
    25008,
    25008,
    25008,
    25008,
    25016,
    25016,
    25016,
    25016,
    25016,
    25024,
    25024,
    25024,
    25024,
    25024,
    25032
  ],
  "meminfo.Cached": [
    901816,
    902372,
    902484,
    902484,
    902484,
    902472,
    902492,
    902492,
    902492,
    902492,
    902484,
    902492,
    902492,
    902492,
    902492,
    902484,
    902492,
    902492,
    902492,
    902492,
    902492,
    902492,
    902492,
    902492,
    902492,
    902484
  ],
  "meminfo.Active": [
    618928,
    630616,
    630344,
    629764,
    630876,
    630596,
    630536,
    630580,
    631032,
    631212,
    630872,
    630596,
    631180,
    630984,
    630880,
    630748,
    630480,
    630928,
    631308,
    630988,
    630916,
    630472,
    631048,
    630912,
    630696,
    631484
  ],
  "meminfo.Inactive": [
    504440,
    504388,
    504468,
    504468,
    504468,
    504468,
    504468,
    504456,
    504456,
    504456,
    504456,
    504456,
    504456,
    504456,
    504456,
    504456,
    504456,
    504456,
    504456,
    504456,
    504456,
    504456,
    504456,
    504456,
    504456,
    504456
  ],
  "meminfo.Active(anon)": [
    199580,
    210416,
    210112,
    209532,
    210644,
    210364,
    210280,
    210312,
    210764,
    210944,
    210604,
    210320,
    210904,
    210708,
    210604,
    210472,
    210196,
    210644,
    211024,
    210704,
    210624,
    210180,
    210756,
    210620,
    210404,
    211192
  ],
  "meminfo.Inactive(anon)": [
    78352,
    78352,
    78352,
    78352,
    78352,
    78352,
    78352,
    78352,
    78352,
    78352,
    78352,
    78352,
    78352,
    78352,
    78352,
    78352,
    78352,
    78352,
    78352,
    78352,
    78352,
    78352,
    78352,
    78352,
    78352,
    78352
  ],
  "meminfo.Active(file)": [
    419348,
    420200,
    420232,
    420232,
    420232,
    420232,
    420256,
    420268,
    420268,
    420268,
    420268,
    420276,
    420276,
    420276,
    420276,
    420276,
    420284,
    420284,
    420284,
    420284,
    420292,
    420292,
    420292,
    420292,
    420292,
    420292
  ],
  "meminfo.Inactive(file)": [
    426088,
    426036,
    426116,
    426116,
    426116,
    426116,
    426116,
    426104,
    426104,
    426104,
    426104,
    426104,
    426104,
    426104,
    426104,
    426104,
    426104,
    426104,
    426104,
    426104,
    426104,
    426104,
    426104,
    426104,
    426104,
    426104
  ],
  "meminfo.Dirty": [
    73156,
    204,
    220,
    220,
    220,
    2048,
    1836,
    1848,
    1848,
    1848,
    1848,
    0,
    12,
    12,
    12,
    12,
    24,
    24,
    24,
    24,
    16,
    28,
    28,
    28,
    28,
    0
  ],
  "meminfo.Writeback": [
    0,
    164,
    0,
    0,
    0,
    0,
    0,
    0,
    0,
    0,
    0,
    0,
    0,
    0,
    0,
    0,
    0,
    0,
    0,
    0,
    0,
    0,
    0,
    0,
    0,
    0
  ],
  "meminfo.AnonPages": [
    197000,
    207704,
    207060,
    206904,
    207608,
    207636,
    207248,
    207636,
    207676,
    208132,
    207180,
    207136,
    207644,
    207452,
    207940,
    207976,
    207636,
    207624,
    208364,
    207812,
    207856,
    207440,
    208136,
    208072,
    207648,
    208412
  ],
  "meminfo.Mapped": [
    246148,
    245624,
    245664,
    245664,
    245664,
    245664,
    245664,
    245668,
    245668,
    245668,
    245668,
    245668,
    245664,
    245664,
    245664,
    245664,
    245676,
    245664,
    245664,
    245664,
    245664,
    245664,
    245664,
    245664,
    245664,
    245664
  ],
  "meminfo.Shmem": [
    81132,
    81132,
    81132,
    81132,
    81132,
    81132,
    81132,
    81132,
    81132,
    81132,
    81132,
    81132,
    81132,
    81132,
    81132,
    81132,
    81132,
    81132,
    81132,
    81132,
    81132,
    81132,
    81132,
    81132,
    81132,
    81132
  ],
  "meminfo.Slab": [
    72996,
    74764,
    74692,
    74692,
    74692,
    74684,
    74724,
    74724,
    74576,
    74468,
    74476,
    74464,
    74464,
    74300,
    74300,
    74300,
    74148,
    74144,
    74140,
    74144,
    73948,
    73964,
    73972,
    73972,
    73836,
    73836
  ],
  "meminfo.SReclaimable": [
    46064,
    46892,
    46788,
    46788,
    46788,
    46784,
    46832,
    46832,
    46832,
    46808,
    46808,
    46796,
    46796,
    46760,
    46760,
    46760,
    46744,
    46740,
    46736,
    46736,
    46680,
    46680,
    46680,
    46680,
    46652,
    46652
  ],
  "meminfo.SUnreclaim": [
    26932,
    27872,
    27904,
    27904,
    27904,
    27900,
    27892,
    27892,
    27744,
    27660,
    27668,
    27668,
    27668,
    27540,
    27540,
    27540,
    27404,
    27404,
    27404,
    27408,
    27268,
    27284,
    27292,
    27292,
    27184,
    27184
  ],
  "meminfo.KernelStack": [
    8464,
    9056,
    9232,
    9232,
    9232,
    9232,
    9232,
    9232,
    9232,
    9232,
    9232,
    9232,
    9232,
    9232,
    9232,
    9232,
    9296,
    9248,
    9232,
    9232,
    9232,
    9232,
    9232,
    9232,
    9232,
    9232
  ],
  "meminfo.PageTables": [
    10040,
    10696,
    10860,
    10864,
    10860,
    10864,
    10864,
    10860,
    10864,
    10860,
    10860,
    10864,
    10864,
    10860,
    10856,
    10860,
    10984,
    10852,
    10860,
    10860,
    10860,
    10860,
    10860,
    10864,
    10868,
    10864
  ],
  "meminfo.CommitLimit": [
    8180284,
    8180284,
    8180284,
    8180284,
    8180284,
    8180284,
    8180284,
    8180284,
    8180284,
    8180284,
    8180284,
    8180284,
    8180284,
    8180284,
    8180284,
    8180284,
    8180284,
    8180284,
    8180284,
    8180284,
    8180284,
    8180284,
    8180284,
    8180284,
    8180284,
    8180284
  ],