{
  "proc-vmstat.time": [
    1479984431.869179,
    1479984432.8790302,
    1479984433.8966038,
    1479984434.9290223,
    1479984435.9570386,
    1479984436.9890342,
    1479984438.018992,
    1479984439.0460515,
    1479984440.0800245,
    1479984441.1051025,
    1479984442.1400318,
    1479984443.1700516,
    1479984444.1950376,
    1479984445.223589,
    1479984446.2520409,
    1479984447.278042,
    1479984448.3070624,
    1479984449.3480475,
    1479984450.379042,
    1479984451.4040732,
    1479984452.438114,
    1479984453.4700375,
    1479984454.504064,
    1479984455.536033,
    1479984456.5580945,
    1479984457.589033
  ],
  "proc-vmstat.nr_free_pages": [
    3781412,
    3777607,
    3777474,
    3777449,
    3777390,
    3777308,
    3777321,
    3777328,
    3777421,
    3777523,
    3777379,
    3777419,
    3777472,
    3777519,
    3777398,
    3777445,
    3777322,
    3777449,
    3777490,
    3777489,
    3777507,
    3777379,
    3777325,
    3777439,
    3777434,
    3777428
  ],
  "proc-vmstat.nr_alloc_batch": [
    982,
    706,
    567,
    195,
    539,
    861,
    757,
    802,
    0,
    1988,
    76,
    226,
    933,
    754,
    917,
    1504,
    194,
    577,
    59,
    590,
    603,
    1672,
    108,
    193,
    973,
    428
  ],
  "proc-vmstat.nr_inactive_anon": [
    19588,
    19588,
    19588,
    19588,
    19588,
    19588,
    19588,
    19588,
    19588,
    19588,
    19588,
    19588,
    19588,
    19588,
    19588,
    19588,
    19588,
    19588,
    19588,
    19588,
    19588,
    19588,
    19588,
    19588,
    19588,
    19588
  ],
  "proc-vmstat.nr_active_anon": [
    49674,
    52359,
    52552,
    52653,
    52734,
    52407,
    52619,
    52627,
    52642,
    52676,
    52676,
    52605,
    52898,
    52677,
    52626,
    52790,
    52776,
    52808,
    52707,
    52652,
    52754,
    52594,
    52726,
    52680,
    52638,
    52749
  ],
  "proc-vmstat.nr_inactive_file": [
    106522,
    106509,
    106529,
    106529,
    106529,
    106529,
    106529,
    106526,
    106526,
    106526,
    106526,
    106526,
    106526,
    106526,
    106526,
    106526,
    106526,
    106526,
    106526,
    106526,
    106526,
    106526,
    106526,
    106526,
    106526,
    106526
  ],
  "proc-vmstat.nr_active_file": [
    104837,
    105050,
    105058,
    105058,
    105058,
    105058,
    105064,
    105067,
    105067,
    105067,
    105067,
    105069,
    105069,
    105069,
    105069,
    105069,
    105071,
    105071,
    105071,
    105071,
    105073,
    105073,
    105073,
    105073,
    105073,
    105073
  ],
  "proc-vmstat.nr_anon_pages": [
    49017,
    51681,
    51826,
    51898,
    51987,
    51725,
    51910,
    51909,
    51968,
    51973,
    51967,
    51846,
    52083,
    51826,
    51960,
    52117,
    52109,
    52102,
    52042,
    51978,
    52148,
    51909,
    52022,
    52043,
    51961,
    52054
  ],
  "proc-vmstat.nr_mapped": [
    61537,
    61406,
    61416,
    61416,
    61416,
    61416,
    61416,
    61417,
    61417,
    61417,
    61417,
    61417,
    61416,
    61416,
    61416,
    61416,
    61416,
    61416,
    61416,
    61416,
    61416,
    61416,
    61416,
    61416,
    61416,
    61416
  ],
  "proc-vmstat.nr_file_pages": [
    231699,
    231839,
    231867,
    231867,
    231867,
    231867,
    231873,
    231873,
    231873,
    231873,
    231873,
    231875,
    231875,
    231875,
    231875,
    231875,
    231877,
    231877,
    231877,
    231877,
    231879,
    231879,
    231879,
    231879,
    231879,
    231879
  ],
  "proc-vmstat.nr_dirty": [
    18289,
    51,
    55,
    55,
    55,
    512,
    459,
    462,
    462,
    462,
    462,
    0,
    3,
    3,
    3,
    3,
    3,
    6,
    6,
    6,
    4,
    7,
    7,
    7,
    7,
    0
  ],
  "proc-vmstat.nr_writeback": [
    0,
    41,
    0,
    0,
    0,
    0,
    0,
    0,
    0,
    0,
    0,
    0,
    0,
    0,
    0,
    0,
    0,
    0,
    0,
    0,
    0,
    0,
    0,
    0,
    0,
    0
  ],
  "proc-vmstat.nr_slab_reclaimable": [
    11516,
    11723,
    11697,
    11697,
    11697,
    11696,
    11708,
    11708,
    11708,
    11702,
    11702,
    11699,
    11699,
    11690,
    11690,
    11690,
    11690,
    11685,
    11684,
    11684,
    11670,
    11670,
    11670,
    11670,
    11663,
    11663
  ],
  "proc-vmstat.nr_slab_unreclaimable": [
    6733,
    6968,
    6976,
    6976,
    6976,
    6975,
    6973,
    6973,
    6936,
    6915,
    6917,
    6917,
    6917,
    6885,
    6885,
    6885,
    6885,
    6851,
    6851,
    6852,
    6817,
    6821,
    6823,
    6823,
    6796,
    6796
  ],
  "proc-vmstat.nr_page_table_pages": [
    2437,
    2674,
    2715,
    2716,
    2715,
    2716,
    2716,
    2715,
    2716,
    2715,
    2715,
    2716,
    2716,
    2715,
    2714,
    2715,
    2712,
    2713,
    2715,
    2715,
    2715,
    2715,
    2715,
    2716,
    2717,
    2716
  ],
  "proc-vmstat.nr_kernel_stack": [
    529,
    566,
    577,
    577,
    577,
    577,
    577,
    577,
    577,
    577,
    577,
    577,
    577,
    577,
    577,
    577,
    579,
    578,
    577,
    577,
    577,
    577,
    577,
    577,
    577,
    577
  ],
  "proc-vmstat.nr_shmem": [
    20283,
    20283,
    20283,
    20283,
    20283,
    20283,
    20283,
    20283,
    20283,
    20283,
    20283,
    20283,
    20283,
    20283,
    20283,
    20283,
    20283,
    20283,
    20283,
    20283,
    20283,
    20283,
    20283,
    20283,
    20283,
    20283
  ],
  "proc-vmstat.nr_dirtied": [
    236912,
    237002,
    237006,
    237006,
    237006,
    237463,
    237465,
    237468,
    237468,
    237468,
    237468,
    237471,
    237474,
    237474,
    237474,
    237474,
    237477,
    237480,
    237480,
    237480,
    237484,
    237487,
    237487,
    237487,
    237487,
    237487
  ],
  "proc-vmstat.nr_written": [
    217566,
    235836,
    235877,
    235877,
    235877,
    235877,
    235932,
    235932,
    235932,
    235932,
    235932,
    236397,
    236397,
    236397,
    236397,
    236397,
    236400,
    236400,
    236400,
    236400,
    236406,
    236406,
    236406,
    236406,
    236406,
    236413
  ],
  "proc-vmstat.nr_dirty_threshold": [
    792832,
    792111,
    792090,
    792085,
    792074,
    792057,
    792061,
    792062,
    792081,
    792101,
    792073,
    792081,
    792092,
    792101,
    792077,
    792086,
    792062,
    792087,
    792096,
    792095,
    792099,
    792074,
    792063,
    792086,
    792085,
    792084
  ],
  "proc-vmstat.nr_dirty_background_threshold": [
    198208,
    198027,
    198022,
    198021,
    198018,
    198014,
    198015,
    198015,
    198020,
    198025,
    198018,
    198020,
    198023,
    198025,
    198019,
    198021,
    198015,
    198021,
    198024,
    198023,
    198024,
    198018,
    198015,
    198021,
    198021,
    198021
  ],
  "proc-vmstat.pgpgin": [
    1022786,
    1022882,
    1022882,
    1022882,
    1022882,
    1022882,
    1022886,
    1022886,
    1022886,
    1022886,
    1022886,
    1022886,
    1022886,
    1022886,
    1022886,
    1022886,
    1022886,
    1022886,
    1022886,
    1022886,
    1022886,
    1022886,
    1022886,
    1022886,
    1022886,
    1022886
  ],
  "proc-vmstat.pgpgout": [
    895867,
    968783,
    968783,
    968783,
    968783,
    970631,
    970851,
    970851,
    970851,
    970851,
    970907,
    972759,
    972759,
    972759,
    972759,
    972795,
    972795,
    972795,
    972795,
    972795,
    972831,
    972831,
    972831,
    972831,
    972831,
    972867
  ],