{
  "diskstats.time": [
    1480051872.867237,
    1480051873.8805814,
    1480051874.9051883,
    1480051875.9462397,
    1480051876.9712343,
    1480051878.00525,
    1480051879.0371902,
    1480051880.0761943,
    1480051881.1032338,
    1480051882.1371982,
    1480051883.1612241,
    1480051884.1922529,
    1480051885.2262135,
    1480051886.259223,
    1480051887.2842522,
    1480051888.318246,
    1480051889.3392613,
    1480051890.363333,
    1480051891.3972168,
    1480051892.4272327,
    1480051893.4572349,
    1480051894.478219,
    1480051895.5082724,
    1480051896.5342255,
    1480051897.559237,
    1480051898.576231
  ],
  "diskstats.sda.read_ios": [
    15360,
    15365,
    15365,
    15365,
    15366,
    15366,
    15366,
    15366,
    15366,
    15366,
    15366,
    15366,
    15366,
    15366,
    15366,
    15366,
    15366,
    15366,
    15366,
    15366,
    15366,
    15366,
    15366,
    15366,
    15366,
    15366
  ],
  "diskstats.sda.read_merges": [
    23,
    23,
    23,
    23,
    23,
    23,
    23,
    23,
    23,
    23,
    23,
    23,
    23,
    23,
    23,
    23,
    23,
    23,
    23,
    23,
    23,
    23,
    23,
    23,
    23,
    23
  ],
  "diskstats.sda.read_sectors": [
    1216504,
    1216696,
    1216696,
    1216696,
    1216704,
    1216704,
    1216704,
    1216704,
    1216704,
    1216704,
    1216704,
    1216704,
    1216704,
    1216704,
    1216704,
    1216704,
    1216704,
    1216704,
    1216704,
    1216704,
    1216704,
    1216704,
    1216704,
    1216704,
    1216704,
    1216704
  ],
  "diskstats.sda.read_ticks": [
    5188,
    5191,
    5191,
    5191,
    5194,
    5194,
    5194,
    5194,
    5194,
    5194,
    5194,
    5194,
    5194,
    5194,
    5194,
    5194,
    5194,
    5194,
    5194,
    5194,
    5194,
    5194,
    5194,
    5194,
    5194,
    5194
  ],
  "diskstats.sda.write_ios": [
    916,
    916,
    916,
    916,
    958,
    960,
    960,
    960,
    960,
    996,
    998,
    998,
    998,
    998,
    1001,
    1003,
    1003,
    1003,
    1003,
    1006,
    1008,
    1008,
    1008,
    1008,
    1011,
    1013
  ],
  "diskstats.sda.write_merges": [
    8824,
    8824,
    8824,
    8824,
    9179,
    9247,
    9247,
    9247,
    9247,
    9277,
    9282,
    9282,
    9282,
    9282,
    9282,
    9287,
    9287,
    9287,
    9287,
    9287,
    9292,
    9292,
    9292,
    9292,
    9292,
    9297
  ],
  "diskstats.sda.write_sectors": [
    760768,
    760768,
    760768,
    760768,
    764208,
    764768,
    764768,
    764768,
    764768,
    765296,
    765352,
    765352,
    765352,
    765352,
    765376,
    765432,
    765432,
    765432,
    765432,
    765456,
    765512,
    765512,
    765512,
    765512,
    765536,
    765592
  ],
  "diskstats.sda.write_ticks": [
    51200,
    51200,
    51200,
    51200,
    51218,
    51226,
    51226,
    51226,
    51226,
    51226,
    51238,
    51238,
    51238,
    51238,
    51238,
    51246,
    51246,
    51246,
    51246,
    51246,
    51253,
    51253,
    51253,
    51253,
    51253,
    51264
  ],
  "diskstats.sda.io_ticks": [
    4109,
    4111,
    4111,
    4111,
    4115,
    4123,
    4123,
    4123,
    4123,
    4123,
    4135,
    4135,
    4135,
    4135,
    4135,
    4143,
    4143,
    4143,
    4143,
    4143,
    4150,
    4150,
    4150,
    4150,
    4150,
    4161
  ],
  "diskstats.sda.time_in_queue": [
    56557,
    56560,
    56560,
    56560,
    56581,
    56589,
    56589,
    56589,
    56589,
    56589,
    56601,
    56601,
    56601,
    56601,
    56601,
    56609,
    56609,
    56609,
    56609,
    56609,
    56616,
    56616,
    56616,
    56616,
    56616,
    56627
  ],
  "diskstats.sda1.read_ios": [
    15,
    15,
    15,
    15,
    15,
    15,
    15,
    15,
    15,
    15,
    15,
    15,
    15,
    15,
    15,
    15,
    15,
    15,
    15,
    15,
    15,
    15,
    15,
    15,
    15,
    15
  ],
  "diskstats.sda1.read_sectors": [
    19,
    19,
    19,
    19,
    19,
    19,
    19,
    19,
    19,
    19,
    19,
    19,
    19,
    19,
    19,
    19,
    19,
    19,
    19,
    19,
    19,
    19,
    19,
    19,
    19,
    19
  ],
  "diskstats.sda2.read_ios": [
    7982,
    7987,
    7987,
    7987,
    7988,
    7988,
    7988,
    7988,
    7988,
    7988,
    7988,
    7988,
    7988,
    7988,
    7988,
    7988,
    7988,
    7988,
    7988,
    7988,
    7988,
    7988,
    7988,
    7988,
    7988,
    7988
  ],
  "diskstats.sda2.read_merges": [
    10,
    10,
    10,
    10,
    10,
    10,
    10,
    10,
    10,
    10,
    10,
    10,
    10,
    10,
    10,
    10,
    10,
    10,
    10,
    10,
    10,
    10,
    10,
    10,
    10,
    10
  ],
  "diskstats.sda2.read_sectors": [
    506182,
    506374,
    506374,
    506374,
    506382,
    506382,
    506382,
    506382,
    506382,
    506382,
    506382,
    506382,
    506382,
    506382,
    506382,
    506382,
    506382,
    506382,
    506382,
    506382,
    506382,
    506382,
    506382,
    506382,
    506382,
    506382
  ],
  "diskstats.sda2.read_ticks": [
    2383,
    2386,
    2386,
    2386,
    2389,
    2389,
    2389,
    2389,
    2389,
    2389,
    2389,
    2389,
    2389,
    2389,
    2389,
    2389,
    2389,
    2389,
    2389,
    2389,
    2389,
    2389,
    2389,
    2389,
    2389,
    2389
  ],
  "diskstats.sda2.write_ios": [
    679,
    679,
    679,
    679,
    721,
    723,
    723,
    723,
    723,
    759,
    761,
    761,
    761,
    761,
    764,
    766,
    766,
    766,
    766,
    769,
    771,
    771,
    771,
    771,
    774,
    776
  ],
  "diskstats.sda2.write_merges": [
    8451,
    8451,
    8451,
    8451,
    8806,
    8874,
    8874,
    8874,
    8874,
    8904,
    8909,
    8909,
    8909,
    8909,
    8909,
    8914,
    8914,
    8914,
    8914,
    8914,
    8919,
    8919,
    8919,
    8919,
    8919,
    8924
  ],
  "diskstats.sda2.write_sectors": [
    736280,
    736280,
    736280,
    736280,
    739720,
    740280,
    740280,
    740280,
    740280,
    740808,
    740864,
    740864,
    740864,
    740864,
    740888,
    740944,
    740944,
    740944,
    740944,
    740968,
    741024,
    741024,
    741024,
    741024,
    741048,
    741104
  ],
  "diskstats.sda2.write_ticks": [
    50579,
    50579,
    50579,
    50579,
    50597,
    50605,
    50605,
    50605,
    50605,
    50605,
    50617,
    50617,
    50617,
    50617,
    50617,
    50625,
    50625,
    50625,
    50625,
    50625,
    50632,
    50632,
    50632,
    50632,
    50632,
    50643
  ],
  "diskstats.sda2.io_ticks": [
    2383,
    2385,
    2385,
    2385,
    2389,
    2397,
    2397,
    2397,
    2397,
    2397,
    2409,
    2409,
    2409,
    2409,
    2409,
    2417,
    2417,
    2417,
    2417,
    2417,
    2424,
    2424,
    2424,
    2424,
    2424,
    2435
  ],
  "diskstats.sda2.time_in_queue": [
    53122,
    53125,
    53125,
    53125,
    53146,
    53154,
    53154,
    53154,
    53154,
    53154,
    53166,
    53166,
    53166,
    53166,
    53166,
    53174,
    53174,
    53174,
    53174,
    53174,
    53181,
    53181,
    53181,
    53181,
    53181,
    53192
  ],
  "diskstats.sda3.read_ios": [
    98,
    98,
    98,
    98,
    98,
    98,
    98,
    98,
    98,
    98,
    98,
    98,
    98,
    98,
    98,
    98,
    98,
    98,
    98,
    98,
    98,
    98,
    98,
    98,
    98,
    98
  ],
  "diskstats.sda3.read_sectors": [
    222,
    222,
    222,
    222,
    222,
    222,
    222,
    222,
    222,
    222,
    222,
    222,
    222,
    222,
    222,
    222,
    222,
    222,
    222,
    222,
    222,
    222,
    222,
    222,
    222,
    222
  ],