{
  "ebizzy.throughput": [
    21889,
    21960,
    21873,
    21916,
    21985
  ],
  "ebizzy.throughput.per_thread.min": [
    2666,
    2733,
    2711,
    2695,
    2735
  ],
  "ebizzy.throughput.per_thread.max": [
    2947,
    2758,
    2806,
    2795,
    2763
  ],
  "ebizzy.throughput.per_thread.stddev_percent": [
    0.37738413913830754,
    0.03635865078021701,
    0.1330507504192116,
    0.13851167399763223,
    0.04217773943000463
  ],
  "ebizzy.time.real": [
    5.0,
    5.0,
    5.0,
    5.0,
    5.0
  ],
  "ebizzy.time.user": [
    5.35,
    5.47,
    5.51,
    5.5,
    5.48
  ],
  "ebizzy.time.sys": [
    14.58,
    14.46,
    14.43,
    14.42,
    14.45
  ]
}