{
  "meminfo.time": [
    1480051872.8460433,
    1480051873.8508883,
    1480051874.88022,
    1480051875.9082534,
    1480051876.9392192,
    1480051877.9603362,
    1480051878.996235,
    1480051880.0281682,
    1480051881.0572345,
    1480051882.0942543,
    1480051883.1172554,
    1480051884.138224,
    1480051885.1602633,
    1480051886.1852548,
    1480051887.214236,
    1480051888.2372408,
    1480051889.2662213,
    1480051890.2982464,
    1480051891.3162565,
    1480051892.3443162,
    1480051893.37925,
    1480051894.411217,
    1480051895.444253,
    1480051896.4732177,
    1480051897.502214,
    1480051898.5382316
  ],
  "meminfo.MemTotal": [
    16360724,
    16360724,
    16360724,
    16360724,
    16360724,
    16360724,
    16360724,
    16360724,
    16360724,
    16360724,
    16360724,
    16360724,
    16360724,
    16360724,
    16360724,
    16360724,
    16360724,
    16360724,
    16360724,
    16360724,
    16360724,
    16360724,
    16360724,
    16360724,
    16360724,
    16360724
  ],
  "meminfo.MemFree": [
    15171764,
    15158420,
    15158340,
    15158396,
    15157992,
    15157952,
    15158328,
    15158284,
    15158284,
    15158424,
    15158228,
    15158340,
    15158240,
    15158372,
    15158448,
    15158220,
    15158276,
    15158784,
    15158320,
    15158604,
    15158144,
    15158560,
    15158656,
    15158924,
    15158408,
    15158560
  ],
  "meminfo.MemAvailable": [
    15921632,
    15908888,
    15908928,
    15908984,
    15908580,
    15908560,
    15908936,
    15908884,
    15908884,
    15909024,
    15908824,
    15908936,
    15908836,
    15908968,
    15909040,
    15908800,
    15908864,
    15909372,
    15908900,
    15909176,
    15908716,
    15909140,
    15909220,
    15909488,
    15908972,
    15909124
  ],
  "meminfo.Buffers": [
    19832,
    19836,
    19836,
    19836,
    19836,
    19848,
    19848,
    19848,
    19848,
    19848,
    19856,
    19856,
    19856,
    19856,
    19856,
    19864,
    19864,
    19864,
    19864,
    19864,
    19872,
    19872,
    19872,
    19872,
    19872,
    19880
  ],
  "meminfo.Cached": [
    886124,
    886384,
    886500,
    886500,
    886500,
    886508,
    886508,
    886508,
    886508,
    886508,
    886500,
    886508,
    886508,
    886508,
    886508,
    886500,
    886508,
    886508,
    886508,
    886508,
    886500,
    886508,
    886508,
    886508,
    886508,
    886500
  ],
  "meminfo.Active": [
    510164,
    521056,
    522204,
    520960,
    522128,
    521888,
    522148,
    522284,
    521556,
    522064,
    521744,
    522520,
    521720,
    521716,
    521532,
    521968,
    521400,
    521228,
    521608,
    522012,
    522260,
    521976,
    521500,
    521600,
    522324,
    521804
  ],
  "meminfo.Inactive": [
    563176,
    562620,
    562704,
    562704,
    562704,
    562704,
    562692,
    562692,
    562692,
    562692,
    562692,
    562692,
    562692,
    562692,
    562692,
    562692,
    562692,
    562692,
    562692,
    562692,
    562692,
    562692,
    562692,
    562692,
    562692,
    562692
  ],
  "meminfo.Active(anon)": [
    170100,
    180148,
    181264,
    180020,
    181188,
    180928,
    181176,
    181312,
    180584,
    181092,
    180772,
    181540,
    180740,
    180736,
    180552,
    180988,
    180412,
    180240,
    180620,
    181024,
    181272,
    180980,
    180504,
    180604,
    181328,
    180808
  ],
  "meminfo.Inactive(anon)": [
    94664,
    94664,
    94664,
    94664,
    94664,
    94664,
    94664,
    94664,
    94664,
    94664,
    94664,
    94664,
    94664,
    94664,
    94664,
    94664,
    94664,
    94664,
    94664,
    94664,
    94664,
    94664,
    94664,
    94664,
    94664,
    94664
  ],
  "meminfo.Active(file)": [
    340064,
    340908,
    340940,
    340940,
    340940,
    340960,
    340972,
    340972,
    340972,
    340972,
    340972,
    340980,
    340980,
    340980,
    340980,
    340980,
    340988,
    340988,
    340988,
    340988,
    340988,
    340996,
    340996,
    340996,
    340996,
    340996
  ],
  "meminfo.Inactive(file)": [
    468512,
    467956,
    468040,
    468040,
    468040,
    468040,
    468028,
    468028,
    468028,
    468028,
    468028,
    468028,
    468028,
    468028,
    468028,
    468028,
    468028,
    468028,
    468028,
    468028,
    468028,
    468028,
    468028,
    468028,
    468028,
    468028
  ],
  "meminfo.Dirty": [
    1856,
    1872,
    1888,
    1888,
    1888,
    276,
    284,
    284,
    284,
    0,
    4,
    28,
    28,
    28,
    28,
    4,
    28,
    28,
    28,
    28,
    4,
    32,
    32,
    32,
    32,
    4
  ],
  "meminfo.AnonPages": [
    167220,
    177404,
    178556,
    177444,
    178024,
    178192,
    178384,
    178128,
    177908,
    178320,
    178036,
    178316,
    177908,
    177916,
    177940,
    178296,
    177676,
    177644,
    177932,
    178176,
    178712,
    178132,
    177996,
    178040,
    178792,
    178032
  ],
  "meminfo.Mapped": [
    253936,
    253832,
    253944,
    253944,
    253944,
    253944,
    253944,
    253944,
    253944,
    253944,
    253944,
    253944,
    253944,
    253944,
    253944,
    253944,
    253944,
    253944,
    253944,
    253944,
    253944,
    253944,
    253944,
    253944,
    253944,
    253944
  ],
  "meminfo.Shmem": [
    97368,
    97368,
    97368,
    97368,
    97368,
    97368,
    97368,
    97368,
    97368,
    97368,
    97368,
    97368,
    97368,
    97368,
    97368,
    97368,
    97368,
    97368,
    97368,
    97368,
    97368,
    97368,
    97368,
    97368,
    97368,
    97368
  ],
  "meminfo.Slab": [
    73076,
    73988,
    74056,
    74052,
    74060,
    74060,
    73936,
    73864,
    73864,
    73872,
    73692,
    73688,
    73688,
    73684,
    73572,
    73540,
    73540,
    73548,
    73392,
    73364,
    73364,
    73364,
    73252,
    73248,
    73248,
    73248
  ],
  "meminfo.SReclaimable": [
    45508,
    46132,
    46144,
    46140,
    46140,
    46140,
    46140,
    46124,
    46124,
    46128,
    46116,
    46104,
    46104,
    46100,
    46092,
    46072,
    46068,
    46068,
    46056,
    46040,
    46040,
    46040,
    46008,
    46008,
    46008,
    46008
  ],
  "meminfo.SUnreclaim": [
    27568,
    27856,
    27912,
    27912,
    27920,
    27920,
    27796,
    27740,
    27740,
    27744,
    27576,
    27584,
    27584,
    27584,
    27480,
    27468,
    27472,
    27480,
    27336,
    27324,
    27324,
    27324,
    27244,
    27240,
    27240,
    27240
  ],
  "meminfo.KernelStack": [
    10480,
    11136,
    11264,
    11280,
    11264,
    11264,
    11264,
    11264,
    11264,
    11264,
    11264,
    11264,
    11264,
    11264,
    11264,
    11264,
    11264,
    11264,
    11264,
    11264,
    11280,
    11264,
    11264,
    11264,
    11264,
    11264
  ],
  "meminfo.PageTables": [
    11284,
    11776,
    11960,
    11988,
    11968,
    11972,
    11972,
    11968,
    11972,
    11968,
    11972,
    11968,
    11964,
    11972,
    11968,
    11976,
    11972,
    11976,
    11968,
    11968,
    11964,
    11972,
    11968,
    11972,
    11968,
    11972
  ],
  "meminfo.CommitLimit": [
    8180360,
    8180360,
    8180360,
    8180360,
    8180360,
    8180360,
    8180360,
    8180360,
    8180360,
    8180360,
    8180360,
    8180360,
    8180360,
    8180360,
    8180360,
    8180360,
    8180360,
    8180360,
    8180360,
    8180360,
    8180360,
    8180360,
    8180360,
    8180360,
    8180360,
    8180360
  ],