{
  "proc-vmstat.time": [
    1480051872.8378603,
    1480051873.8502326,
    1480051874.8752184,
    1480051875.9032202,
    1480051876.9302442,
    1480051877.9611912,
    1480051878.9903464,
    1480051880.0252492,
    1480051881.054278,
    1480051882.081345,
    1480051883.122233,
    1480051884.153184,
    1480051885.175215,
    1480051886.2082355,
    1480051887.2382295,
    1480051888.2642283,
    1480051889.289242,
    1480051890.316242,
    1480051891.3323684,
    1480051892.3593009,
    1480051893.3902304,
    1480051894.4093242,
    1480051895.436248,
    1480051896.4612677,
    1480051897.4872499,
    1480051898.5103307
  ],
  "proc-vmstat.nr_free_pages": [
    3792931,
    3789605,
    3789552,
    3789599,
    3789506,
    3789488,
    3789582,
    3789571,
    3789571,
    3789557,
    3789606,
    3789634,
    3789609,
    3789544,
    3789612,
    3789587,
    3789569,
    3789696,
    3789580,
    3789700,
    3789536,
    3789640,
    3789664,
    3789633,
    3789602,
    3789706
  ],
  "proc-vmstat.nr_alloc_batch": [
    276,
    855,
    173,
    599,
    251,
    935,
    362,
    51,
    1512,
    835,
    307,
    372,
    0,
    33,
    1818,
    183,
    791,
    902,
    275,
    1597,
    149,
    77,
    461,
    932,
    641,
    53
  ],
  "proc-vmstat.nr_inactive_anon": [
    23666,
    23666,
    23666,
    23666,
    23666,
    23666,
    23666,
    23666,
    23666,
    23666,
    23666,
    23666,
    23666,
    23666,
    23666,
    23666,
    23666,
    23666,
    23666,
    23666,
    23666,
    23666,
    23666,
    23666,
    23666,
    23666
  ],
  "proc-vmstat.nr_active_anon": [
    42525,
    45086,
    45130,
    45091,
    45187,
    45293,
    45220,
    45390,
    45257,
    45310,
    45365,
    45262,
    45197,
    45221,
    45322,
    45112,
    45238,
    45231,
    45180,
    45305,
    45257,
    45221,
    45126,
    45102,
    45209,
    45239
  ],
  "proc-vmstat.nr_inactive_file": [
    117128,
    116989,
    117010,
    117010,
    117010,
    117010,
    117007,
    117007,
    117007,
    117007,
    117007,
    117007,
    117007,
    117007,
    117007,
    117007,
    117007,
    117007,
    117007,
    117007,
    117007,
    117007,
    117007,
    117007,
    117007,
    117007
  ],
  "proc-vmstat.nr_active_file": [
    84967,
    85227,
    85235,
    85235,
    85235,
    85240,
    85243,
    85243,
    85243,
    85243,
    85243,
    85245,
    85245,
    85245,
    85245,
    85245,
    85247,
    85247,
    85247,
    85247,
    85247,
    85249,
    85249,
    85249,
    85249,
    85249
  ],
  "proc-vmstat.nr_anon_pages": [
    41817,
    44351,
    44369,
    44447,
    44531,
    44609,
    44620,
    44667,
    44588,
    44543,
    44681,
    44567,
    44489,
    44467,
    44669,
    44488,
    44517,
    44582,
    44508,
    44642,
    44543,
    44595,
    44499,
    44363,
    44477,
    44582
  ],
  "proc-vmstat.nr_mapped": [
    63557,
    63458,
    63486,
    63486,
    63486,
    63486,
    63486,
    63486,
    63486,
    63486,
    63486,
    63486,
    63486,
    63486,
    63486,
    63486,
    63486,
    63486,
    63486,
    63486,
    63486,
    63486,
    63486,
    63486,
    63486,
    63486
  ],
  "proc-vmstat.nr_file_pages": [
    226489,
    226555,
    226584,
    226584,
    226584,
    226589,
    226589,
    226589,
    226589,
    226589,
    226589,
    226591,
    226591,
    226591,
    226591,
    226591,
    226593,
    226593,
    226593,
    226593,
    226593,
    226595,
    226595,
    226595,
    226595,
    226595
  ],
  "proc-vmstat.nr_dirty": [
    464,
    468,
    472,
    472,
    472,
    69,
    71,
    71,
    71,
    0,
    1,
    7,
    7,
    7,
    7,
    1,
    7,
    7,
    7,
    7,
    1,
    8,
    8,
    8,
    8,
    1
  ],
  "proc-vmstat.nr_slab_reclaimable": [
    11377,
    11533,
    11536,
    11535,
    11535,
    11535,
    11535,
    11531,
    11531,
    11532,
    11529,
    11526,
    11526,
    11525,
    11523,
    11518,
    11517,
    11517,
    11514,
    11510,
    11510,
    11510,
    11502,
    11502,
    11502,
    11502
  ],
  "proc-vmstat.nr_slab_unreclaimable": [
    6892,
    6964,
    6978,
    6978,
    6980,
    6980,
    6949,
    6935,
    6935,
    6936,
    6894,
    6896,
    6896,
    6896,
    6870,
    6867,
    6868,
    6870,
    6834,
    6831,
    6831,
    6831,
    6811,
    6810,
    6810,
    6810
  ],
  "proc-vmstat.nr_page_table_pages": [
    2821,
    2871,
    2994,
    2997,
    2992,
    2993,
    2993,
    2992,
    2993,
    2992,
    2993,
    2992,
    2991,
    2993,
    2992,
    2994,
    2993,
    2994,
    2992,
    2992,
    2991,
    2993,
    2992,
    2993,
    2992,
    2993
  ],
  "proc-vmstat.nr_kernel_stack": [
    655,
    696,
    705,
    705,
    704,
    704,
    704,
    704,
    704,
    704,
    704,
    704,
    704,
    704,
    704,
    704,
    704,
    704,
    704,
    704,
    705,
    704,
    704,
    704,
    704,
    704
  ],
  "proc-vmstat.nr_shmem": [
    24342,
    24342,
    24342,
    24342,
    24342,
    24342,
    24342,
    24342,
    24342,
    24342,
    24342,
    24342,
    24342,
    24342,
    24342,
    24342,
    24342,
    24342,
    24342,
    24342,
    24342,
    24342,
    24342,
    24342,
    24342,
    24342
  ],
  "proc-vmstat.nr_dirtied": [
    94017,
    94107,
    94111,
    94111,
    94111,
    94180,
    94182,
    94182,
    94182,
    94182,
    94183,
    94189,
    94189,
    94189,
    94189,
    94190,
    94196,
    94196,
    94196,
    94196,
    94197,
    94204,
    94204,
    94204,
    94204,
    94205
  ],
  "proc-vmstat.nr_written": [
    92582,
    92579,
    92579,
    92579,
    92579,
    93051,
    93051,
    93051,
    93051,
    93051,
    93122,
    93122,
    93122,
    93122,
    93122,
    93129,
    93129,
    93129,
    93129,
    93129,
    93136,
    93136,
    93136,
    93136,
    93136,
    93144
  ],
  "proc-vmstat.nr_dirty_threshold": [
    793464,
    792823,
    792818,
    792827,
    792809,
    792806,
    792825,
    792823,
    792823,
    792820,
    792830,
    792836,
    792831,
    792818,
    792831,
    792826,
    792823,
    792849,
    792825,
    792849,
    792817,
    792838,
    792843,
    792836,
    792830,
    792851
  ],
  "proc-vmstat.nr_dirty_background_threshold": [
    198366,
    198205,
    198204,
    198206,
    198202,
    198201,
    198206,
    198205,
    198205,
    198205,
    198207,
    198209,
    198207,
    198204,
    198207,
    198206,
    198205,
    198212,
    198206,
    198212,
    198204,
    198209,
    198210,
    198209,
    198207,
    198212
  ],
  "proc-vmstat.pgpgin": [
    608316,
    608412,
    608412,
    608412,
    608412,
    608416,
    608416,
    608416,
    608416,
    608416,
    608416,
    608416,
    608416,
    608416,
    608416,
    608416,
    608416,
    608416,
    608416,
    608416,
    608416,
    608416,
    608416,
    608416,
    608416,
    608416
  ],
  "proc-vmstat.pgpgout": [
    380364,
    380364,
    380364,
    380364,
    380364,
    382364,
    382364,
    382364,
    382364,
    382628,
    382656,
    382656,
    382656,
    382656,
    382668,
    382696,
    382696,
    382696,
    382696,
    382708,
    382736,
    382736,
    382736,
    382736,
    382748,
    382776
  ],
  "proc-vmstat.pgalloc_dma32": [
    132458,
    149733,
    648435,
    1144581,
    1646147,
    2147968,
    2643800,
    3145027,
    3645977,
    4150757,
    4656403,
    5146637,
    5645189,
    6139779,
    6641086,
    7136538,
    7629340,
    8131501,
    8628005,
    9120490,
    9615112,
    10113973,
    10616638,
    11115436,
    11615713,
    12119253
  ],