{
  "diskstats.time": [
    1480524184.569155,
    1480524185.5735438,
    1480524186.5779784,
    1480524187.5817735,
    1480524188.5855956,
    1480524189.590342,
    1480524190.5953794,
    1480524191.6003036,
    1480524192.6051905,
    1480524193.6104414,
    1480524194.6156507,
    1480524195.6193342
  ],
  "diskstats.sda.read_ios": [
    18290,
    18298,
    18301,
    18301,
    18301,
    18302,
    18302,
    18302,
    18302,
    18302,
    18302,
    18302
  ],
  "diskstats.sda.read_merges": [
    236,
    236,
    236,
    236,
    236,
    236,
    236,
    236,
    236,
    236,
    236,
    236
  ],
  "diskstats.sda.read_sectors": [
    1278102,
    1278414,
    1278726,
    1278726,
    1278726,
    1278734,
    1278734,
    1278734,
    1278734,
    1278734,
    1278734,
    1278734
  ],
  "diskstats.sda.read_ticks": [
    152086,
    152132,
    152158,
    152158,
    152158,
    152172,
    152172,
    152172,
    152172,
    152172,
    152172,
    152172
  ],
  "diskstats.sda.write_ios": [
    11310,
    11311,
    11313,
    11359,
    11360,
    11364,
    11365,
    11366,
    11422,
    11423,
    11426,
    11427
  ],
  "diskstats.sda.write_merges": [
    40943,
    40943,
    40943,
    41511,
    41511,
    41593,
    41593,
    41593,
    41628,
    41628,
    41637,
    41637
  ],
  "diskstats.sda.write_sectors": [
    5575840,
    5575848,
    5575856,
    5580984,
    5580992,
    5581680,
    5581688,
    5581696,
    5582424,
    5582432,
    5582528,
    5582536
  ],
  "diskstats.sda.write_ticks": [
    1367006,
    1367007,
    1367009,
    1367436,
    1367436,
    1367456,
    1367457,
    1367457,
    1367814,
    1367814,
    1367834,
    1367834
  ],
  "diskstats.sda.in_flight": [
    0,
    1,
    0,
    0,
    0,
    0,
    0,
    0,
    0,
    0,
    0,
    0
  ],
  "diskstats.sda.io_ticks": [
    81213,
    81265,
    81278,
    81323,
    81323,
    81356,
    81357,
    81357,
    81395,
    81395,
    81415,
    81415
  ],
  "diskstats.sda.time_in_queue": [
    1520331,
    1520393,
    1520406,
    1520833,
    1520833,
    1520867,
    1520868,
    1520868,
    1521225,
    1521225,
    1521245,
    1521245
  ],
  "diskstats.sda1.read_ios": [
    15,
    15,
    15,
    15,
    15,
    15,
    15,
    15,
    15,
    15,
    15,
    15
  ],
  "diskstats.sda1.read_sectors": [
    19,
    19,
    19,
    19,
    19,
    19,
    19,
    19,
    19,
    19,
    19,
    19
  ],
  "diskstats.sda1.read_ticks": [
    64,
    64,
    64,
    64,
    64,
    64,
    64,
    64,
    64,
    64,
    64,
    64
  ],
  "diskstats.sda1.io_ticks": [
    36,
    36,
    36,
    36,
    36,
    36,
    36,
    36,
    36,
    36,
    36,
    36
  ],
  "diskstats.sda1.time_in_queue": [
    64,
    64,
    64,
    64,
    64,
    64,
    64,
    64,
    64,
    64,
    64,
    64
  ],
  "diskstats.sda2.read_ios": [
    9671,
    9679,
    9679,
    9679,
    9679,
    9680,
    9680,
    9680,
    9680,
    9680,
    9680,
    9680
  ],
  "diskstats.sda2.read_merges": [
    68,
    68,
    68,
    68,
    68,
    68,
    68,
    68,
    68,
    68,
    68,
    68
  ],
  "diskstats.sda2.read_sectors": [
    487196,
    487508,
    487508,
    487508,
    487508,
    487516,
    487516,
    487516,
    487516,
    487516,
    487516,
    487516
  ],
  "diskstats.sda2.read_ticks": [
    51209,
    51255,
    51255,
    51255,
    51255,
    51269,
    51269,
    51269,
    51269,
    51269,
    51269,
    51269
  ],
  "diskstats.sda2.write_ios": [
    5586,
    5586,
    5586,
    5629,
    5629,
    5632,
    5632,
    5632,
    5681,
    5681,
    5683,
    5683
  ],
  "diskstats.sda2.write_merges": [
    36143,
    36143,
    36143,
    36702,
    36702,
    36784,
    36784,
    36784,
    36814,
    36814,
    36823,
    36823
  ],
  "diskstats.sda2.write_sectors": [
    5283504,
    5283504,
    5283504,
    5288536,
    5288536,
    5289216,
    5289216,
    5289216,
    5289848,
    5289848,
    5289936,
    5289936
  ],
  "diskstats.sda2.write_ticks": [
    1123704,
    1123704,
    1123704,
    1124087,
    1124087,
    1124106,
    1124106,
    1124106,
    1124405,
    1124405,
    1124425,
    1124425
  ],
  "diskstats.sda2.io_ticks": [
    35488,
    35524,
    35524,
    35539,
    35539,
    35571,
    35571,
    35571,
    35579,
    35579,
    35599,
    35599
  ],
  "diskstats.sda2.time_in_queue": [
    1176166,
    1176212,
    1176212,
    1176595,
    1176595,
    1176628,
    1176628,
    1176628,
    1176927,
    1176927,
    1176947,
    1176947
  ],
  "diskstats.sda3.read_ios": [
    98,
    98,
    98,
    98,
    98,
    98,
    98,
    98,
    98,
    98,
    98,
    98
  ],
  "diskstats.sda3.read_sectors": [
    222,
    222,
    222,
    222,
    222,
    222,
    222,
    222,
    222,
    222,
    222,
    222
  ],
  "diskstats.sda3.read_ticks": [
    29,
    29,
    29,
    29,
    29,
    29,
    29,
    29,
    29,
    29,
    29,
    29
  ],
  "diskstats.sda3.io_ticks": [
    29,
    29,
    29,
    29,
    29,
    29,
    29,
    29,
    29,
    29,
    29,
    29
  ],
  "diskstats.sda3.time_in_queue": [
    29,
    29,
    29,
    29,
    29,
    29,
    29,
    29,
    29,
    29,
    29,
    29
  ],
  "diskstats.sda40.read_ios": [
    8399,
    8399,
    8402,
    8402,
    8402,
    8402,
    8402,
    8402,
    8402,
    8402,
    8402,
    8402
  ],
  "diskstats.sda40.read_merges": [
    168,
    168,
    168,
    168,
    168,
    168,
    168,
    168,
    168,
    168,
    168,
    168
  ],
  "diskstats.sda40.read_sectors": [
    790364,
    790364,
    790676,
    790676,
    790676,
    790676,
    790676,
    790676,
    790676,
    790676,
    790676,
    790676
  ],
  "diskstats.sda40.read_ticks": [
    100733,
    100733,
    100759,
    100759,
    100759,
    100759,
    100759,
    100759,
    100759,
    100759,
    100759,
    100759
  ],
  "diskstats.sda40.write_ios": [
    5702,
    5703,
    5704,
    5707,
    5708,
    5709,
    5710,
    5711,
    5718,
    5719,
    5720,
    5721
  ],
  "diskstats.sda40.write_merges": [
    4800,
    4800,
    4800,
    4809,
    4809,
    4809,
    4809,
    4809,
    4814,
    4814,
    4814,
    4814
  ],
  "diskstats.sda40.write_sectors": [
    292336,
    292344,
    292352,
    292448,
    292456,
    292464,
    292472,
    292480,
    292576,
    292584,
    292592,
    292600
  ],
  "diskstats.sda40.write_ticks": [
    243102,
    243103,
    243104,
    243148,
    243148,
    243149,
    243150,
    243150,
    243208,
    243208,
    243208,
    243208
  ],
  "diskstats.sda40.in_flight": [
    0,
    1,
    0,
    0,
    0,
    0,
    0,
    0,
    0,
    0,
    0,
    0
  ],
  "diskstats.sda40.io_ticks": [
    50906,
    50922,
    50934,
    50964,
    50964,
    50965,
    50966,
    50966,
    51001,
    51001,
    51001,
    51001
  ],
  "diskstats.sda40.time_in_queue": [
    343821,
    343837,
    343849,
    343893,
    343893,
    343894,
    343895,
    343895,
    343953,
    343953,
    343953,
    343953
  ]
}