{
  "meminfo.time": [
    1480524184.5210867,
    1480524185.5256877,
    1480524186.5298593,
    1480524187.5341065,
    1480524188.5385048,
    1480524189.5430374,
    1480524190.5474796,
    1480524191.5520399,
    1480524192.5566444,
    1480524193.5611262,
    1480524194.5658758,
    1480524195.570726
  ],
  "meminfo.MemTotal": [
    16317260,
    16317260,
    16317260,
    16317260,
    16317260,
    16317260,
    16317260,
    16317260,
    16317260,
    16317260,
    16317260,
    16317260
  ],
  "meminfo.MemFree": [
    14757780,
    14750296,
    14748496,
    14748544,
    14747760,
    14747588,
    14748128,
    14747820,
    14747956,
    14748180,
    14748316,
    14747896
  ],
  "meminfo.MemAvailable": [
    15810744,
    15803900,
    15802484,
    15802532,
    15801760,
    15801588,
    15802140,
    15801832,
    15801968,
    15802200,
    15802336,
    15801904
  ],
  "meminfo.Buffers": [
    37640,
    37652,
    37652,
    37664,
    37664,
    37672,
    37676,
    37676,
    37684,
    37684,
    37692,
    37692
  ],
  "meminfo.Cached": [
    1164744,
    1165560,
    1165888,
    1165876,
    1165888,
    1165880,
    1165888,
    1165888,
    1165880,
    1165888,
    1165880,
    1165888
  ],
  "meminfo.Active": [
    830904,
    836388,
    853048,
    853312,
    853388,
    853148,
    853132,
    853492,
    852928,
    853216,
    853980,
    853492
  ],
  "meminfo.Inactive": [
    595720,
    595776,
    580004,
    580004,
    580004,
    580004,
    580004,
    580004,
    580004,
    580004,
    580004,
    580004
  ],
  "meminfo.Active(anon)": [
    226808,
    231644,
    232204,
    232468,
    232532,
    232292,
    232264,
    232624,
    232060,
    232340,
    233104,
    232608
  ],
  "meminfo.Inactive(anon)": [
    85856,
    85856,
    85856,
    85856,
    85856,
    85856,
    85856,
    85856,
    85856,
    85856,
    85856,
    85856
  ],
  "meminfo.Active(file)": [
    604096,
    604744,
    620844,
    620844,
    620856,
    620856,
    620868,
    620868,
    620868,
    620876,
    620876,
    620884
  ],
  "meminfo.Inactive(file)": [
    509864,
    509920,
    494148,
    494148,
    494148,
    494148,
    494148,
    494148,
    494148,
    494148,
    494148,
    494148
  ],
  "meminfo.Dirty": [
    2360,
    2580,
    2596,
    268,
    44,
    44,
    368,
    368,
    0,
    12,
    16,
    44
  ],
  "meminfo.Writeback": [
    0,
    0,
    0,
    388,
    0,
    0,
    0,
    0,
    0,
    0,
    0,
    0
  ],
  "meminfo.AnonPages": [
    223908,
    228764,
    229552,
    229584,
    229620,
    229376,
    229660,
    229488,
    229160,
    229708,
    229716,
    229988
  ],
  "meminfo.Mapped": [
    261940,
    264696,
    264408,
    264396,
    264412,
    264396,
    264388,
    264388,
    264388,
    264408,
    264412,
    264408
  ],
  "meminfo.Shmem": [
    88560,
    88560,
    88560,
    88560,
    88560,
    88560,
    88560,
    88560,
    88560,
    88560,
    88560,
    88560
  ],
  "meminfo.Slab": [
    86468,
    86780,
    87092,
    87088,
    87144,
    87152,
    87164,
    87020,
    87024,
    87024,
    87040,
    86988
  ],
  "meminfo.SReclaimable": [
    55268,
    55140,
    55256,
    55256,
    55256,
    55256,
    55256,
    55252,
    55252,
    55252,
    55252,
    55212
  ],
  "meminfo.SUnreclaim": [
    31200,
    31640,
    31836,
    31832,
    31888,
    31896,
    31908,
    31768,
    31772,
    31772,
    31788,
    31776
  ],
  "meminfo.KernelStack": [
    10512,
    11120,
    11264,
    11264,
    11264,
    11280,
    11280,
    11264,
    11264,
    11264,
    11264,
    11264
  ],
  "meminfo.PageTables": [
    12400,
    13308,
    13292,
    13296,
    13296,
    13296,
    13292,
    13300,
    13292,
    13288,
    13292,
    13296
  ],
  "meminfo.CommitLimit": [
    8158628,
    8158628,
    8158628,
    8158628,
    8158628,
    8158628,
    8158628,
    8158628,
    8158628,
    8158628,
    8158628,
    8158628
  ],
  "meminfo.Committed_AS": [
    26852060,
    26878712,
    26916272,
    26911740,
    26913672,
    26907992,
    26898140,
    26911920,
    26908132,
    26908132,
    26904156,
    26902264
  ],
  "meminfo.VmallocTotal": [
    34359738367,
    34359738367,
    34359738367,
    34359738367,
    34359738367,
    34359738367,
    34359738367,
    34359738367,
    34359738367,
    34359738367,
    34359738367,
    34359738367
  ],
  "meminfo.DirectMap4k": [
    18012,
    18012,
    18012,
    18012,
    18012,
    18012,
    18012,
    18012,
    18012,
    18012,
    18012,
    18012
  ],
  "meminfo.DirectMap2M": [
    1953792,
    1953792,
    1953792,
    1953792,
    1953792,
    1953792,
    1953792,
    1953792,
    1953792,
    1953792,
    1953792,
    1953792
  ],
  "meminfo.DirectMap1G": [
    14680064,
    14680064,
    14680064,
    14680064,
    14680064,
    14680064,
    14680064,
    14680064,
    14680064,
    14680064,
    14680064,
    14680064
  ]
}