{
  "proc-vmstat.time": [
    1480524184.507621,
    1480524185.5120256,
    1480524186.5162444,
    1480524187.5204818,
    1480524188.524862,
    1480524189.5290914,
    1480524190.5332563,
    1480524191.5378745,
    1480524192.5425668,
    1480524193.5471604,
    1480524194.5520015,
    1480524195.556856
  ],
  "proc-vmstat.nr_free_pages": [
    3689862,
    3687737,
    3687198,
    3687136,
    3687006,
    3686963,
    3687033,
    3686890,
    3686859,
    3687045,
    3687164,
    3687040
  ],
  "proc-vmstat.nr_alloc_batch": [
    385,
    943,
    235,
    878,
    568,
    86,
    901,
    214,
    879,
    749,
    0,
    750
  ],
  "proc-vmstat.nr_inactive_anon": [
    21464,
    21464,
    21464,
    21464,
    21464,
    21464,
    21464,
    21464,
    21464,
    21464,
    21464,
    21464
  ],
  "proc-vmstat.nr_active_anon": [
    56393,
    57781,
    58051,
    58117,
    58133,
    58073,
    58066,
    58156,
    58080,
    58085,
    58211,
    58087
  ],
  "proc-vmstat.nr_inactive_file": [
    127466,
    127480,
    123537,
    123537,
    123537,
    123537,
    123537,
    123537,
    123537,
    123537,
    123537,
    123537
  ],
  "proc-vmstat.nr_active_file": [
    151024,
    151186,
    155211,
    155211,
    155214,
    155214,
    155217,
    155217,
    155217,
    155219,
    155219,
    155221
  ],
  "proc-vmstat.nr_anon_pages": [
    55782,
    57126,
    57388,
    57396,
    57405,
    57474,
    57415,
    57372,
    57420,
    57427,
    57364,
    57432
  ],
  "proc-vmstat.nr_mapped": [
    65485,
    66174,
    66102,
    66099,
    66103,
    66099,
    66097,
    66097,
    66097,
    66102,
    66103,
    66102
  ],
  "proc-vmstat.nr_file_pages": [
    300596,
    300803,
    300885,
    300885,
    300888,
    300888,
    300891,
    300891,
    300891,
    300893,
    300893,
    300895
  ],
  "proc-vmstat.nr_dirty": [
    590,
    645,
    649,
    67,
    11,
    11,
    92,
    92,
    0,
    3,
    4,
    11
  ],
  "proc-vmstat.nr_writeback": [
    0,
    0,
    0,
    97,
    0,
    0,
    0,
    0,
    0,
    0,
    0,
    0
  ],
  "proc-vmstat.nr_slab_reclaimable": [
    13817,
    13785,
    13814,
    13814,
    13814,
    13814,
    13814,
    13813,
    13813,
    13813,
    13813,
    13803
  ],
  "proc-vmstat.nr_slab_unreclaimable": [
    7800,
    7910,
    7959,
    7958,
    7972,
    7974,
    7977,
    7942,
    7943,
    7943,
    7947,
    7944
  ],
  "proc-vmstat.nr_page_table_pages": [
    3197,
    3327,
    3323,
    3324,
    3324,
    3324,
    3323,
    3325,
    3323,
    3322,
    3323,
    3324
  ],
  "proc-vmstat.nr_kernel_stack": [
    657,
    695,
    704,
    704,
    704,
    705,
    705,
    704,
    704,
    704,
    704,
    704
  ],
  "proc-vmstat.nr_shmem": [
    22140,
    22140,
    22140,
    22140,
    22140,
    22140,
    22140,
    22140,
    22140,
    22140,
    22140,
    22140
  ],
  "proc-vmstat.nr_dirtied": [
    689201,
    689273,
    689278,
    689279,
    689287,
    689288,
    689370,
    689371,
    689372,
    689376,
    689378,
    689386
  ],
  "proc-vmstat.nr_written": [
    682394,
    682403,
    682404,
    682987,
    683051,
    683052,
    683053,
    683054,
    683152,
    683148,
    683149,
    683150
  ],
  "proc-vmstat.nr_dirty_threshold": [
    787700,
    787311,
    787219,
    787207,
    787181,
    787173,
    787187,
    787159,
    787153,
    787190,
    787214,
    787190
  ],
  "proc-vmstat.nr_dirty_background_threshold": [
    196925,
    196827,
    196804,
    196801,
    196795,
    196793,
    196796,
    196789,
    196788,
    196797,
    196803,
    196797
  ],
  "proc-vmstat.pgpgin": [
    638975,
    639271,
    639427,
    639427,
    639427,
    639431,
    639431,
    639431,
    639431,
    639431,
    639431,
    639431
  ],
  "proc-vmstat.pgpgout": [
    2787920,
    2787924,
    2787928,
    2790492,
    2790496,
    2790500,
    2790844,
    2790848,
    2791212,
    2791216,
    2791264,
    2791268
  ],
  "proc-vmstat.pgalloc_dma": [
    1,
    1,
    1,
    1,
    1,
    1,
    1,
    1,
    1,
    1,
    1,
    1
  ],
  "proc-vmstat.pgalloc_dma32": [
    340934,
    343360,
    343821,
    344012,
    344291,
    344436,
    344765,
    344838,
    345170,
    345301,
    345637,
    345813
  ],
  "proc-vmstat.pgalloc_normal": [
    2057247,
    2071422,
    2074693,
    2076024,
    2077270,
    2078625,
    2079801,
    2081383,
    2082543,
    2083896,
    2085351,
    2086663
  ],
  "proc-vmstat.pgfree": [
    6089631,
    6104131,
    6107595,
    6109082,
    6110599,
    6112084,
    6113635,
    6115278,
    6116769,
    6118245,
    6120032,
    6121524
  ],
  "proc-vmstat.pgactivate": [
    351778,
    351878,
    355817,
    355819,
    355819,
    355820,
    355821,
    355822,
    355823,
    355825,
    355826,
    355827
  ],
  "proc-vmstat.pgfault": [
    2005167,
    2028604,
    2041077,
    2043218,
    2045359,
    2047481,
    2049605,
    2052020,
    2054146,
    2056265,
    2058807,
    2060913
  ],
  "proc-vmstat.pgmajfault": [
    4046,
    4052,
    4054,
    4054,
    4054,
    4054,
    4054,
    4054,
    4054,
    4054,
    4054,
    4054
  ],
  "proc-vmstat.pageoutrun": [
    1,
    1,
    1,
    1,
    1,
    1,
    1,
    1,
    1,
    1,
    1,
    1
  ]
}