{
  "ebizzy.throughput": [
    21768,
    21606,
    21727,
    21533,
    21554
  ],
  "ebizzy.throughput.per_thread.min": [
    2673,
    2637,
    2678,
    2590,
    2650
  ],
  "ebizzy.throughput.per_thread.max": [
    2800,
    2767,
    2738,
    2823,
    2729
  ],
  "ebizzy.throughput.per_thread.stddev_percent": [
    0.17000434136909326,
    0.16926313340474033,
    0.10422048027085426,
    0.33595456932880974,
    0.11965164015752144
  ],
  "ebizzy.time.real": [
    5.0,
    5.0,
    5.0,
    5.0,
    5.0
  ],
  "ebizzy.time.user": [
    5.42,
    5.48,
    5.51,
    5.4,
    5.48
  ],
  "ebizzy.time.sys": [
    14.39,
    14.34,
    14.31,
    14.42,
    14.33
  ]
}