{
  "interrupts.time": [
    1479990616.1171286,
    1479990642.1149714
  ],
  "interrupts.CPU0.0:IO-APIC.2-edge.timer": [
    26,
    26
  ],
  "interrupts.0:IO-APIC.2-edge.timer": [
    26,
    26
  ],
  "interrupts.CPU2.8:IO-APIC.8-edge.rtc0": [
    1,
    1
  ],
  "interrupts.8:IO-APIC.8-edge.rtc0": [
    1,
    1
  ],
  "interrupts.CPU0.9:IO-APIC.9-fasteoi.acpi": [
    1,
    1
  ],
  "interrupts.CPU2.9:IO-APIC.9-fasteoi.acpi": [
    2,
    2
  ],
  "interrupts.9:IO-APIC.9-fasteoi.acpi": [
    3,
    3
  ],
  "interrupts.CPU0.23:IO-APIC.23-fasteoi.ehci_hcd:usb1": [
    33,
    33
  ],
  "interrupts.CPU2.23:IO-APIC.23-fasteoi.ehci_hcd:usb1": [
    7,
    7
  ],
  "interrupts.23:IO-APIC.23-fasteoi.ehci_hcd:usb1": [
    40,
    40
  ],
  "interrupts.CPU0.40:PCI-MSI.512000-edge.0000:00:1f.2": [
    5769,
    5885
  ],
  "interrupts.CPU1.40:PCI-MSI.512000-edge.0000:00:1f.2": [
    3747,
    3753
  ],
  "interrupts.CPU2.40:PCI-MSI.512000-edge.0000:00:1f.2": [
    11305,
    11305
  ],
  "interrupts.CPU3.40:PCI-MSI.512000-edge.0000:00:1f.2": [
    8834,
    8835
  ],
  "interrupts.40:PCI-MSI.512000-edge.0000:00:1f.2": [
    29655,
    29778
  ],
  "interrupts.CPU0.41:PCI-MSI.327680-edge.xhci_hcd": [
    16220,
    16220
  ],
  "interrupts.CPU1.41:PCI-MSI.327680-edge.xhci_hcd": [
    2683,
    2683
  ],
  "interrupts.CPU2.41:PCI-MSI.327680-edge.xhci_hcd": [
    16496,
    16496
  ],
  "interrupts.CPU3.41:PCI-MSI.327680-edge.xhci_hcd": [
    3759,
    3759
  ],
  "interrupts.41:PCI-MSI.327680-edge.xhci_hcd": [
    39158,
    39158
  ],
  "interrupts.CPU0.42:PCI-MSI.32768-edge.i915": [
    336,
    838
  ],
  "interrupts.CPU1.42:PCI-MSI.32768-edge.i915": [
    348,
    348
  ],
  "interrupts.CPU2.42:PCI-MSI.32768-edge.i915": [
    8991,
    9007
  ],
  "interrupts.CPU3.42:PCI-MSI.32768-edge.i915": [
    191,
    191
  ],
  "interrupts.42:PCI-MSI.32768-edge.i915": [
    9866,
    10384
  ],
  "interrupts.CPU0.43:PCI-MSI.442368-edge.snd_hda_intel": [
    55,
    55
  ],
  "interrupts.CPU1.43:PCI-MSI.442368-edge.snd_hda_intel": [
    79,
    79
  ],
  "interrupts.CPU2.43:PCI-MSI.442368-edge.snd_hda_intel": [
    86,
    86
  ],
  "interrupts.CPU3.43:PCI-MSI.442368-edge.snd_hda_intel": [
    6,
    6
  ],
  "interrupts.43:PCI-MSI.442368-edge.snd_hda_intel": [
    226,
    226
  ],
  "interrupts.CPU0.44:PCI-MSI.49152-edge.snd_hda_intel": [
    417,
    417
  ],
  "interrupts.CPU1.44:PCI-MSI.49152-edge.snd_hda_intel": [
    2,
    2
  ],
  "interrupts.CPU2.44:PCI-MSI.49152-edge.snd_hda_intel": [
    529,
    529
  ],
  "interrupts.CPU3.44:PCI-MSI.49152-edge.snd_hda_intel": [
    87,
    87
  ],
  "interrupts.44:PCI-MSI.49152-edge.snd_hda_intel": [
    1035,
    1035
  ],
  "interrupts.CPU0.45:PCI-MSI.1572864-edge.eth0": [
    7771,
    7785
  ],
  "interrupts.CPU1.45:PCI-MSI.1572864-edge.eth0": [
    4279,
    4286
  ],
  "interrupts.CPU2.45:PCI-MSI.1572864-edge.eth0": [
    23061,
    23082
  ],
  "interrupts.CPU3.45:PCI-MSI.1572864-edge.eth0": [
    4628,
    4635
  ],
  "interrupts.45:PCI-MSI.1572864-edge.eth0": [
    39739,
    39788
  ],
  "interrupts.CPU0.NMI:Non-maskable_interrupts": [
    1,
    4
  ],
  "interrupts.CPU1.NMI:Non-maskable_interrupts": [
    1,
    4
  ],
  "interrupts.CPU2.NMI:Non-maskable_interrupts": [
    1,
    4
  ],
  "interrupts.CPU3.NMI:Non-maskable_interrupts": [
    1,
    4
  ],
  "interrupts.NMI:Non-maskable_interrupts": [
    4,
    16
  ],
  "interrupts.CPU0.LOC:Local_timer_interrupts": [
    128634,
    155605
  ],
  "interrupts.CPU1.LOC:Local_timer_interrupts": [
    135153,
    160591
  ],
  "interrupts.CPU2.LOC:Local_timer_interrupts": [
    49627,
    74870
  ],
  "interrupts.CPU3.LOC:Local_timer_interrupts": [
    52393,
    77722
  ],
  "interrupts.LOC:Local_timer_interrupts": [
    365807,
    468788
  ],
  "interrupts.CPU0.PMI:Performance_monitoring_interrupts": [
    1,
    4
  ],
  "interrupts.CPU1.PMI:Performance_monitoring_interrupts": [
    1,
    4
  ],
  "interrupts.CPU2.PMI:Performance_monitoring_interrupts": [
    1,
    4
  ],
  "interrupts.CPU3.PMI:Performance_monitoring_interrupts": [
    1,
    4
  ],
  "interrupts.PMI:Performance_monitoring_interrupts": [
    4,
    16
  ],
  "interrupts.CPU0.RTR:APIC_ICR_read_retries": [
    3,
    3
  ],
  "interrupts.RTR:APIC_ICR_read_retries": [
    3,
    3
  ],
  "interrupts.CPU0.RES:Rescheduling_interrupts": [
    2409,
    2543
  ],
  "interrupts.CPU1.RES:Rescheduling_interrupts": [
    2350,
    2503
  ],
  "interrupts.CPU2.RES:Rescheduling_interrupts": [
    1868,
    1982
  ],
  "interrupts.CPU3.RES:Rescheduling_interrupts": [
    2480,
    2596
  ],
  "interrupts.RES:Rescheduling_interrupts": [
    9107,
    9624
  ],
  "interrupts.CPU0.CAL:Function_call_interrupts": [
    102,
    4294951428
  ],
  "interrupts.CPU1.CAL:Function_call_interrupts": [
    115,
    4294953378
  ],
  "interrupts.CPU2.CAL:Function_call_interrupts": [
    105,
    4294951166
  ],
  "interrupts.CPU3.CAL:Function_call_interrupts": [
    132,
    4294953474
  ],
  "interrupts.CAL:Function_call_interrupts": [
    454,
    17179809446
  ],
  "interrupts.CPU0.TLB:TLB_shootdowns": [
    3849,
    401247
  ],
  "interrupts.CPU1.TLB:TLB_shootdowns": [
    3601,
    407329
  ],
  "interrupts.CPU2.TLB:TLB_shootdowns": [
    3160,
    406402
  ],
  "interrupts.CPU3.TLB:TLB_shootdowns": [
    2267,
    406339
  ],
  "interrupts.TLB:TLB_shootdowns": [
    12877,
    1621317
  ],
  "interrupts.CPU0.MCP:Machine_check_polls": [
    4,
    4
  ],
  "interrupts.CPU1.MCP:Machine_check_polls": [
    4,
    4
  ],
  "interrupts.CPU2.MCP:Machine_check_polls": [
    4,
    4
  ],
  "interrupts.CPU3.MCP:Machine_check_polls": [
    4,
    4
  ],
  "interrupts.MCP:Machine_check_polls": [
    16,
    16
  ]
}