{
  "meminfo.time": [
    1479990616.11016,
    1479990617.1176827,
    1479990618.1379938,
    1479990619.1679804,
    1479990620.1890905,
    1479990621.2179787,
    1479990622.2379746,
    1479990623.2719584,
    1479990624.2969432,
    1479990625.3316975,
    1479990626.3553813,
    1479990627.375963,
    1479990628.4009619,
    1479990629.433968,
    1479990630.4629748,
    1479990631.4829805,
    1479990632.5179715,
    1479990633.5462494,
    1479990634.5718133,
    1479990635.6039739,
    1479990636.6299682,
    1479990637.6550658,
    1479990638.6799755,
    1479990639.7060237,
    1479990640.7349708,
    1479990641.7659762
  ],
  "meminfo.MemTotal": [
    16360572,
    16360572,
    16360572,
    16360572,
    16360572,
    16360572,
    16360572,
    16360572,
    16360572,
    16360572,
    16360572,
    16360572,
    16360572,
    16360572,
    16360572,
    16360572,
    16360572,
    16360572,
    16360572,
    16360572,
    16360572,
    16360572,
    16360572,
    16360572,
    16360572,
    16360572
  ],
  "meminfo.MemFree": [
    15165932,
    15152520,
    15152080,
    15152276,
    15151708,
    15152348,
    15152396,
    15152336,
    15152220,
    15152116,
    15152360,
    15152336,
    15152452,
    15152268,
    15152484,
    15152572,
    15151900,
    15151956,
    15151844,
    15152252,
    15152400,
    15152092,
    15152244,
    15152344,
    15152556,
    15152504
  ],
  "meminfo.MemAvailable": [
    15930692,
    15917312,
    15916992,
    15917192,
    15916620,
    15917272,
    15917328,
    15917260,
    15917144,
    15917036,
    15917280,
    15917252,
    15917368,
    15917184,
    15917396,
    15917472,
    15916808,
    15916864,
    15916752,
    15917152,
    15917296,
    15916996,
    15917144,
    15917232,
    15917440,
    15917388
  ],
  "meminfo.Buffers": [
    22096,
    22100,
    22100,
    22100,
    22104,
    22112,
    22112,
    22112,
    22112,
    22112,
    22120,
    22120,
    22120,
    22120,
    22120,
    22128,
    22128,
    22128,
    22128,
    22128,
    22136,
    22136,
    22136,
    22136,
    22136,
    22144
  ],
  "meminfo.Cached": [
    872300,
    872840,
    872952,
    872952,
    872948,
    872952,
    872960,
    872960,
    872960,
    872960,
    872952,
    872960,
    872960,
    872960,
    872960,
    872952,
    872960,
    872960,
    872960,
    872960,
    872952,
    872960,
    872960,
    872960,
    872960,
    872952
  ],
  "meminfo.Active": [
    538108,
    548184,
    548788,
    548600,
    548732,
    548316,
    549132,
    547872,
    548500,
    549484,
    548936,
    548832,
    548964,
    549032,
    549028,
    548652,
    548888,
    548848,
    549724,
    548956,
    549028,
    548616,
    548936,
    549484,
    549136,
    549100
  ],
  "meminfo.Inactive": [
    539860,
    539472,
    539556,
    539556,
    539556,
    539556,
    539556,
    539544,
    539544,
    539544,
    539544,
    539544,
    539544,
    539540,
    539540,
    539540,
    539540,
    539540,
    539540,
    539540,
    539540,
    539540,
    539540,
    539540,
    539540,
    539540
  ],
  "meminfo.Active(anon)": [
    185628,
    195412,
    195988,
    195800,
    195932,
    195504,
    196312,
    195040,
    195668,
    196652,
    196104,
    195992,
    196124,
    196188,
    196184,
    195808,
    196036,
    195996,
    196872,
    196104,
    196176,
    195756,
    196076,
    196624,
    196276,
    196240
  ],
  "meminfo.Inactive(anon)": [
    62700,
    62700,
    62700,
    62700,
    62700,
    62700,
    62700,
    62700,
    62700,
    62700,
    62700,
    62700,
    62700,
    62700,
    62700,
    62700,
    62700,
    62700,
    62700,
    62700,
    62700,
    62700,
    62700,
    62700,
    62700,
    62700
  ],
  "meminfo.Active(file)": [
    352480,
    352772,
    352800,
    352800,
    352800,
    352812,
    352820,
    352832,
    352832,
    352832,
    352832,
    352840,
    352840,
    352844,
    352844,
    352844,
    352852,
    352852,
    352852,
    352852,
    352852,
    352860,
    352860,
    352860,
    352860,
    352860
  ],
  "meminfo.Inactive(file)": [
    477160,
    476772,
    476856,
    476856,
    476856,
    476856,
    476856,
    476844,
    476844,
    476844,
    476844,
    476844,
    476844,
    476840,
    476840,
    476840,
    476840,
    476840,
    476840,
    476840,
    476840,
    476840,
    476840,
    476840,
    476840,
    476840
  ],
  "meminfo.Dirty": [
    1712,
    1884,
    1900,
    1900,
    72,
    4,
    268,
    276,
    276,
    0,
    0,
    20,
    28,
    28,
    28,
    0,
    20,
    28,
    28,
    28,
    0,
    20,
    28,
    28,
    28,
    0
  ],
  "meminfo.AnonPages": [
    182828,
    192856,
    193248,
    193052,
    192952,
    192976,
    193124,
    192376,
    193008,
    193260,
    193116,
    192752,
    193368,
    193436,
    193172,
    193264,
    193200,
    193200,
    194436,
    192828,
    192648,
    193108,
    192716,
    193644,
    193336,
    193612
  ],
  "meminfo.Mapped": [
    262660,
    262352,
    262384,
    262384,
    262384,
    262388,
    262388,
    262388,
    262388,
    262388,
    262388,
    262388,
    262388,
    262388,
    262388,
    262388,
    262388,
    262388,
    262388,
    262388,
    262388,
    262388,
    262388,
    262388,
    262388,
    262388
  ],
  "meminfo.Shmem": [
    65408,
    65408,
    65408,
    65408,
    65408,
    65408,
    65408,
    65408,
    65408,
    65408,
    65408,
    65408,
    65408,
    65408,
    65408,
    65408,
    65408,
    65408,
    65408,
    65408,
    65408,
    65408,
    65408,
    65408,
    65408,
    65408
  ],
  "meminfo.Slab": [
    75648,
    76204,
    76256,
    76264,
    76260,
    76260,
    76260,
    76084,
    76092,
    76088,
    76088,
    75944,
    75944,
    75956,
    75952,
    75848,
    75852,
    75860,
    75864,
    75772,
    75772,
    75776,
    75776,
    75628,
    75628,
    75640
  ],
  "meminfo.SReclaimable": [
    47612,
    47868,
    47888,
    47892,
    47888,
    47888,
    47888,
    47868,
    47868,
    47860,
    47860,
    47840,
    47836,
    47840,
    47832,
    47808,
    47808,
    47808,
    47808,
    47792,
    47784,
    47784,
    47776,
    47748,
    47744,
    47744
  ],
  "meminfo.SUnreclaim": [
    28036,
    28336,
    28368,
    28372,
    28372,
    28372,
    28372,
    28216,
    28224,
    28228,
    28228,
    28104,
    28108,
    28116,
    28120,
    28040,
    28044,
    28052,
    28056,
    27980,
    27988,
    27992,
    28000,
    27880,
    27884,
    27896
  ],
  "meminfo.KernelStack": [
    9456,
    10016,
    10192,
    10192,
    10192,
    10192,
    10192,
    10192,
    10192,
    10192,
    10192,
    10192,
    10192,
    10192,
    10192,
    10192,
    10192,
    10192,
    10192,
    10192,
    10192,
    10192,
    10176,
    10176,
    10160,
    10160
  ],
  "meminfo.PageTables": [
    11828,
    12516,
    12680,
    12680,
    12676,
    12680,
    12680,
    12676,
    12680,
    12680,
    12680,
    12672,
    12680,
    12680,
    12676,
    12676,
    12680,
    12684,
    12680,
    12684,
    12680,
    12684,
    12680,
    12676,
    12676,
    12680
  ],
  "meminfo.CommitLimit": [
    8180284,
    8180284,
    8180284,
    8180284,
    8180284,
    8180284,
    8180284,
    8180284,
    8180284,
    8180284,
    8180284,
    8180284,
    8180284,
    8180284,
    8180284,
    8180284,
    8180284,
    8180284,
    8180284,
    8180284,
    8180284,
    8180284,
    8180284,
    8180284,
    8180284,
    8180284
  ],