{
  "proc-vmstat.time": [
    1479990616.1027043,
    1479990617.116977,
    1479990618.1400821,
    1479990619.159971,
    1479990620.1929545,
    1479990621.2272213,
    1479990622.2539682,
    1479990623.276969,
    1479990624.3019826,
    1479990625.3379736,
    1479990626.359041,
    1479990627.3879652,
    1479990628.4139667,
    1479990629.4437358,
    1479990630.4789755,
    1479990631.513988,
    1479990632.5399952,
    1479990633.5629544,
    1479990634.590929,
    1479990635.622791,
    1479990636.647966,
    1479990637.6709728,
    1479990638.7029822,
    1479990639.7349524,
    1479990640.7649755,
    1479990641.801996
  ],
  "proc-vmstat.nr_free_pages": [
    3791656,
    3788130,
    3788020,
    3788069,
    3787927,
    3788087,
    3788071,
    3788022,
    3788051,
    3787972,
    3788090,
    3788084,
    3788162,
    3788116,
    3788047,
    3788037,
    3787971,
    3788087,
    3787961,
    3788010,
    3788047,
    3787970,
    3788159,
    3788037,
    3788077,
    3788126
  ],
  "proc-vmstat.nr_alloc_batch": [
    981,
    791,
    335,
    889,
    639,
    457,
    544,
    696,
    516,
    1038,
    473,
    339,
    73,
    707,
    523,
    343,
    575,
    634,
    715,
    97,
    658,
    423,
    483,
    1385,
    662,
    111
  ],
  "proc-vmstat.nr_inactive_anon": [
    15675,
    15675,
    15675,
    15675,
    15675,
    15675,
    15675,
    15675,
    15675,
    15675,
    15675,
    15675,
    15675,
    15675,
    15675,
    15675,
    15675,
    15675,
    15675,
    15675,
    15675,
    15675,
    15675,
    15675,
    15675,
    15675
  ],
  "proc-vmstat.nr_active_anon": [
    46125,
    48939,
    49144,
    48963,
    48849,
    48974,
    49029,
    48932,
    48868,
    49028,
    49051,
    49035,
    49043,
    49010,
    48947,
    49173,
    49009,
    48950,
    49071,
    49025,
    48995,
    49087,
    49092,
    49181,
    48848,
    48925
  ],
  "proc-vmstat.nr_inactive_file": [
    119339,
    119193,
    119214,
    119214,
    119214,
    119214,
    119214,
    119211,
    119211,
    119211,
    119211,
    119211,
    119211,
    119210,
    119210,
    119210,
    119210,
    119210,
    119210,
    119210,
    119210,
    119210,
    119210,
    119210,
    119210,
    119210
  ],
  "proc-vmstat.nr_active_file": [
    88120,
    88193,
    88200,
    88200,
    88200,
    88203,
    88205,
    88208,
    88208,
    88208,
    88208,
    88210,
    88210,
    88211,
    88211,
    88211,
    88213,
    88213,
    88213,
    88213,
    88213,
    88215,
    88215,
    88215,
    88215,
    88215
  ],
  "proc-vmstat.nr_anon_pages": [
    45413,
    48165,
    48410,
    48276,
    48153,
    48305,
    48379,
    48266,
    48203,
    48327,
    48353,
    48286,
    48391,
    48371,
    48292,
    48500,
    48349,
    48300,
    48413,
    48391,
    48162,
    48302,
    48387,
    48289,
    48199,
    48219
  ],
  "proc-vmstat.nr_mapped": [
    65738,
    65588,
    65596,
    65596,
    65596,
    65597,
    65597,
    65597,
    65597,
    65597,
    65597,
    65597,
    65597,
    65597,
    65597,
    65597,
    65597,
    65597,
    65597,
    65597,
    65597,
    65597,
    65597,
    65597,
    65597,
    65597
  ],
  "proc-vmstat.nr_file_pages": [
    223599,
    223735,
    223763,
    223763,
    223763,
    223766,
    223768,
    223768,
    223768,
    223768,
    223768,
    223770,
    223770,
    223770,
    223770,
    223770,
    223772,
    223772,
    223772,
    223772,
    223772,
    223774,
    223774,
    223774,
    223774,
    223774
  ],
  "proc-vmstat.nr_dirty": [
    428,
    471,
    475,
    475,
    18,
    1,
    67,
    69,
    69,
    0,
    0,
    5,
    7,
    7,
    7,
    0,
    5,
    7,
    7,
    7,
    0,
    5,
    7,
    7,
    7,
    0
  ],
  "proc-vmstat.nr_slab_reclaimable": [
    11903,
    11967,
    11972,
    11973,
    11972,
    11972,
    11972,
    11967,
    11967,
    11965,
    11965,
    11960,
    11959,
    11960,
    11958,
    11952,
    11952,
    11952,
    11952,
    11948,
    11946,
    11946,
    11944,
    11937,
    11936,
    11936
  ],
  "proc-vmstat.nr_slab_unreclaimable": [
    7009,
    7084,
    7092,
    7093,
    7093,
    7093,
    7093,
    7054,
    7056,
    7057,
    7057,
    7026,
    7027,
    7029,
    7030,
    7010,
    7011,
    7013,
    7014,
    6995,
    6997,
    6998,
    7000,
    6970,
    6971,
    6974
  ],
  "proc-vmstat.nr_page_table_pages": [
    2884,
    3129,
    3170,
    3170,
    3169,
    3170,
    3170,
    3169,
    3170,
    3170,
    3170,
    3168,
    3170,
    3170,
    3169,
    3169,
    3170,
    3171,
    3170,
    3171,
    3170,
    3171,
    3170,
    3169,
    3169,
    3170
  ],
  "proc-vmstat.nr_kernel_stack": [
    591,
    626,
    637,
    637,
    637,
    637,
    637,
    637,
    637,
    637,
    637,
    637,
    637,
    637,
    637,
    637,
    637,
    637,
    637,
    637,
    637,
    637,
    636,
    636,
    635,
    635
  ],
  "proc-vmstat.nr_shmem": [
    16352,
    16352,
    16352,
    16352,
    16352,
    16352,
    16352,
    16352,
    16352,
    16352,
    16352,
    16352,
    16352,
    16352,
    16352,
    16352,
    16352,
    16352,
    16352,
    16352,
    16352,
    16352,
    16352,
    16352,
    16352,
    16352
  ],
  "proc-vmstat.nr_dirtied": [
    140202,
    140249,
    140253,
    140253,
    140253,
    140254,
    140320,
    140322,
    140322,
    140322,
    140322,
    140327,
    140329,
    140329,
    140329,
    140329,
    140334,
    140336,
    140336,
    140336,
    140336,
    140341,
    140343,
    140343,
    140343,
    140343
  ],
  "proc-vmstat.nr_written": [
    138706,
    138710,
    138710,
    138710,
    139112,
    139185,
    139185,
    139185,
    139185,
    139185,
    139254,
    139254,
    139254,
    139254,
    139254,
    139261,
    139261,
    139261,
    139261,
    139261,
    139268,
    139268,
    139268,
    139268,
    139268,
    139275
  ],
  "proc-vmstat.nr_dirty_threshold": [
    794101,
    793381,
    793365,
    793375,
    793346,
    793379,
    793376,
    793366,
    793372,
    793356,
    793380,
    793379,
    793395,
    793386,
    793372,
    793370,
    793357,
    793380,
    793355,
    793365,
    793372,
    793357,
    793395,
    793371,
    793379,
    793388
  ],
  "proc-vmstat.nr_dirty_background_threshold": [
    198525,
    198345,
    198341,
    198343,
    198336,
    198344,
    198344,
    198341,
    198343,
    198339,
    198345,
    198344,
    198348,
    198346,
    198343,
    198342,
    198339,
    198345,
    198338,
    198341,
    198343,
    198339,
    198348,
    198342,
    198344,
    198347
  ],
  "proc-vmstat.pgpgin": [
    747929,
    748025,
    748025,
    748025,
    748029,
    748029,
    748029,
    748029,
    748029,
    748029,
    748029,
    748029,
    748029,
    748029,
    748029,
    748029,
    748029,
    748029,
    748029,
    748029,
    748029,
    748029,
    748029,
    748029,
    748029,
    748029
  ],
  "proc-vmstat.pgpgout": [
    569622,
    569622,
    569622,
    569622,
    571354,
    571626,
    571626,
    571626,
    571626,
    571886,
    571910,
    571910,
    571910,
    571910,
    571922,
    571946,
    571946,
    571946,
    571946,
    571958,
    571982,
    571982,
    571982,
    571982,
    571994,
    572018
  ],
  "proc-vmstat.pgalloc_dma32": [
    187459,
    208621,
    701188,
    1190411,
    1686577,
    2175794,
    2669850,
    3156612,
    3644654,
    4136450,
    4621622,
    5102483,
    5592953,
    6081442,
    6572066,
    7062120,
    7547254,
    8030515,
    8516001,
    8999563,
    9487995,
    9967721,
    10457875,
    10941939,
    11423194,
    11915233
  ],