{
  "ebizzy.throughput": [
    66372,
    67062,
    67253,
    67017,
    67002
  ],
  "ebizzy.throughput.per_thread.min": [
    4028,
    4126,
    4056,
    4112,
    4062
  ],
  "ebizzy.throughput.per_thread.max": [
    4491,
    4457,
    4489,
    4304,
    4417
  ],
  "ebizzy.throughput.per_thread.stddev_percent": [
    0.21185261665972432,
    0.12273601361038207,
    0.16351032945146332,
    0.07458455837041718,
    0.1490789414859637
  ],
  "ebizzy.time.real": [
    5.0,
    5.0,
    5.0,
    5.0,
    5.0
  ],
  "ebizzy.time.user": [
    9.44,
    9.43,
    9.57,
    9.5,
    9.45
  ],
  "ebizzy.time.sys": [
    30.46,
    30.47,
    30.33,
    30.41,
    30.46
  ]
}