{
  "interrupts.time": [
    1478266677.1344407,
    1478266703.1395013
  ],
  "interrupts.CPU0.0:IO-APIC.2-edge.timer": [
    37,
    37
  ],
  "interrupts.0:IO-APIC.2-edge.timer": [
    37,
    37
  ],
  "interrupts.CPU1.1:IO-APIC.1-edge.i8042": [
    1,
    1
  ],
  "interrupts.CPU6.1:IO-APIC.1-edge.i8042": [
    1,
    1
  ],
  "interrupts.1:IO-APIC.1-edge.i8042": [
    2,
    2
  ],
  "interrupts.CPU0.7:IO-APIC.7-edge": [
    26,
    26
  ],
  "interrupts.7:IO-APIC.7-edge": [
    26,
    26
  ],
  "interrupts.CPU0.8:IO-APIC.8-edge.rtc0": [
    1,
    1
  ],
  "interrupts.8:IO-APIC.8-edge.rtc0": [
    1,
    1
  ],
  "interrupts.CPU4.9:IO-APIC.9-fasteoi.acpi": [
    3,
    3
  ],
  "interrupts.9:IO-APIC.9-fasteoi.acpi": [
    3,
    3
  ],
  "interrupts.CPU0.12:IO-APIC.12-edge.i8042": [
    1,
    1
  ],
  "interrupts.CPU1.12:IO-APIC.12-edge.i8042": [
    1,
    1
  ],
  "interrupts.CPU2.12:IO-APIC.12-edge.i8042": [
    1,
    1
  ],
  "interrupts.CPU6.12:IO-APIC.12-edge.i8042": [
    1,
    1
  ],
  "interrupts.12:IO-APIC.12-edge.i8042": [
    4,
    4
  ],
  "interrupts.CPU0.120:PCI-MSI.376832-edge.0000:00:17.0": [
    20165,
    20440
  ],
  "interrupts.CPU1.120:PCI-MSI.376832-edge.0000:00:17.0": [
    2869,
    2869
  ],
  "interrupts.CPU2.120:PCI-MSI.376832-edge.0000:00:17.0": [
    950,
    951
  ],
  "interrupts.CPU3.120:PCI-MSI.376832-edge.0000:00:17.0": [
    1125,
    1125
  ],
  "interrupts.CPU4.120:PCI-MSI.376832-edge.0000:00:17.0": [
    4635,
    4635
  ],
  "interrupts.CPU5.120:PCI-MSI.376832-edge.0000:00:17.0": [
    3686,
    3686
  ],
  "interrupts.CPU6.120:PCI-MSI.376832-edge.0000:00:17.0": [
    2070,
    2070
  ],
  "interrupts.CPU7.120:PCI-MSI.376832-edge.0000:00:17.0": [
    994,
    994
  ],
  "interrupts.120:PCI-MSI.376832-edge.0000:00:17.0": [
    36494,
    36770
  ],
  "interrupts.CPU0.121:PCI-MSI.327680-edge.xhci_hcd": [
    1462,
    1462
  ],
  "interrupts.CPU1.121:PCI-MSI.327680-edge.xhci_hcd": [
    18,
    18
  ],
  "interrupts.CPU2.121:PCI-MSI.327680-edge.xhci_hcd": [
    24,
    24
  ],
  "interrupts.CPU3.121:PCI-MSI.327680-edge.xhci_hcd": [
    18,
    18
  ],
  "interrupts.CPU4.121:PCI-MSI.327680-edge.xhci_hcd": [
    31,
    31
  ],
  "interrupts.CPU5.121:PCI-MSI.327680-edge.xhci_hcd": [
    18,
    18
  ],
  "interrupts.CPU6.121:PCI-MSI.327680-edge.xhci_hcd": [
    11,
    11
  ],
  "interrupts.CPU7.121:PCI-MSI.327680-edge.xhci_hcd": [
    7,
    7
  ],
  "interrupts.121:PCI-MSI.327680-edge.xhci_hcd": [
    1589,
    1589
  ],
  "interrupts.CPU0.122:PCI-MSI.32768-edge.i915": [
    793,
    799
  ],
  "interrupts.CPU1.122:PCI-MSI.32768-edge.i915": [
    100,
    100
  ],
  "interrupts.CPU2.122:PCI-MSI.32768-edge.i915": [
    86,
    86
  ],
  "interrupts.CPU3.122:PCI-MSI.32768-edge.i915": [
    73,
    73
  ],
  "interrupts.CPU4.122:PCI-MSI.32768-edge.i915": [
    245,
    245
  ],
  "interrupts.CPU5.122:PCI-MSI.32768-edge.i915": [
    123,
    123
  ],
  "interrupts.CPU6.122:PCI-MSI.32768-edge.i915": [
    108,
    108
  ],
  "interrupts.CPU7.122:PCI-MSI.32768-edge.i915": [
    111,
    111
  ],
  "interrupts.122:PCI-MSI.32768-edge.i915": [
    1639,
    1645
  ],
  "interrupts.CPU0.123:PCI-MSI.514048-edge.snd_hda_intel": [
    2,
    2
  ],
  "interrupts.CPU1.123:PCI-MSI.514048-edge.snd_hda_intel": [
    52,
    52
  ],
  "interrupts.CPU3.123:PCI-MSI.514048-edge.snd_hda_intel": [
    284,
    284
  ],
  "interrupts.CPU4.123:PCI-MSI.514048-edge.snd_hda_intel": [
    165,
    165
  ],
  "interrupts.CPU7.123:PCI-MSI.514048-edge.snd_hda_intel": [
    1,
    1
  ],
  "interrupts.123:PCI-MSI.514048-edge.snd_hda_intel": [
    504,
    504
  ],
  "interrupts.CPU0.124:PCI-MSI.2097152-edge.eth0": [
    43480,
    43496
  ],
  "interrupts.CPU1.124:PCI-MSI.2097152-edge.eth0": [
    2941,
    2945
  ],
  "interrupts.CPU2.124:PCI-MSI.2097152-edge.eth0": [
    3066,
    3073
  ],
  "interrupts.CPU3.124:PCI-MSI.2097152-edge.eth0": [
    1329,
    1330
  ],
  "interrupts.CPU4.124:PCI-MSI.2097152-edge.eth0": [
    16657,
    16658
  ],
  "interrupts.CPU5.124:PCI-MSI.2097152-edge.eth0": [
    3198,
    3203
  ],
  "interrupts.CPU6.124:PCI-MSI.2097152-edge.eth0": [
    3482,
    3485
  ],
  "interrupts.CPU7.124:PCI-MSI.2097152-edge.eth0": [
    3070,
    3073
  ],
  "interrupts.124:PCI-MSI.2097152-edge.eth0": [
    77223,
    77263
  ],
  "interrupts.CPU0.NMI:Non-maskable_interrupts": [
    8,
    11
  ],
  "interrupts.CPU1.NMI:Non-maskable_interrupts": [
    9,
    11
  ],
  "interrupts.CPU2.NMI:Non-maskable_interrupts": [
    8,
    10
  ],
  "interrupts.CPU3.NMI:Non-maskable_interrupts": [
    8,
    10
  ],
  "interrupts.CPU4.NMI:Non-maskable_interrupts": [
    7,
    10
  ],
  "interrupts.CPU5.NMI:Non-maskable_interrupts": [
    8,
    10
  ],
  "interrupts.CPU6.NMI:Non-maskable_interrupts": [
    7,
    10
  ],
  "interrupts.CPU7.NMI:Non-maskable_interrupts": [
    8,
    10
  ],
  "interrupts.NMI:Non-maskable_interrupts": [
    63,
    82
  ],
  "interrupts.CPU0.LOC:Local_timer_interrupts": [
    216454,
    241566
  ],
  "interrupts.CPU1.LOC:Local_timer_interrupts": [
    205191,
    230451
  ],
  "interrupts.CPU2.LOC:Local_timer_interrupts": [
    229832,
    254969
  ],
  "interrupts.CPU3.LOC:Local_timer_interrupts": [
    224209,
    249427
  ],
  "interrupts.CPU4.LOC:Local_timer_interrupts": [
    167398,
    192485
  ],
  "interrupts.CPU5.LOC:Local_timer_interrupts": [
    155203,
    180296
  ],
  "interrupts.CPU6.LOC:Local_timer_interrupts": [
    134388,
    159511
  ],
  "interrupts.CPU7.LOC:Local_timer_interrupts": [
    135964,
    161188
  ],
  "interrupts.LOC:Local_timer_interrupts": [
    1468639,
    1669893
  ],
  "interrupts.CPU0.PMI:Performance_monitoring_interrupts": [
    8,
    11
  ],
  "interrupts.CPU1.PMI:Performance_monitoring_interrupts": [
    9,
    11
  ],
  "interrupts.CPU2.PMI:Performance_monitoring_interrupts": [
    8,
    10
  ],
  "interrupts.CPU3.PMI:Performance_monitoring_interrupts": [
    8,
    10
  ],
  "interrupts.CPU4.PMI:Performance_monitoring_interrupts": [
    7,
    10
  ],
  "interrupts.CPU5.PMI:Performance_monitoring_interrupts": [
    8,
    10
  ],
  "interrupts.CPU6.PMI:Performance_monitoring_interrupts": [
    7,
    10
  ],
  "interrupts.CPU7.PMI:Performance_monitoring_interrupts": [
    8,
    10
  ],
  "interrupts.PMI:Performance_monitoring_interrupts": [
    63,
    82
  ],
  "interrupts.CPU0.RTR:APIC_ICR_read_retries": [
    7,
    7
  ],
  "interrupts.RTR:APIC_ICR_read_retries": [
    7,
    7
  ],
  "interrupts.CPU0.RES:Rescheduling_interrupts": [
    1890,
    1938
  ],
  "interrupts.CPU1.RES:Rescheduling_interrupts": [
    2408,
    2453
  ],
  "interrupts.CPU2.RES:Rescheduling_interrupts": [
    1930,
    1997
  ],
  "interrupts.CPU3.RES:Rescheduling_interrupts": [
    2250,
    2313
  ],
  "interrupts.CPU4.RES:Rescheduling_interrupts": [
    2045,
    2111
  ],
  "interrupts.CPU5.RES:Rescheduling_interrupts": [
    845,
    897
  ],
  "interrupts.CPU6.RES:Rescheduling_interrupts": [
    694,
    745
  ],
  "interrupts.CPU7.RES:Rescheduling_interrupts": [
    613,
    658
  ],
  "interrupts.RES:Rescheduling_interrupts": [
    12675,
    13112
  ],
  "interrupts.CPU0.CAL:Function_call_interrupts": [
    4294915140,
    4294899038
  ],
  "interrupts.CPU1.CAL:Function_call_interrupts": [
    4294913620,
    4294896909
  ],
  "interrupts.CPU2.CAL:Function_call_interrupts": [
    4294912268,
    4294895659
  ],
  "interrupts.CPU3.CAL:Function_call_interrupts": [
    4294915574,
    4294899117
  ],
  "interrupts.CPU4.CAL:Function_call_interrupts": [
    4294914691,
    4294898393
  ],
  "interrupts.CPU5.CAL:Function_call_interrupts": [
    4294913332,
    4294896441
  ],
  "interrupts.CPU6.CAL:Function_call_interrupts": [
    4294912187,
    4294895612
  ],
  "interrupts.CPU7.CAL:Function_call_interrupts": [
    4294915503,
    4294899063
  ],
  "interrupts.CAL:Function_call_interrupts": [
    34359312315,
    34359180232
  ],