{
  "meminfo.time": [
    1478266677.1268613,
    1478266678.129579,
    1478266679.1504538,
    1478266680.1824512,
    1478266681.2064087,
    1478266682.2408884,
    1478266683.2693634,
    1478266684.2904348,
    1478266685.311463,
    1478266686.3514013,
    1478266687.3814614,
    1478266688.4014251,
    1478266689.4264467,
    1478266690.457423,
    1478266691.4894357,
    1478266692.5215843,
    1478266693.5364487,
    1478266694.565603,
    1478266695.5954118,
    1478266696.6264637,
    1478266697.6545162,
    1478266698.6924105,
    1478266699.7094076,
    1478266700.7334623,
    1478266701.7644508,
    1478266702.7944157
  ],
  "meminfo.MemTotal": [
    16317260,
    16317260,
    16317260,
    16317260,
    16317260,
    16317260,
    16317260,
    16317260,
    16317260,
    16317260,
    16317260,
    16317260,
    16317260,
    16317260,
    16317260,
    16317260,
    16317260,
    16317260,
    16317260,
    16317260,
    16317260,
    16317260,
    16317260,
    16317260,
    16317260,
    16317260
  ],
  "meminfo.MemFree": [
    15048692,
    15035060,
    15032208,
    15031424,
    15031480,
    15031232,
    15032132,
    15032148,
    15031752,
    15031472,
    15031392,
    15031632,
    15032124,
    15032136,
    15031876,
    15031376,
    15032256,
    15031868,
    15031844,
    15031856,
    15032372,
    15031888,
    15032204,
    15032204,
    15032080,
    15032092
  ],
  "meminfo.MemAvailable": [
    15774564,
    15761060,
    15758228,
    15757444,
    15757692,
    15757444,
    15758364,
    15758376,
    15757980,
    15757720,
    15757640,
    15757880,
    15758372,
    15758384,
    15758124,
    15757616,
    15758512,
    15758124,
    15758100,
    15758100,
    15758616,
    15758148,
    15758464,
    15758464,
    15758340,
    15758352
  ],
  "meminfo.Buffers": [
    41544,
    41552,
    41552,
    41688,
    41688,
    41700,
    41708,
    41708,
    41708,
    41708,
    41716,
    41724,
    41724,
    41724,
    41724,
    41732,
    41740,
    41740,
    41740,
    41740,
    41748,
    41756,
    41756,
    41756,
    41756,
    41772
  ],
  "meminfo.Cached": [
    845800,
    845868,
    845884,
    845748,
    845900,
    845888,
    845900,
    845900,
    845900,
    845900,
    845892,
    845900,
    845900,
    845900,
    845900,
    845892,
    845900,
    845900,
    845900,
    845900,
    845892,
    845900,
    845900,
    845900,
    845900,
    845884
  ],
  "meminfo.Active": [
    602456,
    615928,
    616940,
    616588,
    616560,
    616968,
    617420,
    616724,
    617908,
    617676,
    616848,
    616936,
    618024,
    617772,
    617860,
    618016,
    617360,
    618400,
    617364,
    616920,
    617512,
    617804,
    617368,
    617040,
    616868,
    617856
  ],
  "meminfo.Inactive": [
    453740,
    453476,
    453472,
    453472,
    453472,
    453472,
    453472,
    453460,
    453460,
    453460,
    453460,
    453460,
    453460,
    453460,
    453460,
    453460,
    453460,
    453460,
    453460,
    453460,
    453460,
    453460,
    453460,
    453460,
    453460,
    453460
  ],
  "meminfo.Active(anon)": [
    171564,
    184680,
    185668,
    185316,
    185136,
    185544,
    185976,
    185268,
    186452,
    186220,
    185392,
    185464,
    186552,
    186300,
    186388,
    186544,
    185872,
    186912,
    185876,
    185432,
    186024,
    186300,
    185864,
    185536,
    185364,
    186352
  ],
  "meminfo.Inactive(anon)": [
    93984,
    93984,
    93984,
    93984,
    93984,
    93984,
    93984,
    93984,
    93984,
    93984,
    93984,
    93984,
    93984,
    93984,
    93984,
    93984,
    93984,
    93984,
    93984,
    93984,
    93984,
    93984,
    93984,
    93984,
    93984,
    93984
  ],
  "meminfo.Active(file)": [
    430892,
    431248,
    431272,
    431272,
    431424,
    431424,
    431444,
    431456,
    431456,
    431456,
    431456,
    431472,
    431472,
    431472,
    431472,
    431472,
    431488,
    431488,
    431488,
    431488,
    431488,
    431504,
    431504,
    431504,
    431504,
    431504
  ],
  "meminfo.Inactive(file)": [
    359756,
    359492,
    359488,
    359488,
    359488,
    359488,
    359488,
    359476,
    359476,
    359476,
    359476,
    359476,
    359476,
    359476,
    359476,
    359476,
    359476,
    359476,
    359476,
    359476,
    359476,
    359476,
    359476,
    359476,
    359476,
    359476
  ],
  "meminfo.Dirty": [
    22768,
    22916,
    22932,
    32,
    20,
    796,
    932,
    932,
    156,
    4,
    4,
    40,
    48,
    48,
    4,
    8,
    24,
    28,
    28,
    0,
    4,
    20,
    28,
    28,
    0,
    4
  ],
  "meminfo.Writeback": [
    0,
    0,
    0,
    2816,
    0,
    0,
    0,
    0,
    0,
    0,
    0,
    0,
    0,
    0,
    0,
    0,
    0,
    0,
    0,
    0,
    0,
    0,
    0,
    0,
    0,
    0
  ],
  "meminfo.AnonPages": [
    168860,
    181844,
    182880,
    182428,
    182532,
    182916,
    183104,
    182792,
    183364,
    183156,
    182220,
    182704,
    183332,
    183892,
    183800,
    183700,
    182668,
    183684,
    183416,
    182652,
    183008,
    183752,
    183392,
    183148,
    182856,
    183196
  ],
  "meminfo.Mapped": [
    252492,
    251676,
    251712,
    251712,
    251712,
    251712,
    251712,
    251712,
    251712,
    251712,
    251712,
    251712,
    251712,
    251712,
    251712,
    251712,
    251712,
    251712,
    251712,
    251712,
    251712,
    251712,
    251712,
    251712,
    251712,
    251712
  ],
  "meminfo.Shmem": [
    96688,
    96688,
    96688,
    96688,
    96688,
    96688,
    96688,
    96688,
    96688,
    96688,
    96688,
    96688,
    96688,
    96688,
    96688,
    96688,
    96688,
    96688,
    96688,
    96688,
    96688,
    96688,
    96688,
    96688,
    96688,
    96688
  ],
  "meminfo.Slab": [
    156448,
    156852,
    156784,
    157564,
    157376,
    157376,
    157384,
    157312,
    157320,
    157356,
    157356,
    157112,
    157120,
    157120,
    157120,
    156996,
    156996,
    157024,
    157020,
    156880,
    156876,
    156876,
    156908,
    156780,
    156780,
    156780
  ],
  "meminfo.SReclaimable": [
    47708,
    47784,
    47784,
    47784,
    47864,
    47864,
    47864,
    47856,
    47856,
    47892,
    47892,
    47864,
    47864,
    47864,
    47864,
    47848,
    47848,
    47848,
    47844,
    47824,
    47824,
    47824,
    47824,
    47824,
    47824,
    47824
  ],
  "meminfo.SUnreclaim": [
    108740,
    109068,
    109000,
    109780,
    109512,
    109512,
    109520,
    109456,
    109464,
    109464,
    109464,
    109248,
    109256,
    109256,
    109256,
    109148,
    109148,
    109176,
    109176,
    109056,
    109052,
    109052,
    109084,
    108956,
    108956,
    108956
  ],
  "meminfo.KernelStack": [
    9856,
    10464,
    10768,
    10768,
    10768,
    10768,
    10768,
    10768,
    10768,
    10768,
    10768,
    10768,
    10768,
    10768,
    10768,
    10768,
    10768,
    10768,
    10768,
    10768,
    10768,
    10768,
    10768,
    10768,
    10768,
    10768
  ],
  "meminfo.PageTables": [
    10616,
    10572,
    10816,
    10820,
    10828,
    10824,
    10824,
    10820,
    10824,
    10820,
    10816,
    10824,
    10820,
    10824,
    10820,
    10820,
    10820,
    10820,
    10820,
    10820,
    10820,
    10820,
    10820,
    10808,
    10820,
    10820
  ],
  "meminfo.CommitLimit": [
    8158628,
    8158628,
    8158628,
    8158628,
    8158628,
    8158628,
    8158628,
    8158628,
    8158628,
    8158628,
    8158628,
    8158628,
    8158628,
    8158628,
    8158628,
    8158628,
    8158628,
    8158628,
    8158628,
    8158628,
    8158628,
    8158628,
    8158628,
    8158628,
    8158628,
    8158628
  ],