{
  "proc-vmstat.time": [
    1478266677.118418,
    1478266678.1201909,
    1478266679.140406,
    1478266680.1724043,
    1478266681.2068527,
    1478266682.2404985,
    1478266683.268634,
    1478266684.2814329,
    1478266685.3118553,
    1478266686.3394678,
    1478266687.3765967,
    1478266688.4184353,
    1478266689.4494069,
    1478266690.4734094,
    1478266691.5044801,
    1478266692.5380847,
    1478266693.559588,
    1478266694.5924525,
    1478266695.6324353,
    1478266696.6614528,
    1478266697.693418,
    1478266698.7244089,
    1478266699.7544556,
    1478266700.7844334,
    1478266701.8148227,
    1478266702.8424506
  ],
  "proc-vmstat.nr_free_pages": [
    3762341,
    3759087,
    3758118,
    3757856,
    3757870,
    3757874,
    3758033,
    3758037,
    3757938,
    3757934,
    3757848,
    3757842,
    3758031,
    3758034,
    3757969,
    3757844,
    3757998,
    3757967,
    3757961,
    3757964,
    3758028,
    3757975,
    3758051,
    3757985,
    3757884,
    3758023
  ],
  "proc-vmstat.nr_alloc_batch": [
    619,
    417,
    356,
    679,
    221,
    684,
    314,
    388,
    587,
    842,
    1218,
    860,
    263,
    561,
    986,
    814,
    513,
    83,
    592,
    289,
    149,
    492,
    110,
    592,
    95,
    756
  ],
  "proc-vmstat.nr_inactive_anon": [
    23496,
    23496,
    23496,
    23496,
    23496,
    23496,
    23496,
    23496,
    23496,
    23496,
    23496,
    23496,
    23496,
    23496,
    23496,
    23496,
    23496,
    23496,
    23496,
    23496,
    23496,
    23496,
    23496,
    23496,
    23496,
    23496
  ],
  "proc-vmstat.nr_active_anon": [
    42761,
    45942,
    46400,
    46362,
    46447,
    46467,
    46153,
    46431,
    46353,
    46474,
    46429,
    46642,
    46638,
    46721,
    46434,
    46555,
    46419,
    46582,
    46404,
    46407,
    46441,
    46526,
    46597,
    46531,
    46536,
    46393
  ],
  "proc-vmstat.nr_inactive_file": [
    89939,
    89873,
    89872,
    89872,
    89872,
    89872,
    89872,
    89869,
    89869,
    89869,
    89869,
    89869,
    89869,
    89869,
    89869,
    89869,
    89869,
    89869,
    89869,
    89869,
    89869,
    89869,
    89869,
    89869,
    89869,
    89869
  ],
  "proc-vmstat.nr_active_file": [
    107723,
    107812,
    107818,
    107818,
    107856,
    107856,
    107861,
    107864,
    107864,
    107864,
    107864,
    107868,
    107868,
    107868,
    107868,
    107868,
    107872,
    107872,
    107872,
    107872,
    107872,
    107876,
    107876,
    107876,
    107876,
    107876
  ],
  "proc-vmstat.nr_anon_pages": [
    41971,
    45217,
    45508,
    45575,
    45682,
    45615,
    45500,
    45747,
    45646,
    45708,
    45701,
    45627,
    45963,
    45940,
    45722,
    45909,
    45618,
    45889,
    45838,
    45826,
    45752,
    45759,
    45670,
    45934,
    45844,
    45702
  ],
  "proc-vmstat.nr_mapped": [
    63050,
    62919,
    62928,
    62928,
    62928,
    62928,
    62928,
    62928,
    62928,
    62928,
    62928,
    62928,
    62928,
    62928,
    62928,
    62928,
    62928,
    62928,
    62928,
    62928,
    62928,
    62928,
    62928,
    62928,
    62928,
    62928
  ],
  "proc-vmstat.nr_file_pages": [
    221836,
    221855,
    221859,
    221859,
    221897,
    221897,
    221902,
    221902,
    221902,
    221902,
    221902,
    221906,
    221906,
    221906,
    221906,
    221906,
    221910,
    221910,
    221910,
    221910,
    221910,
    221914,
    221914,
    221914,
    221914,
    221914
  ],
  "proc-vmstat.nr_dirty": [
    5692,
    5729,
    5733,
    8,
    5,
    199,
    233,
    233,
    39,
    1,
    1,
    10,
    12,
    12,
    1,
    2,
    6,
    7,
    7,
    0,
    1,
    5,
    7,
    7,
    0,
    1
  ],
  "proc-vmstat.nr_writeback": [
    0,
    0,
    0,
    704,
    0,
    0,
    0,
    0,
    0,
    0,
    0,
    0,
    0,
    0,
    0,
    0,
    0,
    0,
    0,
    0,
    0,
    0,
    0,
    0,
    0,
    0
  ],
  "proc-vmstat.nr_slab_reclaimable": [
    11927,
    11946,
    11946,
    11946,
    11966,
    11966,
    11966,
    11964,
    11964,
    11973,
    11973,
    11966,
    11966,
    11966,
    11966,
    11962,
    11962,
    11962,
    11961,
    11956,
    11956,
    11956,
    11956,
    11956,
    11956,
    11956
  ],
  "proc-vmstat.nr_slab_unreclaimable": [
    27185,
    27267,
    27250,
    27445,
    27378,
    27378,
    27380,
    27364,
    27366,
    27366,
    27366,
    27312,
    27314,
    27314,
    27314,
    27287,
    27287,
    27294,
    27294,
    27264,
    27263,
    27263,
    27271,
    27239,
    27239,
    27239
  ],
  "proc-vmstat.nr_page_table_pages": [
    2581,
    2643,
    2704,
    2705,
    2707,
    2706,
    2706,
    2705,
    2706,
    2705,
    2704,
    2706,
    2705,
    2706,
    2705,
    2705,
    2705,
    2705,
    2705,
    2705,
    2705,
    2705,
    2705,
    2702,
    2705,
    2705
  ],
  "proc-vmstat.nr_kernel_stack": [
    616,
    654,
    673,
    673,
    673,
    673,
    673,
    673,
    673,
    673,
    673,
    673,
    673,
    673,
    673,
    673,
    673,
    673,
    673,
    673,
    673,
    673,
    673,
    673,
    673,
    673
  ],
  "proc-vmstat.nr_shmem": [
    24172,
    24172,
    24172,
    24172,
    24172,
    24172,
    24172,
    24172,
    24172,
    24172,
    24172,
    24172,
    24172,
    24172,
    24172,
    24172,
    24172,
    24172,
    24172,
    24172,
    24172,
    24172,
    24172,
    24172,
    24172,
    24172
  ],
  "proc-vmstat.nr_dirtied": [
    722234,
    722276,
    722281,
    722282,
    722284,
    722479,
    722514,
    722515,
    722516,
    722518,
    722519,
    722529,
    722532,
    722533,
    722534,
    722536,
    722541,
    722543,
    722544,
    722545,
    722547,
    722552,
    722555,
    722556,
    722557,
    722559
  ],
  "proc-vmstat.nr_written": [
    705355,
    705356,
    705357,
    710379,
    711088,
    711089,
    711090,
    711091,
    711286,
    711326,
    711327,
    711328,
    711329,
    711330,
    711342,
    711343,
    711344,
    711345,
    711346,
    711354,
    711355,
    711356,
    711357,
    711358,
    711366,
    711367
  ],
  "proc-vmstat.nr_dirty_threshold": [
    786031,
    785384,
    785192,
    785139,
    785150,
    785150,
    785183,
    785184,
    785164,
    785163,
    785146,
    785146,
    785184,
    785184,
    785171,
    785146,
    785178,
    785172,
    785170,
    785171,
    785184,
    785174,
    785189,
    785176,
    785156,
    785184
  ],
  "proc-vmstat.nr_dirty_background_threshold": [
    196507,
    196346,
    196298,
    196284,
    196287,
    196287,
    196295,
    196296,
    196291,
    196290,
    196286,
    196286,
    196296,
    196296,
    196292,
    196286,
    196294,
    196293,
    196292,
    196292,
    196296,
    196293,
    196297,
    196294,
    196289,
    196296
  ],
  "proc-vmstat.pgpgin": [
    649175,
    649175,
    649175,
    649183,
    649183,
    649183,
    649183,
    649183,
    649183,
    649183,
    649183,
    649183,
    649183,
    649183,
    649183,
    649183,
    649183,
    649183,
    649183,
    649183,
    649183,
    649183,
    649183,
    649183,
    649183,
    649183
  ],
  "proc-vmstat.pgpgout": [
    2879856,
    2879884,
    2879888,
    2902092,
    2902096,
    2903020,
    2903052,
    2903056,
    2903952,
    2903956,
    2904004,
    2904036,
    2904040,
    2904068,
    2904072,
    2904104,
    2904136,
    2904140,
    2904156,
    2904160,
    2904192,
    2904224,
    2904232,
    2904248,
    2904252,
    2904312
  ],
  "proc-vmstat.pgalloc_dma": [
    1,
    1,
    1,
    1,
    1,
    1,
    1,
    1,
    1,
    1,
    1,
    1,
    1,
    1,
    1,
    1,
    1,
    1,
    1,
    1,
    1,
    1,
    1,
    1,
    1,
    1
  ],