{
  "softirqs.time": [
    1478266677.144403,
    1478266703.1388974
  ],
  "softirqs.CPU2.HI": [
    2,
    2
  ],
  "softirqs.HI": [
    2,
    2
  ],
  "softirqs.CPU0.TIMER": [
    192449,
    217541
  ],
  "softirqs.CPU1.TIMER": [
    181243,
    206323
  ],
  "softirqs.CPU2.TIMER": [
    196986,
    222088
  ],
  "softirqs.CPU3.TIMER": [
    196709,
    221794
  ],
  "softirqs.CPU4.TIMER": [
    165069,
    190123
  ],
  "softirqs.CPU5.TIMER": [
    152720,
    177795
  ],
  "softirqs.CPU6.TIMER": [
    132118,
    157214
  ],
  "softirqs.CPU7.TIMER": [
    125546,
    150606
  ],
  "softirqs.TIMER": [
    1342840,
    1543484
  ],
  "softirqs.CPU4.NET_TX": [
    1065,
    1069
  ],
  "softirqs.NET_TX": [
    1065,
    1069
  ],
  "softirqs.CPU0.NET_RX": [
    43480,
    43496
  ],
  "softirqs.CPU1.NET_RX": [
    2941,
    2945
  ],
  "softirqs.CPU2.NET_RX": [
    3066,
    3073
  ],
  "softirqs.CPU3.NET_RX": [
    1329,
    1330
  ],
  "softirqs.CPU4.NET_RX": [
    16657,
    16658
  ],
  "softirqs.CPU5.NET_RX": [
    3198,
    3203
  ],
  "softirqs.CPU6.NET_RX": [
    3482,
    3485
  ],
  "softirqs.CPU7.NET_RX": [
    3070,
    3073
  ],
  "softirqs.NET_RX": [
    77223,
    77263
  ],
  "softirqs.CPU0.BLOCK": [
    20171,
    20445
  ],
  "softirqs.CPU1.BLOCK": [
    2878,
    2878
  ],
  "softirqs.CPU2.BLOCK": [
    959,
    960
  ],
  "softirqs.CPU3.BLOCK": [
    1137,
    1137
  ],
  "softirqs.CPU4.BLOCK": [
    4574,
    4574
  ],
  "softirqs.CPU5.BLOCK": [
    3691,
    3691
  ],
  "softirqs.CPU6.BLOCK": [
    2071,
    2071
  ],
  "softirqs.CPU7.BLOCK": [
    1004,
    1004
  ],
  "softirqs.BLOCK": [
    36485,
    36760
  ],
  "softirqs.CPU0.TASKLET": [
    4206,
    4206
  ],
  "softirqs.CPU1.TASKLET": [
    87,
    87
  ],
  "softirqs.CPU2.TASKLET": [
    274,
    274
  ],
  "softirqs.CPU3.TASKLET": [
    38,
    38
  ],
  "softirqs.CPU4.TASKLET": [
    520,
    520
  ],
  "softirqs.CPU5.TASKLET": [
    22,
    22
  ],
  "softirqs.CPU6.TASKLET": [
    107,
    107
  ],
  "softirqs.CPU7.TASKLET": [
    35,
    35
  ],
  "softirqs.TASKLET": [
    5289,
    5289
  ],
  "softirqs.CPU0.SCHED": [
    44860,
    45158
  ],
  "softirqs.CPU1.SCHED": [
    37931,
    38209
  ],
  "softirqs.CPU2.SCHED": [
    44715,
    45009
  ],
  "softirqs.CPU3.SCHED": [
    43823,
    44113
  ],
  "softirqs.CPU4.SCHED": [
    54122,
    54412
  ],
  "softirqs.CPU5.SCHED": [
    27895,
    28183
  ],
  "softirqs.CPU6.SCHED": [
    20849,
    21148
  ],
  "softirqs.CPU7.SCHED": [
    18779,
    19072
  ],
  "softirqs.SCHED": [
    292974,
    295304
  ],
  "softirqs.CPU0.RCU": [
    94612,
    97239
  ],
  "softirqs.CPU1.RCU": [
    85874,
    88526
  ],
  "softirqs.CPU2.RCU": [
    94769,
    97354
  ],
  "softirqs.CPU3.RCU": [
    95854,
    98455
  ],
  "softirqs.CPU4.RCU": [
    62353,
    64999
  ],
  "softirqs.CPU5.RCU": [
    69916,
    72385
  ],
  "softirqs.CPU6.RCU": [
    51887,
    54581
  ],
  "softirqs.CPU7.RCU": [
    47145,
    49717
  ],
  "softirqs.RCU": [
    602410,
    623256
  ]
}