{
  "diskstats.time": [
    1472117912.742362,
    1472117913.7521393,
    1472117914.791835,
    1472117915.84866,
    1472117916.8966873,
    1472117917.945767,
    1472117918.9967105,
    1472117920.0317836,
    1472117921.0841756,
    1472117922.1317902,
    1472117923.1917062
  ],
  "diskstats.sda.read_ios": [
    34985,
    34988,
    34988,
    34988,
    34988,
    34988,
    34988,
    34988,
    34988,
    34988,
    34988
  ],
  "diskstats.sda.read_merges": [
    1413,
    1413,
    1413,
    1413,
    1413,
    1413,
    1413,
    1413,
    1413,
    1413,
    1413
  ],
  "diskstats.sda.read_sectors": [
    755270,
    755342,
    755342,
    755342,
    755342,
    755342,
    755342,
    755342,
    755342,
    755342,
    755342
  ],
  "diskstats.sda.read_ticks": [
    746028,
    746064,
    746064,
    746064,
    746064,
    746064,
    746064,
    746064,
    746064,
    746064,
    746064
  ],
  "diskstats.sda.write_ios": [
    3336,
    3336,
    3338,
    3338,
    3338,
    3338,
    3338,
    3386,
    3386,
    3386,
    3386
  ],
  "diskstats.sda.write_merges": [
    6463,
    6463,
    6535,
    6535,
    6535,
    6535,
    6535,
    6571,
    6571,
    6571,
    6571
  ],
  "diskstats.sda.write_sectors": [
    104016,
    104016,
    104608,
    104608,
    104608,
    104608,
    104608,
    105280,
    105280,
    105280,
    105280
  ],
  "diskstats.sda.write_ticks": [
    76596,
    76596,
    76596,
    76596,
    76596,
    76596,
    76596,
    76648,
    76648,
    76648,
    76648
  ],
  "diskstats.sda.io_ticks": [
    79004,
    79040,
    79040,
    79040,
    79040,
    79040,
    79040,
    79048,
    79048,
    79048,
    79048
  ],
  "diskstats.sda.time_in_queue": [
    822912,
    822948,
    822948,
    822948,
    822948,
    822948,
    822948,
    823000,
    823000,
    823000,
    823000
  ],
  "diskstats.sda1.read_ios": [
    34846,
    34849,
    34849,
    34849,
    34849,
    34849,
    34849,
    34849,
    34849,
    34849,
    34849
  ],
  "diskstats.sda1.read_merges": [
    1413,
    1413,
    1413,
    1413,
    1413,
    1413,
    1413,
    1413,
    1413,
    1413,
    1413
  ],
  "diskstats.sda1.read_sectors": [
    746706,
    746778,
    746778,
    746778,
    746778,
    746778,
    746778,
    746778,
    746778,
    746778,
    746778
  ],
  "diskstats.sda1.read_ticks": [
    744496,
    744532,
    744532,
    744532,
    744532,
    744532,
    744532,
    744532,
    744532,
    744532,
    744532
  ],
  "diskstats.sda1.write_ios": [
    3336,
    3336,
    3338,
    3338,
    3338,
    3338,
    3338,
    3386,
    3386,
    3386,
    3386
  ],
  "diskstats.sda1.write_merges": [
    6463,
    6463,
    6535,
    6535,
    6535,
    6535,
    6535,
    6571,
    6571,
    6571,
    6571
  ],
  "diskstats.sda1.write_sectors": [
    104016,
    104016,
    104608,
    104608,
    104608,
    104608,
    104608,
    105280,
    105280,
    105280,
    105280
  ],
  "diskstats.sda1.write_ticks": [
    76596,
    76596,
    76596,
    76596,
    76596,
    76596,
    76596,
    76648,
    76648,
    76648,
    76648
  ],
  "diskstats.sda1.io_ticks": [
    78920,
    78956,
    78956,
    78956,
    78956,
    78956,
    78956,
    78964,
    78964,
    78964,
    78964
  ],
  "diskstats.sda1.time_in_queue": [
    821004,
    821040,
    821040,
    821040,
    821040,
    821040,
    821040,
    821092,
    821092,
    821092,
    821092
  ],
  "diskstats.sda2.read_ios": [
    2,
    2,
    2,
    2,
    2,
    2,
    2,
    2,
    2,
    2,
    2
  ],
  "diskstats.sda2.read_sectors": [
    4,
    4,
    4,
    4,
    4,
    4,
    4,
    4,
    4,
    4,
    4
  ],
  "diskstats.sda2.read_ticks": [
    100,
    100,
    100,
    100,
    100,
    100,
    100,
    100,
    100,
    100,
    100
  ],
  "diskstats.sda2.io_ticks": [
    100,
    100,
    100,
    100,
    100,
    100,
    100,
    100,
    100,
    100,
    100
  ],
  "diskstats.sda2.time_in_queue": [
    100,
    100,
    100,
    100,
    100,
    100,
    100,
    100,
    100,
    100,
    100
  ],
  "diskstats.sda5.read_ios": [
    50,
    50,
    50,
    50,
    50,
    50,
    50,
    50,
    50,
    50,
    50
  ],
  "diskstats.sda5.read_sectors": [
    4408,
    4408,
    4408,
    4408,
    4408,
    4408,
    4408,
    4408,
    4408,
    4408,
    4408
  ],
  "diskstats.sda5.read_ticks": [
    1296,
    1296,
    1296,
    1296,
    1296,
    1296,
    1296,
    1296,
    1296,
    1296,
    1296
  ],
  "diskstats.sda5.io_ticks": [
    1200,
    1200,
    1200,
    1200,
    1200,
    1200,
    1200,
    1200,
    1200,
    1200,
    1200
  ],
  "diskstats.sda5.time_in_queue": [
    1296,
    1296,
    1296,
    1296,
    1296,
    1296,
    1296,
    1296,
    1296,
    1296,
    1296
  ],
  "diskstats.sr0.read_ios": [
    27,
    27,
    27,
    27,
    27,
    27,
    27,
    27,
    27,
    27,
    27
  ],
  "diskstats.sr0.read_sectors": [
    156,
    156,
    156,
    156,
    156,
    156,
    156,
    156,
    156,
    156,
    156
  ],
  "diskstats.sr0.read_ticks": [
    3080,
    3080,
    3080,
    3080,
    3080,
    3080,
    3080,
    3080,
    3080,
    3080,
    3080
  ],
  "diskstats.sr0.io_ticks": [
    3080,
    3080,
    3080,
    3080,
    3080,
    3080,
    3080,
    3080,
    3080,
    3080,
    3080
  ],
  "diskstats.sr0.time_in_queue": [
    3080,
    3080,
    3080,
    3080,
    3080,
    3080,
    3080,
    3080,
    3080,
    3080,
    3080
  ]
}