{
  "ebizzy.throughput": [
    57387,
    59512
  ],
  "ebizzy.throughput.per_thread.min": [
    6626,
    6658
  ],
  "ebizzy.throughput.per_thread.max": [
    7764,
    7923
  ],
  "ebizzy.throughput.per_thread.stddev_percent": [
    0.6610696490056309,
    0.7155305330842923
  ],
  "ebizzy.time.real": [
    5.0,
    5.0
  ],
  "ebizzy.time.user": [
    17.71,
    17.89
  ],
  "ebizzy.time.sys": [
    0.26,
    0.15
  ]
}