{
  "meminfo.time": [
    1472117912.7062142,
    1472117913.7242792,
    1472117914.7563732,
    1472117915.7864294,
    1472117916.8287933,
    1472117917.8565838,
    1472117918.8776145,
    1472117919.9192808,
    1472117920.9568224,
    1472117922.0042627,
    1472117923.044419
  ],
  "meminfo.MemTotal": [
    2030684,
    2030684,
    2030684,
    2030684,
    2030684,
    2030684,
    2030684,
    2030684,
    2030684,
    2030684,
    2030684
  ],
  "meminfo.MemFree": [
    1257204,
    1244784,
    1243900,
    1243752,
    1243488,
    1242716,
    1243736,
    1243236,
    1243160,
    1242628,
    1242232
  ],
  "meminfo.MemAvailable": [
    1680304,
    1668888,
    1668080,
    1668008,
    1667864,
    1667696,
    1668120,
    1667832,
    1667924,
    1667696,
    1667828
  ],
  "meminfo.Buffers": [
    107984,
    107984,
    107992,
    107992,
    107992,
    107992,
    107992,
    108000,
    108000,
    108000,
    108000
  ],
  "meminfo.Cached": [
    282304,
    283056,
    283288,
    283416,
    283528,
    283648,
    283772,
    283916,
    284012,
    284120,
    284232
  ],
  "meminfo.Active": [
    416336,
    428052,
    428508,
    428804,
    429064,
    428920,
    429192,
    429148,
    429328,
    429504,
    429748
  ],
  "meminfo.Inactive": [
    162552,
    162796,
    162800,
    162816,
    162812,
    162808,
    162800,
    162792,
    162796,
    162800,
    162800
  ],
  "meminfo.Active(anon)": [
    190544,
    201628,
    201852,
    202032,
    202176,
    201908,
    202048,
    201848,
    201932,
    202004,
    202140
  ],
  "meminfo.Inactive(anon)": [
    29500,
    29500,
    29500,
    29500,
    29500,
    29500,
    29500,
    29500,
    29500,
    29500,
    29500
  ],
  "meminfo.Active(file)": [
    225792,
    226424,
    226656,
    226772,
    226888,
    227012,
    227144,
    227300,
    227396,
    227500,
    227608
  ],
  "meminfo.Inactive(file)": [
    133052,
    133296,
    133300,
    133316,
    133312,
    133308,
    133300,
    133292,
    133296,
    133300,
    133300
  ],
  "meminfo.SwapTotal": [
    2094076,
    2094076,
    2094076,
    2094076,
    2094076,
    2094076,
    2094076,
    2094076,
    2094076,
    2094076,
    2094076
  ],
  "meminfo.SwapFree": [
    2094076,
    2094076,
    2094076,
    2094076,
    2094076,
    2094076,
    2094076,
    2094076,
    2094076,
    2094076,
    2094076
  ],
  "meminfo.Dirty": [
    1296,
    1924,
    2404,
    2532,
    2644,
    2764,
    2888,
    2848,
    2816,
    2924,
    3036
  ],
  "meminfo.AnonPages": [
    188636,
    199948,
    200208,
    200236,
    200376,
    200108,
    200244,
    199968,
    200004,
    200196,
    200344
  ],
  "meminfo.Mapped": [
    129104,
    128992,
    129048,
    129024,
    129024,
    129048,
    129048,
    129048,
    129048,
    129208,
    129024
  ],
  "meminfo.Shmem": [
    31324,
    31324,
    31324,
    31324,
    31324,
    31324,
    31324,
    31324,
    31324,
    31324,
    31324
  ],
  "meminfo.Slab": [
    121040,
    121464,
    121112,
    121024,
    121032,
    121524,
    120932,
    120936,
    120908,
    121136,
    121572
  ],
  "meminfo.SReclaimable": [
    85220,
    85348,
    85188,
    85132,
    85140,
    85624,
    84904,
    84968,
    85036,
    85232,
    85652
  ],
  "meminfo.SUnreclaim": [
    35820,
    36116,
    35924,
    35892,
    35892,
    35900,
    36028,
    35968,
    35872,
    35904,
    35920
  ],
  "meminfo.KernelStack": [
    7136,
    7632,
    7808,
    7792,
    7776,
    7776,
    7776,
    7808,
    7792,
    7792,
    7776
  ],
  "meminfo.PageTables": [
    14924,
    15616,
    15664,
    15660,
    15644,
    15656,
    15476,
    15660,
    15656,
    15644,
    15460
  ],
  "meminfo.CommitLimit": [
    3109416,
    3109416,
    3109416,
    3109416,
    3109416,
    3109416,
    3109416,
    3109416,
    3109416,
    3109416,
    3109416
  ],
  "meminfo.Committed_AS": [
    1389100,
    1463372,
    1465092,
    1464676,
    1463808,
    1462724,
    1464396,
    1463444,
    1464356,
    1464816,
    1462896
  ],
  "meminfo.VmallocTotal": [
    34359738367,
    34359738367,
    34359738367,
    34359738367,
    34359738367,
    34359738367,
    34359738367,
    34359738367,
    34359738367,
    34359738367,
    34359738367
  ],
  "meminfo.AnonHugePages": [
    73728,
    73728,
    73728,
    73728,
    73728,
    73728,
    73728,
    73728,
    73728,
    73728,
    73728
  ],
  "meminfo.Hugepagesize": [
    2048,
    2048,
    2048,
    2048,
    2048,
    2048,
    2048,
    2048,
    2048,
    2048,
    2048
  ],
  "meminfo.DirectMap4k": [
    67456,
    67456,
    67456,
    67456,
    67456,
    67456,
    67456,
    67456,
    67456,
    67456,
    67456
  ],
  "meminfo.DirectMap2M": [
    2029568,
    2029568,
    2029568,
    2029568,
    2029568,
    2029568,
    2029568,
    2029568,
    2029568,
    2029568,
    2029568
  ]
}