{
  "proc-vmstat.time": [
    1472117912.6901536,
    1472117913.6933804,
    1472117914.7163103,
    1472117915.7515848,
    1472117916.8089228,
    1472117917.844355,
    1472117918.876771,
    1472117919.9391906,
    1472117920.9668527,
    1472117922.0118575,
    1472117923.052927
  ],
  "proc-vmstat.nr_free_pages": [
    314232,
    312156,
    310979,
    310971,
    310907,
    310711,
    310934,
    310809,
    310854,
    310592,
    310594
  ],
  "proc-vmstat.nr_alloc_batch": [
    151,
    9,
    164,
    222,
    38,
    192,
    133,
    226,
    307,
    58,
    102
  ],
  "proc-vmstat.nr_inactive_anon": [
    7375,
    7375,
    7375,
    7375,
    7375,
    7375,
    7375,
    7375,
    7375,
    7375,
    7375
  ],
  "proc-vmstat.nr_active_anon": [
    47605,
    49012,
    50463,
    50508,
    50513,
    50477,
    50481,
    50462,
    50514,
    50501,
    50535
  ],
  "proc-vmstat.nr_inactive_file": [
    33263,
    33324,
    33325,
    33329,
    33328,
    33327,
    33325,
    33323,
    33324,
    33325,
    33325
  ],
  "proc-vmstat.nr_active_file": [
    56448,
    56606,
    56664,
    56693,
    56722,
    56753,
    56786,
    56825,
    56849,
    56875,
    56902
  ],
  "proc-vmstat.nr_anon_pages": [
    47128,
    48592,
    50052,
    50059,
    50063,
    50027,
    50061,
    49992,
    50032,
    50049,
    50086
  ],
  "proc-vmstat.nr_mapped": [
    32460,
    32248,
    32262,
    32256,
    32256,
    32262,
    32262,
    32262,
    32262,
    32302,
    32256
  ],
  "proc-vmstat.nr_file_pages": [
    97526,
    97760,
    97820,
    97852,
    97880,
    97910,
    97941,
    97979,
    98003,
    98030,
    98058
  ],
  "proc-vmstat.nr_dirty": [
    324,
    481,
    601,
    633,
    661,
    691,
    722,
    712,
    704,
    731,
    759
  ],
  "proc-vmstat.nr_slab_reclaimable": [
    21405,
    21695,
    21265,
    21219,
    21285,
    21406,
    21226,
    21242,
    21195,
    21404,
    21381
  ],
  "proc-vmstat.nr_slab_unreclaimable": [
    8955,
    9061,
    8981,
    8973,
    8973,
    8975,
    9007,
    8992,
    8968,
    8976,
    8980
  ],
  "proc-vmstat.nr_page_table_pages": [
    3685,
    3904,
    3916,
    3915,
    3911,
    3914,
    3869,
    3915,
    3914,
    3911,
    3865
  ],
  "proc-vmstat.nr_kernel_stack": [
    446,
    477,
    488,
    487,
    486,
    486,
    486,
    488,
    487,
    487,
    486
  ],
  "proc-vmstat.nr_shmem": [
    7831,
    7831,
    7831,
    7831,
    7831,
    7831,
    7831,
    7831,
    7831,
    7831,
    7831
  ],
  "proc-vmstat.nr_dirtied": [
    8612,
    8769,
    8889,
    8921,
    8949,
    8979,
    9010,
    9046,
    9070,
    9097,
    9125
  ],
  "proc-vmstat.nr_written": [
    6824,
    6824,
    6824,
    6824,
    6824,
    6824,
    6824,
    6870,
    6902,
    6902,
    6902
  ],
  "proc-vmstat.numa_hit": [
    1113730,
    1143705,
    1149936,
    1155617,
    1160751,
    1166520,
    1176144,
    1180992,
    1185451,
    1190644,
    1195256
  ],
  "proc-vmstat.numa_interleave": [
    27204,
    27204,
    27204,
    27204,
    27204,
    27204,
    27204,
    27204,
    27204,
    27204,
    27204
  ],
  "proc-vmstat.numa_local": [
    1113730,
    1143705,
    1149936,
    1155617,
    1160751,
    1166520,
    1176144,
    1180992,
    1185451,
    1190644,
    1195256
  ],
  "proc-vmstat.nr_anon_transparent_hugepages": [
    36,
    36,
    36,
    36,
    36,
    36,
    36,
    36,
    36,
    36,
    36
  ],
  "proc-vmstat.nr_dirty_threshold": [
    79976,
    79605,
    79381,
    79386,
    79379,
    79346,
    79397,
    79379,
    79393,
    79346,
    79352
  ],
  "proc-vmstat.nr_dirty_background_threshold": [
    39988,
    39802,
    39690,
    39693,
    39689,
    39673,
    39698,
    39689,
    39696,
    39673,
    39676
  ],
  "proc-vmstat.pgpgin": [
    377837,
    377941,
    377941,
    377941,
    377941,
    377941,
    377941,
    377941,
    377941,
    377941,
    377941
  ],
  "proc-vmstat.pgpgout": [
    52008,
    52008,
    52304,
    52304,
    52304,
    52304,
    52304,
    52640,
    52640,
    52640,
    52640
  ],
  "proc-vmstat.pgalloc_dma": [
    5751,
    5751,
    5751,
    5751,
    5751,
    5751,
    5751,
    5751,
    5751,
    5751,
    5751
  ],
  "proc-vmstat.pgalloc_dma32": [
    1334780,
    1375718,
    1383203,
    1390666,
    1397697,
    1405451,
    1417114,
    1423294,
    1428994,
    1436033,
    1441687
  ],
  "proc-vmstat.pgfree": [
    1655121,
    1693894,
    1700405,
    1707834,
    1714759,
    1722379,
    1734159,
    1740321,
    1746066,
    1752813,
    1758542
  ],
  "proc-vmstat.pgactivate": [
    34376,
    34444,
    34456,
    34473,
    34487,
    34503,
    34525,
    34539,
    34551,
    34566,
    34579
  ],
  "proc-vmstat.pgfault": [
    674220,
    701788,
    707141,
    711658,
    715781,
    720422,
    728776,
    732788,
    736439,
    740630,
    744560
  ],
  "proc-vmstat.pgmajfault": [
    1712,
    1714,
    1714,
    1714,
    1714,
    1714,
    1714,
    1714,
    1714,
    1714,
    1714
  ],
  "proc-vmstat.pageoutrun": [
    1,
    1,
    1,
    1,
    1,
    1,
    1,
    1,
    1,
    1,
    1
  ],
  "proc-vmstat.thp_fault_alloc": [
    144,
    144,
    144,
    144,
    144,
    144,
    144,
    144,
    144,
    144,
    144
  ],
  "proc-vmstat.thp_collapse_alloc": [
    37,
    37,
    37,
    37,
    37,
    37,
    37,
    37,
    37,
    37,
    37
  ],
  "proc-vmstat.thp_split": [
    15,
    15,
    15,
    15,
    15,
    15,
    15,
    15,
    15,
    15,
    15
  ]
}