{
  "softirqs.time": [
    1472117912.7311425,
    1472117923.7412016
  ],
  "softirqs.CPU2.HI": [
    1,
    1
  ],
  "softirqs.HI": [
    1,
    1
  ],
  "softirqs.CPU0.TIMER": [
    55954,
    58663
  ],
  "softirqs.CPU1.TIMER": [
    70735,
    73465
  ],
  "softirqs.CPU2.TIMER": [
    55460,
    58199
  ],
  "softirqs.CPU3.TIMER": [
    92910,
    95641
  ],
  "softirqs.TIMER": [
    275059,
    285968
  ],
  "softirqs.CPU0.NET_TX": [
    2110,
    2112
  ],
  "softirqs.CPU1.NET_TX": [
    4,
    4
  ],
  "softirqs.CPU3.NET_TX": [
    1,
    1
  ],
  "softirqs.NET_TX": [
    2115,
    2117
  ],
  "softirqs.CPU0.NET_RX": [
    79,
    79
  ],
  "softirqs.CPU1.NET_RX": [
    28974,
    29001
  ],
  "softirqs.CPU2.NET_RX": [
    38,
    38
  ],
  "softirqs.CPU3.NET_RX": [
    35,
    35
  ],
  "softirqs.NET_RX": [
    29126,
    29153
  ],
  "softirqs.CPU0.BLOCK": [
    6389,
    6389
  ],
  "softirqs.CPU2.BLOCK": [
    5165,
    5171
  ],
  "softirqs.CPU3.BLOCK": [
    24815,
    24837
  ],
  "softirqs.BLOCK": [
    36369,
    36397
  ],
  "softirqs.CPU0.TASKLET": [
    12,
    12
  ],
  "softirqs.CPU1.TASKLET": [
    441,
    441
  ],
  "softirqs.CPU2.TASKLET": [
    7,
    7
  ],
  "softirqs.CPU3.TASKLET": [
    15,
    15
  ],
  "softirqs.TASKLET": [
    475,
    475
  ],
  "softirqs.CPU0.SCHED": [
    44001,
    44173
  ],
  "softirqs.CPU1.SCHED": [
    51397,
    51572
  ],
  "softirqs.CPU2.SCHED": [
    45687,
    45866
  ],
  "softirqs.CPU3.SCHED": [
    82376,
    82533
  ],
  "softirqs.SCHED": [
    223461,
    224144
  ],
  "softirqs.CPU0.RCU": [
    68383,
    84694
  ],
  "softirqs.CPU1.RCU": [
    85432,
    103315
  ],
  "softirqs.CPU2.RCU": [
    65783,
    81225
  ],
  "softirqs.CPU3.RCU": [
    68852,
    85447
  ],
  "softirqs.RCU": [
    288450,
    354681
  ]
}