{
  "interrupts.time": [
    1481005836.0057561,
    1481005837.1268806
  ],
  "interrupts.CPU0.0:IO-APIC.2-edge.timer": [
    46,
    46
  ],
  "interrupts.0:IO-APIC.2-edge.timer": [
    46,
    46
  ],
  "interrupts.CPU0.1:IO-APIC.1-edge.i8042": [
    183,
    183
  ],
  "interrupts.CPU1.1:IO-APIC.1-edge.i8042": [
    93,
    93
  ],
  "interrupts.CPU2.1:IO-APIC.1-edge.i8042": [
    1647,
    1647
  ],
  "interrupts.CPU3.1:IO-APIC.1-edge.i8042": [
    108,
    108
  ],
  "interrupts.1:IO-APIC.1-edge.i8042": [
    2031,
    2031
  ],
  "interrupts.CPU0.7:IO-APIC.7-edge": [
    34,
    34
  ],
  "interrupts.7:IO-APIC.7-edge": [
    34,
    34
  ],
  "interrupts.CPU0.8:IO-APIC.8-edge.rtc0": [
    3,
    3
  ],
  "interrupts.CPU2.8:IO-APIC.8-edge.rtc0": [
    1,
    1
  ],
  "interrupts.8:IO-APIC.8-edge.rtc0": [
    4,
    4
  ],
  "interrupts.CPU0.9:IO-APIC.9-fasteoi.acpi": [
    4225,
    4225
  ],
  "interrupts.CPU1.9:IO-APIC.9-fasteoi.acpi": [
    107,
    107
  ],
  "interrupts.CPU2.9:IO-APIC.9-fasteoi.acpi": [
    1565,
    1565
  ],
  "interrupts.CPU3.9:IO-APIC.9-fasteoi.acpi": [
    80,
    80
  ],
  "interrupts.9:IO-APIC.9-fasteoi.acpi": [
    5977,
    5977
  ],
  "interrupts.CPU0.12:IO-APIC.12-edge.i8042": [
    7622,
    7622
  ],
  "interrupts.CPU1.12:IO-APIC.12-edge.i8042": [
    541,
    541
  ],
  "interrupts.CPU2.12:IO-APIC.12-edge.i8042": [
    11791,
    11791
  ],
  "interrupts.CPU3.12:IO-APIC.12-edge.i8042": [
    689,
    689
  ],
  "interrupts.12:IO-APIC.12-edge.i8042": [
    20643,
    20643
  ],
  "interrupts.CPU0.120:PCI-MSI.376832-edge.0000:00:17.0": [
    52187,
    52188
  ],
  "interrupts.CPU1.120:PCI-MSI.376832-edge.0000:00:17.0": [
    5788,
    5788
  ],
  "interrupts.CPU2.120:PCI-MSI.376832-edge.0000:00:17.0": [
    17022,
    17022
  ],
  "interrupts.CPU3.120:PCI-MSI.376832-edge.0000:00:17.0": [
    3760,
    3760
  ],
  "interrupts.120:PCI-MSI.376832-edge.0000:00:17.0": [
    78757,
    78758
  ],
  "interrupts.CPU0.121:PCI-MSI.327680-edge.xhci_hcd": [
    4160,
    4160
  ],
  "interrupts.CPU1.121:PCI-MSI.327680-edge.xhci_hcd": [
    84,
    84
  ],
  "interrupts.CPU2.121:PCI-MSI.327680-edge.xhci_hcd": [
    876,
    876
  ],
  "interrupts.CPU3.121:PCI-MSI.327680-edge.xhci_hcd": [
    62,
    62
  ],
  "interrupts.121:PCI-MSI.327680-edge.xhci_hcd": [
    5182,
    5182
  ],
  "interrupts.CPU0.122:PCI-MSI.32768-edge.i915": [
    998715,
    998837
  ],
  "interrupts.CPU1.122:PCI-MSI.32768-edge.i915": [
    30758,
    30758
  ],
  "interrupts.CPU2.122:PCI-MSI.32768-edge.i915": [
    171804,
    171804
  ],
  "interrupts.CPU3.122:PCI-MSI.32768-edge.i915": [
    38879,
    38879
  ],
  "interrupts.122:PCI-MSI.32768-edge.i915": [
    1240156,
    1240278
  ],
  "interrupts.CPU0.123:PCI-MSI.514048-edge.snd_hda_intel": [
    266,
    266
  ],
  "interrupts.CPU1.123:PCI-MSI.514048-edge.snd_hda_intel": [
    133,
    133
  ],
  "interrupts.CPU2.123:PCI-MSI.514048-edge.snd_hda_intel": [
    770,
    770
  ],
  "interrupts.CPU3.123:PCI-MSI.514048-edge.snd_hda_intel": [
    202,
    202
  ],
  "interrupts.123:PCI-MSI.514048-edge.snd_hda_intel": [
    1371,
    1371
  ],
  "interrupts.CPU0.124:PCI-MSI.524288-edge": [
    2,
    2
  ],
  "interrupts.CPU1.124:PCI-MSI.524288-edge": [
    12,
    12
  ],
  "interrupts.CPU2.124:PCI-MSI.524288-edge": [
    7,
    7
  ],
  "interrupts.CPU3.124:PCI-MSI.524288-edge": [
    2,
    2
  ],
  "interrupts.124:PCI-MSI.524288-edge": [
    23,
    23
  ],
  "interrupts.CPU0.125:PCI-MSI.1048576-edge.iwlwifi": [
    7,
    7
  ],
  "interrupts.CPU1.125:PCI-MSI.1048576-edge.iwlwifi": [
    7,
    7
  ],
  "interrupts.CPU2.125:PCI-MSI.1048576-edge.iwlwifi": [
    4,
    4
  ],
  "interrupts.CPU3.125:PCI-MSI.1048576-edge.iwlwifi": [
    9,
    9
  ],
  "interrupts.125:PCI-MSI.1048576-edge.iwlwifi": [
    27,
    27
  ],
  "interrupts.CPU0.126:PCI-MSI.1572864-edge.rtsx_pci": [
    51,
    51
  ],
  "interrupts.CPU2.126:PCI-MSI.1572864-edge.rtsx_pci": [
    2,
    2
  ],
  "interrupts.126:PCI-MSI.1572864-edge.rtsx_pci": [
    53,
    53
  ],
  "interrupts.CPU0.127:PCI-MSI.1574912-edge.eth0": [
    1720448,
    1720479
  ],
  "interrupts.CPU1.127:PCI-MSI.1574912-edge.eth0": [
    48080,
    48080
  ],
  "interrupts.CPU2.127:PCI-MSI.1574912-edge.eth0": [
    115439,
    115439
  ],
  "interrupts.CPU3.127:PCI-MSI.1574912-edge.eth0": [
    41718,
    41718
  ],
  "interrupts.127:PCI-MSI.1574912-edge.eth0": [
    1925685,
    1925716
  ],
  "interrupts.CPU0.NMI:Non-maskable_interrupts": [
    8,
    8
  ],
  "interrupts.CPU1.NMI:Non-maskable_interrupts": [
    28,
    28
  ],
  "interrupts.CPU2.NMI:Non-maskable_interrupts": [
    18,
    18
  ],
  "interrupts.CPU3.NMI:Non-maskable_interrupts": [
    20,
    20
  ],
  "interrupts.NMI:Non-maskable_interrupts": [
    74,
    74
  ],
  "interrupts.CPU0.LOC:Local_timer_interrupts": [
    3839229,
    3839577
  ],
  "interrupts.CPU1.LOC:Local_timer_interrupts": [
    3474974,
    3475357
  ],
  "interrupts.CPU2.LOC:Local_timer_interrupts": [
    2285637,
    2286077
  ],
  "interrupts.CPU3.LOC:Local_timer_interrupts": [
    2195214,
    2195531
  ],
  "interrupts.LOC:Local_timer_interrupts": [
    11795054,
    11796542
  ],
  "interrupts.CPU0.PMI:Performance_monitoring_interrupts": [
    8,
    8
  ],
  "interrupts.CPU1.PMI:Performance_monitoring_interrupts": [
    28,
    28
  ],
  "interrupts.CPU2.PMI:Performance_monitoring_interrupts": [
    18,
    18
  ],
  "interrupts.CPU3.PMI:Performance_monitoring_interrupts": [
    20,
    20
  ],
  "interrupts.PMI:Performance_monitoring_interrupts": [
    74,
    74
  ],
  "interrupts.CPU0.RTR:APIC_ICR_read_retries": [
    12,
    12
  ],
  "interrupts.RTR:APIC_ICR_read_retries": [
    12,
    12
  ],
  "interrupts.CPU0.RES:Rescheduling_interrupts": [
    129234,
    129260
  ],
  "interrupts.CPU1.RES:Rescheduling_interrupts": [
    205681,
    205698
  ],
  "interrupts.CPU2.RES:Rescheduling_interrupts": [
    200462,
    200489
  ],
  "interrupts.CPU3.RES:Rescheduling_interrupts": [
    154531,
    154538
  ],
  "interrupts.RES:Rescheduling_interrupts": [
    689908,
    689985
  ],
  "interrupts.CPU0.CAL:Function_call_interrupts": [
    187752,
    187760
  ],
  "interrupts.CPU1.CAL:Function_call_interrupts": [
    175086,
    175102
  ],
  "interrupts.CPU2.CAL:Function_call_interrupts": [
    204393,
    204415
  ],
  "interrupts.CPU3.CAL:Function_call_interrupts": [
    194272,
    194292
  ],
  "interrupts.CAL:Function_call_interrupts": [
    761503,
    761569
  ],
  "interrupts.CPU0.TLB:TLB_shootdowns": [
    81302,
    81305
  ],
  "interrupts.CPU1.TLB:TLB_shootdowns": [
    60287,
    60291
  ],
  "interrupts.CPU2.TLB:TLB_shootdowns": [
    59032,
    59038
  ],
  "interrupts.CPU3.TLB:TLB_shootdowns": [
    57454,
    57457
  ],
  "interrupts.TLB:TLB_shootdowns": [
    258075,
    258091
  ],
  "interrupts.CPU0.MCP:Machine_check_polls": [
    50,
    50
  ],
  "interrupts.CPU1.MCP:Machine_check_polls": [
    49,
    49
  ],
  "interrupts.CPU2.MCP:Machine_check_polls": [
    49,
    49
  ],
  "interrupts.CPU3.MCP:Machine_check_polls": [
    49,
    49
  ],
  "interrupts.MCP:Machine_check_polls": [
    197,
    197
  ],
  "interrupts.ERR": [
    34,
    34
  ]
}