{
  "proc-vmstat.time": [
    1481005835.9839835,
    1481005836.9872282
  ],
  "proc-vmstat.nr_free_pages": [
    1444183,
    1442960
  ],
  "proc-vmstat.nr_alloc_batch": [
    654,
    472
  ],
  "proc-vmstat.nr_inactive_anon": [
    36641,
    36641
  ],
  "proc-vmstat.nr_active_anon": [
    95468,
    96367
  ],
  "proc-vmstat.nr_inactive_file": [
    128417,
    128350
  ],
  "proc-vmstat.nr_active_file": [
    271389,
    271495
  ],
  "proc-vmstat.nr_anon_pages": [
    93468,
    94360
  ],
  "proc-vmstat.nr_mapped": [
    87158,
    87381
  ],
  "proc-vmstat.nr_file_pages": [
    438413,
    438452
  ],
  "proc-vmstat.nr_dirty": [
    51,
    98
  ],
  "proc-vmstat.nr_slab_reclaimable": [
    19851,
    19853
  ],
  "proc-vmstat.nr_slab_unreclaimable": [
    12579,
    12630
  ],
  "proc-vmstat.nr_page_table_pages": [
    4114,
    4335
  ],
  "proc-vmstat.nr_kernel_stack": [
    793,
    832
  ],
  "proc-vmstat.nr_shmem": [
    38611,
    38611
  ],
  "proc-vmstat.nr_dirtied": [
    1693894,
    1693942
  ],
  "proc-vmstat.nr_written": [
    1654118,
    1654119
  ],
  "proc-vmstat.nr_dirty_threshold": [
    364891,
    364654
  ],
  "proc-vmstat.nr_dirty_background_threshold": [
    91222,
    91163
  ],
  "proc-vmstat.pgpgin": [
    758958,
    758958
  ],
  "proc-vmstat.pgpgout": [
    6775972,
    6775976
  ],
  "proc-vmstat.pgalloc_dma32": [
    4016375,
    4020765
  ],
  "proc-vmstat.pgalloc_normal": [
    8088238,
    8096473
  ],
  "proc-vmstat.pgfree": [
    13549738,
    13560861
  ],
  "proc-vmstat.pgactivate": [
    858593,
    858612
  ],
  "proc-vmstat.pgfault": [
    15384563,
    15399933
  ],
  "proc-vmstat.pgmajfault": [
    5630,
    5630
  ],
  "proc-vmstat.pageoutrun": [
    1,
    1
  ],
  "proc-vmstat.pgrotated": [
    2,
    2
  ]
}