{
  "diskstats.time": [
    1482158276.3973458,
    1482158277.3993397,
    1482158278.4024608,
    1482158279.4056487,
    1482158280.40782,
    1482158281.4110057,
    1482158282.4162054,
    1482158283.422615,
    1482158284.4253309,
    1482158285.4309185,
    1482158286.435938,
    1482158287.4410098
  ],
  "diskstats.sda.read_ios": [
    28197,
    28197,
    28218,
    28218,
    28218,
    28220,
    28220,
    28220,
    28220,
    28220,
    28220,
    28220
  ],
  "diskstats.sda.read_merges": [
    315,
    315,
    315,
    315,
    315,
    315,
    315,
    315,
    315,
    315,
    315,
    315
  ],
  "diskstats.sda.read_sectors": [
    1423422,
    1423422,
    1424798,
    1424798,
    1424798,
    1424934,
    1424934,
    1424934,
    1424934,
    1424934,
    1424934,
    1424934
  ],
  "diskstats.sda.read_ticks": [
    146890,
    146890,
    147085,
    147085,
    147085,
    147112,
    147112,
    147112,
    147112,
    147112,
    147112,
    147112
  ],
  "diskstats.sda.write_ios": [
    12691,
    12692,
    12794,
    12795,
    12796,
    12811,
    12812,
    12828,
    12832,
    12836,
    12839,
    12840
  ],
  "diskstats.sda.write_merges": [
    21601,
    21601,
    21673,
    21673,
    21673,
    21791,
    21791,
    21803,
    21814,
    21822,
    21835,
    21835
  ],
  "diskstats.sda.write_sectors": [
    4014456,
    4014464,
    4022088,
    4022096,
    4022104,
    4023168,
    4023176,
    4023504,
    4023624,
    4023720,
    4023848,
    4023856
  ],
  "diskstats.sda.write_ticks": [
    701321,
    701321,
    702687,
    702687,
    702687,
    702867,
    702867,
    702894,
    702921,
    702946,
    702964,
    702964
  ],
  "diskstats.sda.io_ticks": [
    83662,
    83662,
    84223,
    84223,
    84223,
    84403,
    84403,
    84405,
    84432,
    84457,
    84475,
    84475
  ],
  "diskstats.sda.time_in_queue": [
    848353,
    848353,
    849914,
    849914,
    849914,
    850121,
    850121,
    850148,
    850175,
    850200,
    850218,
    850218
  ],
  "diskstats.sda1.read_ios": [
    15,
    15,
    15,
    15,
    15,
    15,
    15,
    15,
    15,
    15,
    15,
    15
  ],
  "diskstats.sda1.read_sectors": [
    19,
    19,
    19,
    19,
    19,
    19,
    19,
    19,
    19,
    19,
    19,
    19
  ],
  "diskstats.sda1.read_ticks": [
    65,
    65,
    65,
    65,
    65,
    65,
    65,
    65,
    65,
    65,
    65,
    65
  ],
  "diskstats.sda1.io_ticks": [
    37,
    37,
    37,
    37,
    37,
    37,
    37,
    37,
    37,
    37,
    37,
    37
  ],
  "diskstats.sda1.time_in_queue": [
    65,
    65,
    65,
    65,
    65,
    65,
    65,
    65,
    65,
    65,
    65,
    65
  ],
  "diskstats.sda2.read_ios": [
    10421,
    10421,
    10421,
    10421,
    10421,
    10421,
    10421,
    10421,
    10421,
    10421,
    10421,
    10421
  ],
  "diskstats.sda2.read_merges": [
    124,
    124,
    124,
    124,
    124,
    124,
    124,
    124,
    124,
    124,
    124,
    124
  ],
  "diskstats.sda2.read_sectors": [
    532500,
    532500,
    532500,
    532500,
    532500,
    532500,
    532500,
    532500,
    532500,
    532500,
    532500,
    532500
  ],
  "diskstats.sda2.read_ticks": [
    52699,
    52699,
    52699,
    52699,
    52699,
    52699,
    52699,
    52699,
    52699,
    52699,
    52699,
    52699
  ],
  "diskstats.sda2.write_ios": [
    4223,
    4223,
    4267,
    4267,
    4267,
    4269,
    4269,
    4279,
    4279,
    4279,
    4281,
    4281
  ],
  "diskstats.sda2.write_merges": [
    14837,
    14837,
    14851,
    14851,
    14851,
    14933,
    14933,
    14944,
    14944,
    14944,
    14957,
    14957
  ],
  "diskstats.sda2.write_sectors": [
    3849520,
    3849520,
    3856232,
    3856232,
    3856232,
    3856904,
    3856904,
    3857176,
    3857176,
    3857176,
    3857296,
    3857296
  ],
  "diskstats.sda2.write_ticks": [
    604674,
    604674,
    605260,
    605260,
    605260,
    605286,
    605286,
    605306,
    605306,
    605306,
    605324,
    605324
  ],
  "diskstats.sda2.io_ticks": [
    30155,
    30155,
    30176,
    30176,
    30176,
    30202,
    30202,
    30204,
    30204,
    30204,
    30222,
    30222
  ],
  "diskstats.sda2.time_in_queue": [
    657518,
    657518,
    658104,
    658104,
    658104,
    658130,
    658130,
    658150,
    658150,
    658150,
    658168,
    658168
  ],
  "diskstats.sda3.read_ios": [
    98,
    98,
    98,
    98,
    98,
    98,
    98,
    98,
    98,
    98,
    98,
    98
  ],
  "diskstats.sda3.read_sectors": [
    222,
    222,
    222,
    222,
    222,
    222,
    222,
    222,
    222,
    222,
    222,
    222
  ],
  "diskstats.sda3.read_ticks": [
    23,
    23,
    23,
    23,
    23,
    23,
    23,
    23,
    23,
    23,
    23,
    23
  ],
  "diskstats.sda3.io_ticks": [
    23,
    23,
    23,
    23,
    23,
    23,
    23,
    23,
    23,
    23,
    23,
    23
  ],
  "diskstats.sda3.time_in_queue": [
    23,
    23,
    23,
    23,
    23,
    23,
    23,
    23,
    23,
    23,
    23,
    23
  ],
  "diskstats.sda40.read_ios": [
    17556,
    17556,
    17577,
    17577,
    17577,
    17579,
    17579,
    17579,
    17579,
    17579,
    17579,
    17579
  ],
  "diskstats.sda40.read_merges": [
    191,
    191,
    191,
    191,
    191,
    191,
    191,
    191,
    191,
    191,
    191,
    191
  ],
  "diskstats.sda40.read_sectors": [
    890380,
    890380,
    891756,
    891756,
    891756,
    891892,
    891892,
    891892,
    891892,
    891892,
    891892,
    891892
  ],
  "diskstats.sda40.read_ticks": [
    94049,
    94049,
    94244,
    94244,
    94244,
    94271,
    94271,
    94271,
    94271,
    94271,
    94271,
    94271
  ],
  "diskstats.sda40.write_ios": [
    8443,
    8444,
    8493,
    8494,
    8495,
    8508,
    8509,
    8515,
    8519,
    8523,
    8524,
    8525
  ],
  "diskstats.sda40.write_merges": [
    6764,
    6764,
    6822,
    6822,
    6822,
    6858,
    6858,
    6859,
    6870,
    6878,
    6878,
    6878
  ],
  "diskstats.sda40.write_sectors": [
    164936,
    164944,
    165856,
    165864,
    165872,
    166264,
    166272,
    166328,
    166448,
    166544,
    166552,
    166560
  ],
  "diskstats.sda40.write_ticks": [
    95452,
    95452,
    95959,
    95959,
    95959,
    96113,
    96113,
    96120,
    96147,
    96172,
    96172,
    96172
  ],
  "diskstats.sda40.io_ticks": [
    56341,
    56341,
    56634,
    56634,
    56634,
    56788,
    56788,
    56790,
    56817,
    56842,
    56842,
    56842
  ],
  "diskstats.sda40.time_in_queue": [
    189494,
    189494,
    190196,
    190196,
    190196,
    190377,
    190377,
    190384,
    190411,
    190436,
    190436,
    190436
  ]
}