{
  "interrupts.time": [
    1482158276.3833253,
    1482158287.8319407
  ],
  "interrupts.CPU0.0:IO-APIC.2-edge.timer": [
    37,
    37
  ],
  "interrupts.0:IO-APIC.2-edge.timer": [
    37,
    37
  ],
  "interrupts.CPU5.1:IO-APIC.1-edge.i8042": [
    1,
    1
  ],
  "interrupts.CPU7.1:IO-APIC.1-edge.i8042": [
    1,
    1
  ],
  "interrupts.1:IO-APIC.1-edge.i8042": [
    2,
    2
  ],
  "interrupts.CPU0.8:IO-APIC.8-edge.rtc0": [
    1,
    1
  ],
  "interrupts.8:IO-APIC.8-edge.rtc0": [
    1,
    1
  ],
  "interrupts.CPU0.9:IO-APIC.9-fasteoi.acpi": [
    1,
    1
  ],
  "interrupts.CPU4.9:IO-APIC.9-fasteoi.acpi": [
    2,
    2
  ],
  "interrupts.9:IO-APIC.9-fasteoi.acpi": [
    3,
    3
  ],
  "interrupts.CPU1.12:IO-APIC.12-edge.i8042": [
    2,
    2
  ],
  "interrupts.CPU3.12:IO-APIC.12-edge.i8042": [
    1,
    1
  ],
  "interrupts.CPU6.12:IO-APIC.12-edge.i8042": [
    1,
    1
  ],
  "interrupts.12:IO-APIC.12-edge.i8042": [
    4,
    4
  ],
  "interrupts.CPU0.120:PCI-MSI.376832-edge.0000:00:17.0": [
    19640,
    19701
  ],
  "interrupts.CPU1.120:PCI-MSI.376832-edge.0000:00:17.0": [
    2184,
    2198
  ],
  "interrupts.CPU2.120:PCI-MSI.376832-edge.0000:00:17.0": [
    1938,
    1949
  ],
  "interrupts.CPU3.120:PCI-MSI.376832-edge.0000:00:17.0": [
    910,
    917
  ],
  "interrupts.CPU4.120:PCI-MSI.376832-edge.0000:00:17.0": [
    9477,
    9534
  ],
  "interrupts.CPU5.120:PCI-MSI.376832-edge.0000:00:17.0": [
    3191,
    3207
  ],
  "interrupts.CPU6.120:PCI-MSI.376832-edge.0000:00:17.0": [
    2453,
    2482
  ],
  "interrupts.CPU7.120:PCI-MSI.376832-edge.0000:00:17.0": [
    1393,
    1403
  ],
  "interrupts.120:PCI-MSI.376832-edge.0000:00:17.0": [
    41186,
    41391
  ],
  "interrupts.CPU0.121:PCI-MSI.327680-edge.xhci_hcd": [
    535,
    535
  ],
  "interrupts.CPU1.121:PCI-MSI.327680-edge.xhci_hcd": [
    27,
    27
  ],
  "interrupts.CPU2.121:PCI-MSI.327680-edge.xhci_hcd": [
    22,
    22
  ],
  "interrupts.CPU3.121:PCI-MSI.327680-edge.xhci_hcd": [
    38,
    38
  ],
  "interrupts.CPU4.121:PCI-MSI.327680-edge.xhci_hcd": [
    48,
    48
  ],
  "interrupts.CPU5.121:PCI-MSI.327680-edge.xhci_hcd": [
    17,
    17
  ],
  "interrupts.CPU6.121:PCI-MSI.327680-edge.xhci_hcd": [
    25,
    25
  ],
  "interrupts.CPU7.121:PCI-MSI.327680-edge.xhci_hcd": [
    20,
    20
  ],
  "interrupts.121:PCI-MSI.327680-edge.xhci_hcd": [
    732,
    732
  ],
  "interrupts.CPU0.122:PCI-MSI.32768-edge.i915": [
    3577,
    3940
  ],
  "interrupts.CPU1.122:PCI-MSI.32768-edge.i915": [
    848,
    890
  ],
  "interrupts.CPU2.122:PCI-MSI.32768-edge.i915": [
    724,
    1090
  ],
  "interrupts.CPU3.122:PCI-MSI.32768-edge.i915": [
    373,
    454
  ],
  "interrupts.CPU4.122:PCI-MSI.32768-edge.i915": [
    1786,
    1846
  ],
  "interrupts.CPU5.122:PCI-MSI.32768-edge.i915": [
    695,
    713
  ],
  "interrupts.CPU6.122:PCI-MSI.32768-edge.i915": [
    568,
    587
  ],
  "interrupts.CPU7.122:PCI-MSI.32768-edge.i915": [
    361,
    373
  ],
  "interrupts.122:PCI-MSI.32768-edge.i915": [
    8932,
    9893
  ],
  "interrupts.CPU0.123:PCI-MSI.2097152-edge.eth0": [
    249470,
    249504
  ],
  "interrupts.CPU1.123:PCI-MSI.2097152-edge.eth0": [
    51267,
    51284
  ],
  "interrupts.CPU2.123:PCI-MSI.2097152-edge.eth0": [
    55212,
    55230
  ],
  "interrupts.CPU3.123:PCI-MSI.2097152-edge.eth0": [
    21946,
    21958
  ],
  "interrupts.CPU4.123:PCI-MSI.2097152-edge.eth0": [
    660282,
    660303
  ],
  "interrupts.CPU5.123:PCI-MSI.2097152-edge.eth0": [
    87812,
    87829
  ],
  "interrupts.CPU6.123:PCI-MSI.2097152-edge.eth0": [
    51468,
    51480
  ],
  "interrupts.CPU7.123:PCI-MSI.2097152-edge.eth0": [
    49028,
    49034
  ],
  "interrupts.123:PCI-MSI.2097152-edge.eth0": [
    1226485,
    1226622
  ],
  "interrupts.CPU0.124:PCI-MSI.514048-edge.snd_hda_intel": [
    354,
    354
  ],
  "interrupts.CPU1.124:PCI-MSI.514048-edge.snd_hda_intel": [
    139,
    139
  ],
  "interrupts.CPU2.124:PCI-MSI.514048-edge.snd_hda_intel": [
    68,
    68
  ],
  "interrupts.CPU3.124:PCI-MSI.514048-edge.snd_hda_intel": [
    645,
    645
  ],
  "interrupts.CPU4.124:PCI-MSI.514048-edge.snd_hda_intel": [
    294,
    294
  ],
  "interrupts.CPU5.124:PCI-MSI.514048-edge.snd_hda_intel": [
    17,
    17
  ],
  "interrupts.CPU6.124:PCI-MSI.514048-edge.snd_hda_intel": [
    14,
    14
  ],
  "interrupts.CPU7.124:PCI-MSI.514048-edge.snd_hda_intel": [
    50,
    50
  ],
  "interrupts.124:PCI-MSI.514048-edge.snd_hda_intel": [
    1581,
    1581
  ],
  "interrupts.CPU0.NMI:Non-maskable_interrupts": [
    3,
    3
  ],
  "interrupts.CPU1.NMI:Non-maskable_interrupts": [
    3,
    3
  ],
  "interrupts.CPU2.NMI:Non-maskable_interrupts": [
    3,
    3
  ],
  "interrupts.CPU3.NMI:Non-maskable_interrupts": [
    3,
    3
  ],
  "interrupts.CPU4.NMI:Non-maskable_interrupts": [
    3,
    3
  ],
  "interrupts.CPU5.NMI:Non-maskable_interrupts": [
    3,
    3
  ],
  "interrupts.CPU6.NMI:Non-maskable_interrupts": [
    3,
    3
  ],
  "interrupts.CPU7.NMI:Non-maskable_interrupts": [
    3,
    3
  ],
  "interrupts.NMI:Non-maskable_interrupts": [
    24,
    24
  ],
  "interrupts.CPU0.LOC:Local_timer_interrupts": [
    159433,
    161606
  ],
  "interrupts.CPU1.LOC:Local_timer_interrupts": [
    144761,
    146550
  ],
  "interrupts.CPU2.LOC:Local_timer_interrupts": [
    151557,
    153538
  ],
  "interrupts.CPU3.LOC:Local_timer_interrupts": [
    176744,
    179239
  ],
  "interrupts.CPU4.LOC:Local_timer_interrupts": [
    100778,
    101761
  ],
  "interrupts.CPU5.LOC:Local_timer_interrupts": [
    106765,
    108261
  ],
  "interrupts.CPU6.LOC:Local_timer_interrupts": [
    81616,
    83766
  ],
  "interrupts.CPU7.LOC:Local_timer_interrupts": [
    80250,
    81151
  ],
  "interrupts.LOC:Local_timer_interrupts": [
    1001904,
    1015872
  ],
  "interrupts.CPU0.PMI:Performance_monitoring_interrupts": [
    3,
    3
  ],
  "interrupts.CPU1.PMI:Performance_monitoring_interrupts": [
    3,
    3
  ],
  "interrupts.CPU2.PMI:Performance_monitoring_interrupts": [
    3,
    3
  ],
  "interrupts.CPU3.PMI:Performance_monitoring_interrupts": [
    3,
    3
  ],
  "interrupts.CPU4.PMI:Performance_monitoring_interrupts": [
    3,
    3
  ],
  "interrupts.CPU5.PMI:Performance_monitoring_interrupts": [
    3,
    3
  ],
  "interrupts.CPU6.PMI:Performance_monitoring_interrupts": [
    3,
    3
  ],
  "interrupts.CPU7.PMI:Performance_monitoring_interrupts": [
    3,
    3
  ],
  "interrupts.PMI:Performance_monitoring_interrupts": [
    24,
    24
  ],
  "interrupts.CPU0.RTR:APIC_ICR_read_retries": [
    7,
    7
  ],
  "interrupts.RTR:APIC_ICR_read_retries": [
    7,
    7
  ],
  "interrupts.CPU0.RES:Rescheduling_interrupts": [
    26910,
    26936
  ],
  "interrupts.CPU1.RES:Rescheduling_interrupts": [
    51680,
    51697
  ],
  "interrupts.CPU2.RES:Rescheduling_interrupts": [
    34690,
    34711
  ],
  "interrupts.CPU3.RES:Rescheduling_interrupts": [
    30954,
    30979
  ],
  "interrupts.CPU4.RES:Rescheduling_interrupts": [
    2346,
    2363
  ],
  "interrupts.CPU5.RES:Rescheduling_interrupts": [
    6111,
    6125
  ],
  "interrupts.CPU6.RES:Rescheduling_interrupts": [
    4505,
    4513
  ],
  "interrupts.CPU7.RES:Rescheduling_interrupts": [
    1985,
    1997
  ],
  "interrupts.RES:Rescheduling_interrupts": [
    159181,
    159321
  ],
  "interrupts.CPU0.CAL:Function_call_interrupts": [
    4294951951,
    4294951953
  ],
  "interrupts.CPU1.CAL:Function_call_interrupts": [
    4294951414,
    4294951419
  ],
  "interrupts.CPU2.CAL:Function_call_interrupts": [
    4294951076,
    4294951081
  ],
  "interrupts.CPU3.CAL:Function_call_interrupts": [
    4294952270,
    4294952275
  ],
  "interrupts.CPU4.CAL:Function_call_interrupts": [
    4294951741,
    4294951746
  ],
  "interrupts.CPU5.CAL:Function_call_interrupts": [
    4294951143,
    4294951148
  ],
  "interrupts.CPU6.CAL:Function_call_interrupts": [
    4294951026,
    4294951030
  ],