{
  "meminfo.time": [
    1482158276.3773687,
    1482158277.3790715,
    1482158278.380701,
    1482158279.382669,
    1482158280.38637,
    1482158281.3897636,
    1482158282.3947191,
    1482158283.3998466,
    1482158284.40486,
    1482158285.4098752,
    1482158286.4148157,
    1482158287.4198112
  ],
  "meminfo.MemTotal": [
    16317260,
    16317260,
    16317260,
    16317260,
    16317260,
    16317260,
    16317260,
    16317260,
    16317260,
    16317260,
    16317260,
    16317260
  ],
  "meminfo.MemFree": [
    14348812,
    14344076,
    14321776,
    14321604,
    14322020,
    14329272,
    14319920,
    14319548,
    14319712,
    14319588,
    14319804,
    14320396
  ],
  "meminfo.MemAvailable": [
    15807260,
    15802792,
    15781308,
    15781164,
    15781568,
    15788832,
    15779576,
    15779208,
    15779364,
    15779256,
    15779500,
    15780100
  ],
  "meminfo.Buffers": [
    63816,
    63816,
    63892,
    63892,
    63892,
    63936,
    63936,
    63940,
    63948,
    63956,
    63964,
    63964
  ],
  "meminfo.Cached": [
    1569652,
    1569592,
    1576400,
    1576424,
    1576424,
    1567852,
    1576508,
    1576528,
    1576520,
    1576528,
    1576520,
    1576528
  ],
  "meminfo.Active": [
    1216684,
    1221692,
    1244924,
    1245384,
    1245376,
    1246700,
    1246980,
    1247000,
    1247012,
    1247068,
    1247088,
    1247136
  ],
  "meminfo.Inactive": [
    608788,
    608572,
    602972,
    602920,
    602920,
    594660,
    602680,
    603020,
    603020,
    603020,
    603020,
    603020
  ],
  "meminfo.Active(anon)": [
    194988,
    199548,
    210296,
    210680,
    210672,
    211984,
    212228,
    212244,
    212256,
    212296,
    212316,
    212356
  ],
  "meminfo.Inactive(anon)": [
    117588,
    117588,
    123680,
    123680,
    123680,
    115420,
    123372,
    123712,
    123712,
    123712,
    123712,
    123712
  ],
  "meminfo.Active(file)": [
    1021696,
    1022144,
    1034628,
    1034704,
    1034704,
    1034716,
    1034752,
    1034756,
    1034756,
    1034772,
    1034772,
    1034780
  ],
  "meminfo.Inactive(file)": [
    491200,
    490984,
    479292,
    479240,
    479240,
    479240,
    479308,
    479308,
    479308,
    479308,
    479308,
    479308
  ],
  "meminfo.Dirty": [
    3428,
    3564,
    136,
    164,
    164,
    184,
    504,
    312,
    320,
    364,
    364,
    368
  ],
  "meminfo.Writeback": [
    0,
    0,
    0,
    0,
    0,
    0,
    0,
    0,
    0,
    4,
    4,
    4
  ],
  "meminfo.AnonPages": [
    192748,
    196984,
    207332,
    207980,
    207732,
    209056,
    209608,
    209588,
    209596,
    209632,
    209408,
    209696
  ],
  "meminfo.Mapped": [
    254756,
    257556,
    271208,
    271000,
    270988,
    263608,
    271224,
    271292,
    271324,
    271324,
    271312,
    271312
  ],
  "meminfo.Shmem": [
    120292,
    120292,
    126384,
    126384,
    126384,
    117844,
    126396,
    126416,
    126416,
    126416,
    126416,
    126416
  ],
  "meminfo.Slab": [
    99016,
    99324,
    99784,
    99860,
    99752,
    99776,
    99784,
    99808,
    99644,
    99664,
    99744,
    99740
  ],
  "meminfo.SReclaimable": [
    68368,
    68436,
    68484,
    68496,
    68468,
    68468,
    68456,
    68456,
    68436,
    68436,
    68496,
    68496
  ],
  "meminfo.SUnreclaim": [
    30648,
    30888,
    31300,
    31364,
    31284,
    31308,
    31328,
    31352,
    31208,
    31228,
    31248,
    31244
  ],
  "meminfo.KernelStack": [
    9888,
    10480,
    11072,
    11120,
    11120,
    11120,
    11120,
    11120,
    11120,
    11120,
    11120,
    11120
  ],
  "meminfo.PageTables": [
    10456,
    10720,
    11580,
    11584,
    11576,
    11584,
    11576,
    11592,
    11592,
    11592,
    11596,
    11588
  ],
  "meminfo.CommitLimit": [
    8158628,
    8158628,
    8158628,
    8158628,
    8158628,
    8158628,
    8158628,
    8158628,
    8158628,
    8158628,
    8158628,
    8158628
  ],
  "meminfo.Committed_AS": [
    25600636,
    25633056,
    26929960,
    26931648,
    26929732,
    26914568,
    26915912,
    26937108,
    26929260,
    26938728,
    26941892,
    26938076
  ],
  "meminfo.VmallocTotal": [
    34359738367,
    34359738367,
    34359738367,
    34359738367,
    34359738367,
    34359738367,
    34359738367,
    34359738367,
    34359738367,
    34359738367,
    34359738367,
    34359738367
  ],
  "meminfo.DirectMap4k": [
    22108,
    22108,
    24156,
    24156,
    24156,
    24156,
    24156,
    24156,
    24156,
    24156,
    24156,
    24156
  ],
  "meminfo.DirectMap2M": [
    1949696,
    1949696,
    1947648,
    1947648,
    1947648,
    1947648,
    1947648,
    1947648,
    1947648,
    1947648,
    1947648,
    1947648
  ],
  "meminfo.DirectMap1G": [
    14680064,
    14680064,
    14680064,
    14680064,
    14680064,
    14680064,
    14680064,
    14680064,
    14680064,
    14680064,
    14680064,
    14680064
  ]
}