{
  "proc-vmstat.time": [
    1482158276.3710923,
    1482158277.3740702,
    1482158278.3757558,
    1482158279.3778226,
    1482158280.380043,
    1482158281.3833067,
    1482158282.3891263,
    1482158283.3945332,
    1482158284.3998609,
    1482158285.405221,
    1482158286.4103503,
    1482158287.4157686
  ],
  "proc-vmstat.nr_free_pages": [
    3587345,
    3586106,
    3580444,
    3580401,
    3580440,
    3582318,
    3580073,
    3579887,
    3579928,
    3579897,
    3579895,
    3580099
  ],
  "proc-vmstat.nr_alloc_batch": [
    945,
    47,
    620,
    360,
    425,
    230,
    0,
    880,
    404,
    1010,
    354,
    1010
  ],
  "proc-vmstat.nr_inactive_anon": [
    29397,
    29397,
    30920,
    30920,
    30920,
    28855,
    30843,
    30928,
    30928,
    30928,
    30928,
    30928
  ],
  "proc-vmstat.nr_active_anon": [
    48552,
    49708,
    52574,
    52670,
    52668,
    52931,
    53057,
    53061,
    53064,
    53074,
    53144,
    53089
  ],
  "proc-vmstat.nr_inactive_file": [
    122800,
    122746,
    119823,
    119810,
    119810,
    119810,
    119827,
    119827,
    119827,
    119827,
    119827,
    119827
  ],
  "proc-vmstat.nr_active_file": [
    255424,
    255536,
    258657,
    258676,
    258676,
    258679,
    258688,
    258689,
    258689,
    258693,
    258693,
    258695
  ],
  "proc-vmstat.nr_anon_pages": [
    47992,
    49116,
    51898,
    51995,
    51998,
    52264,
    52402,
    52397,
    52399,
    52408,
    52417,
    52424
  ],
  "proc-vmstat.nr_mapped": [
    63689,
    64195,
    67802,
    67750,
    67747,
    65902,
    67806,
    67823,
    67831,
    67831,
    67828,
    67828
  ],
  "proc-vmstat.nr_file_pages": [
    408367,
    408352,
    410073,
    410079,
    410079,
    407947,
    410111,
    410117,
    410117,
    410121,
    410121,
    410123
  ],
  "proc-vmstat.nr_dirty": [
    857,
    891,
    34,
    41,
    41,
    46,
    126,
    78,
    80,
    91,
    91,
    92
  ],
  "proc-vmstat.nr_writeback": [
    0,
    0,
    0,
    0,
    0,
    0,
    0,
    0,
    0,
    1,
    1,
    1
  ],
  "proc-vmstat.nr_slab_reclaimable": [
    17092,
    17109,
    17121,
    17124,
    17117,
    17117,
    17114,
    17114,
    17109,
    17109,
    17124,
    17124
  ],
  "proc-vmstat.nr_slab_unreclaimable": [
    7662,
    7722,
    7825,
    7841,
    7821,
    7827,
    7832,
    7838,
    7802,
    7807,
    7812,
    7811
  ],
  "proc-vmstat.nr_page_table_pages": [
    2517,
    2680,
    2895,
    2896,
    2894,
    2896,
    2894,
    2898,
    2898,
    2898,
    2899,
    2897
  ],
  "proc-vmstat.nr_kernel_stack": [
    618,
    655,
    692,
    695,
    695,
    695,
    695,
    695,
    695,
    695,
    695,
    695
  ],
  "proc-vmstat.nr_shmem": [
    30073,
    30073,
    31596,
    31596,
    31596,
    29461,
    31599,
    31604,
    31604,
    31604,
    31604,
    31604
  ],
  "proc-vmstat.nr_dirtied": [
    493205,
    493227,
    493273,
    493287,
    493288,
    493295,
    493379,
    493380,
    493383,
    493397,
    493398,
    493400
  ],
  "proc-vmstat.nr_written": [
    489365,
    489348,
    490251,
    490258,
    490259,
    490261,
    490265,
    490314,
    490315,
    490317,
    490318,
    490319
  ],
  "proc-vmstat.nr_dirty_threshold": [
    787144,
    786908,
    785815,
    785807,
    785815,
    786191,
    785748,
    785711,
    785719,
    785713,
    785713,
    785754
  ],
  "proc-vmstat.nr_dirty_background_threshold": [
    196786,
    196727,
    196453,
    196451,
    196453,
    196547,
    196437,
    196427,
    196429,
    196428,
    196428,
    196438
  ],
  "proc-vmstat.pgpgin": [
    711775,
    711775,
    712463,
    712463,
    712463,
    712531,
    712531,
    712531,
    712531,
    712531,
    712531,
    712531
  ],
  "proc-vmstat.pgpgout": [
    2007228,
    2007232,
    2011044,
    2011048,
    2011052,
    2011584,
    2011588,
    2011752,
    2011812,
    2011860,
    2011924,
    2011928
  ],
  "proc-vmstat.pgalloc_dma": [
    1,
    1,
    1,
    1,
    1,
    1,
    1,
    1,
    1,
    1,
    1,
    1
  ],
  "proc-vmstat.pgalloc_dma32": [
    27000070,
    27002265,
    27009211,
    27016887,
    27024544,
    27030704,
    27031405,
    27031519,
    27031758,
    27032056,
    27032279,
    27032475
  ],
  "proc-vmstat.pgalloc_normal": [
    137915420,
    137928920,
    137972229,
    138019685,
    138066891,
    138105566,
    138108444,
    138109825,
    138111253,
    138112533,
    138114111,
    138115413
  ],
  "proc-vmstat.pgfree": [
    168505115,
    168518829,
    168564125,
    168619271,
    168674136,
    168720592,
    168722076,
    168723620,
    168725280,
    168726810,
    168728613,
    168730103
  ],
  "proc-vmstat.pgactivate": [
    170502,
    170536,
    173633,
    173634,
    173635,
    173636,
    173636,
    173637,
    173639,
    173639,
    173640,
    173641
  ],
  "proc-vmstat.pgfault": [
    163690625,
    163713166,
    163781631,
    163837438,
    163892800,
    163938939,
    163943016,
    163945145,
    163947588,
    163949723,
    163952283,
    163954395
  ],
  "proc-vmstat.pgmajfault": [
    4065,
    4065,
    4072,
    4072,
    4072,
    4074,
    4074,
    4074,
    4074,
    4074,
    4074,
    4074
  ],
  "proc-vmstat.pageoutrun": [
    1,
    1,
    1,
    1,
    1,
    1,
    1,
    1,
    1,
    1,
    1,
    1
  ],
  "proc-vmstat.pgrotated": [
    3,
    3,
    3,
    3,
    3,
    3,
    3,
    3,
    3,
    3,
    3,
    3
  ]
}