{
  "softirqs.time": [
    1482158276.3921878,
    1482158287.8305688
  ],
  "softirqs.CPU2.HI": [
    1,
    1
  ],
  "softirqs.CPU3.HI": [
    1,
    1
  ],
  "softirqs.HI": [
    2,
    2
  ],
  "softirqs.CPU0.TIMER": [
    128229,
    130296
  ],
  "softirqs.CPU1.TIMER": [
    122695,
    124393
  ],
  "softirqs.CPU2.TIMER": [
    126100,
    127819
  ],
  "softirqs.CPU3.TIMER": [
    148172,
    150351
  ],
  "softirqs.CPU4.TIMER": [
    97901,
    98851
  ],
  "softirqs.CPU5.TIMER": [
    103085,
    104539
  ],
  "softirqs.CPU6.TIMER": [
    78678,
    80791
  ],
  "softirqs.CPU7.TIMER": [
    72307,
    73125
  ],
  "softirqs.TIMER": [
    877167,
    890165
  ],
  "softirqs.CPU4.NET_TX": [
    868,
    869
  ],
  "softirqs.NET_TX": [
    868,
    869
  ],
  "softirqs.CPU0.NET_RX": [
    249474,
    249520
  ],
  "softirqs.CPU1.NET_RX": [
    51270,
    51300
  ],
  "softirqs.CPU2.NET_RX": [
    55213,
    55247
  ],
  "softirqs.CPU3.NET_RX": [
    21953,
    21972
  ],
  "softirqs.CPU4.NET_RX": [
    660282,
    660306
  ],
  "softirqs.CPU5.NET_RX": [
    87813,
    87835
  ],
  "softirqs.CPU6.NET_RX": [
    51472,
    51484
  ],
  "softirqs.CPU7.NET_RX": [
    49028,
    49034
  ],
  "softirqs.NET_RX": [
    1226505,
    1226698
  ],
  "softirqs.CPU0.BLOCK": [
    19478,
    19539
  ],
  "softirqs.CPU1.BLOCK": [
    2193,
    2207
  ],
  "softirqs.CPU2.BLOCK": [
    1949,
    1960
  ],
  "softirqs.CPU3.BLOCK": [
    917,
    924
  ],
  "softirqs.CPU4.BLOCK": [
    9435,
    9491
  ],
  "softirqs.CPU5.BLOCK": [
    3192,
    3208
  ],
  "softirqs.CPU6.BLOCK": [
    2456,
    2485
  ],
  "softirqs.CPU7.BLOCK": [
    1394,
    1404
  ],
  "softirqs.BLOCK": [
    41014,
    41218
  ],
  "softirqs.CPU0.TASKLET": [
    141,
    141
  ],
  "softirqs.CPU1.TASKLET": [
    3,
    3
  ],
  "softirqs.CPU2.TASKLET": [
    109,
    109
  ],
  "softirqs.CPU3.TASKLET": [
    27,
    27
  ],
  "softirqs.CPU4.TASKLET": [
    1,
    1
  ],
  "softirqs.CPU5.TASKLET": [
    4,
    4
  ],
  "softirqs.CPU6.TASKLET": [
    4,
    4
  ],
  "softirqs.CPU7.TASKLET": [
    11,
    11
  ],
  "softirqs.TASKLET": [
    300,
    300
  ],
  "softirqs.CPU0.SCHED": [
    48807,
    49596
  ],
  "softirqs.CPU1.SCHED": [
    42642,
    43242
  ],
  "softirqs.CPU2.SCHED": [
    43973,
    44679
  ],
  "softirqs.CPU3.SCHED": [
    48069,
    48841
  ],
  "softirqs.CPU4.SCHED": [
    33901,
    34249
  ],
  "softirqs.CPU5.SCHED": [
    30786,
    31241
  ],
  "softirqs.CPU6.SCHED": [
    21582,
    22035
  ],
  "softirqs.CPU7.SCHED": [
    19633,
    19939
  ],
  "softirqs.SCHED": [
    289393,
    293822
  ],
  "softirqs.CPU0.RCU": [
    76519,
    77980
  ],
  "softirqs.CPU1.RCU": [
    73805,
    75015
  ],
  "softirqs.CPU2.RCU": [
    73709,
    74983
  ],
  "softirqs.CPU3.RCU": [
    87303,
    88754
  ],
  "softirqs.CPU4.RCU": [
    52177,
    52921
  ],
  "softirqs.CPU5.RCU": [
    59521,
    60471
  ],
  "softirqs.CPU6.RCU": [
    42259,
    43884
  ],
  "softirqs.CPU7.RCU": [
    36667,
    37349
  ],
  "softirqs.RCU": [
    501960,
    511357
  ]
}