{
  "ebizzy.throughput": [
    67103,
    66364,
    66841,
    66227,
    66523
  ],
  "ebizzy.throughput.per_thread.min": [
    4122,
    4063,
    4072,
    4000,
    3962
  ],
  "ebizzy.throughput.per_thread.max": [
    4296,
    4288,
    4441,
    4389,
    4410
  ],
  "ebizzy.throughput.per_thread.stddev_percent": [
    0.09106058873932116,
    0.0892031591873819,
    0.1602742898579828,
    0.1754796340676258,
    0.16570573320959706
  ],
  "ebizzy.time.real": [
    5.0,
    5.0,
    5.0,
    5.0,
    5.0
  ],
  "ebizzy.time.user": [
    9.36,
    9.38,
    9.45,
    9.39,
    9.55
  ],
  "ebizzy.time.sys": [
    30.56,
    30.54,
    30.46,
    30.51,
    30.35
  ]
}