{
  "interrupts.time": [
    1478265701.4538295,
    1478265727.359673
  ],
  "interrupts.CPU0.0:IO-APIC.2-edge.timer": [
    37,
    37
  ],
  "interrupts.0:IO-APIC.2-edge.timer": [
    37,
    37
  ],
  "interrupts.CPU1.1:IO-APIC.1-edge.i8042": [
    1,
    1
  ],
  "interrupts.CPU6.1:IO-APIC.1-edge.i8042": [
    1,
    1
  ],
  "interrupts.1:IO-APIC.1-edge.i8042": [
    2,
    2
  ],
  "interrupts.CPU0.7:IO-APIC.7-edge": [
    26,
    26
  ],
  "interrupts.7:IO-APIC.7-edge": [
    26,
    26
  ],
  "interrupts.CPU0.8:IO-APIC.8-edge.rtc0": [
    1,
    1
  ],
  "interrupts.8:IO-APIC.8-edge.rtc0": [
    1,
    1
  ],
  "interrupts.CPU4.9:IO-APIC.9-fasteoi.acpi": [
    3,
    3
  ],
  "interrupts.9:IO-APIC.9-fasteoi.acpi": [
    3,
    3
  ],
  "interrupts.CPU0.12:IO-APIC.12-edge.i8042": [
    1,
    1
  ],
  "interrupts.CPU1.12:IO-APIC.12-edge.i8042": [
    1,
    1
  ],
  "interrupts.CPU2.12:IO-APIC.12-edge.i8042": [
    1,
    1
  ],
  "interrupts.CPU6.12:IO-APIC.12-edge.i8042": [
    1,
    1
  ],
  "interrupts.12:IO-APIC.12-edge.i8042": [
    4,
    4
  ],
  "interrupts.CPU0.120:PCI-MSI.376832-edge.0000:00:17.0": [
    17065,
    17228
  ],
  "interrupts.CPU1.120:PCI-MSI.376832-edge.0000:00:17.0": [
    2556,
    2556
  ],
  "interrupts.CPU2.120:PCI-MSI.376832-edge.0000:00:17.0": [
    851,
    852
  ],
  "interrupts.CPU3.120:PCI-MSI.376832-edge.0000:00:17.0": [
    1062,
    1062
  ],
  "interrupts.CPU4.120:PCI-MSI.376832-edge.0000:00:17.0": [
    4291,
    4291
  ],
  "interrupts.CPU5.120:PCI-MSI.376832-edge.0000:00:17.0": [
    3413,
    3415
  ],
  "interrupts.CPU6.120:PCI-MSI.376832-edge.0000:00:17.0": [
    1816,
    1818
  ],
  "interrupts.CPU7.120:PCI-MSI.376832-edge.0000:00:17.0": [
    908,
    910
  ],
  "interrupts.120:PCI-MSI.376832-edge.0000:00:17.0": [
    31962,
    32132
  ],
  "interrupts.CPU0.121:PCI-MSI.327680-edge.xhci_hcd": [
    1462,
    1462
  ],
  "interrupts.CPU1.121:PCI-MSI.327680-edge.xhci_hcd": [
    18,
    18
  ],
  "interrupts.CPU2.121:PCI-MSI.327680-edge.xhci_hcd": [
    24,
    24
  ],
  "interrupts.CPU3.121:PCI-MSI.327680-edge.xhci_hcd": [
    18,
    18
  ],
  "interrupts.CPU4.121:PCI-MSI.327680-edge.xhci_hcd": [
    31,
    31
  ],
  "interrupts.CPU5.121:PCI-MSI.327680-edge.xhci_hcd": [
    18,
    18
  ],
  "interrupts.CPU6.121:PCI-MSI.327680-edge.xhci_hcd": [
    11,
    11
  ],
  "interrupts.CPU7.121:PCI-MSI.327680-edge.xhci_hcd": [
    7,
    7
  ],
  "interrupts.121:PCI-MSI.327680-edge.xhci_hcd": [
    1589,
    1589
  ],
  "interrupts.CPU0.122:PCI-MSI.32768-edge.i915": [
    747,
    751
  ],
  "interrupts.CPU1.122:PCI-MSI.32768-edge.i915": [
    100,
    100
  ],
  "interrupts.CPU2.122:PCI-MSI.32768-edge.i915": [
    85,
    85
  ],
  "interrupts.CPU3.122:PCI-MSI.32768-edge.i915": [
    71,
    71
  ],
  "interrupts.CPU4.122:PCI-MSI.32768-edge.i915": [
    237,
    237
  ],
  "interrupts.CPU5.122:PCI-MSI.32768-edge.i915": [
    119,
    119
  ],
  "interrupts.CPU6.122:PCI-MSI.32768-edge.i915": [
    107,
    107
  ],
  "interrupts.CPU7.122:PCI-MSI.32768-edge.i915": [
    109,
    109
  ],
  "interrupts.122:PCI-MSI.32768-edge.i915": [
    1575,
    1579
  ],
  "interrupts.CPU0.123:PCI-MSI.514048-edge.snd_hda_intel": [
    2,
    2
  ],
  "interrupts.CPU1.123:PCI-MSI.514048-edge.snd_hda_intel": [
    52,
    52
  ],
  "interrupts.CPU3.123:PCI-MSI.514048-edge.snd_hda_intel": [
    284,
    284
  ],
  "interrupts.CPU4.123:PCI-MSI.514048-edge.snd_hda_intel": [
    165,
    165
  ],
  "interrupts.CPU7.123:PCI-MSI.514048-edge.snd_hda_intel": [
    1,
    1
  ],
  "interrupts.123:PCI-MSI.514048-edge.snd_hda_intel": [
    504,
    504
  ],
  "interrupts.CPU0.124:PCI-MSI.2097152-edge.eth0": [
    15337,
    15362
  ],
  "interrupts.CPU1.124:PCI-MSI.2097152-edge.eth0": [
    440,
    448
  ],
  "interrupts.CPU2.124:PCI-MSI.2097152-edge.eth0": [
    476,
    476
  ],
  "interrupts.CPU3.124:PCI-MSI.2097152-edge.eth0": [
    404,
    405
  ],
  "interrupts.CPU4.124:PCI-MSI.2097152-edge.eth0": [
    3615,
    3619
  ],
  "interrupts.CPU5.124:PCI-MSI.2097152-edge.eth0": [
    1314,
    1319
  ],
  "interrupts.CPU6.124:PCI-MSI.2097152-edge.eth0": [
    1391,
    1394
  ],
  "interrupts.CPU7.124:PCI-MSI.2097152-edge.eth0": [
    854,
    859
  ],
  "interrupts.124:PCI-MSI.2097152-edge.eth0": [
    23831,
    23882
  ],
  "interrupts.CPU0.NMI:Non-maskable_interrupts": [
    1,
    3
  ],
  "interrupts.CPU1.NMI:Non-maskable_interrupts": [
    1,
    3
  ],
  "interrupts.CPU2.NMI:Non-maskable_interrupts": [
    0,
    3
  ],
  "interrupts.CPU3.NMI:Non-maskable_interrupts": [
    0,
    2
  ],
  "interrupts.CPU4.NMI:Non-maskable_interrupts": [
    0,
    2
  ],
  "interrupts.CPU5.NMI:Non-maskable_interrupts": [
    0,
    2
  ],
  "interrupts.CPU6.NMI:Non-maskable_interrupts": [
    0,
    2
  ],
  "interrupts.CPU7.NMI:Non-maskable_interrupts": [
    0,
    3
  ],
  "interrupts.NMI:Non-maskable_interrupts": [
    2,
    20
  ],
  "interrupts.CPU0.LOC:Local_timer_interrupts": [
    115722,
    140840
  ],
  "interrupts.CPU1.LOC:Local_timer_interrupts": [
    107511,
    132636
  ],
  "interrupts.CPU2.LOC:Local_timer_interrupts": [
    126982,
    152240
  ],
  "interrupts.CPU3.LOC:Local_timer_interrupts": [
    123264,
    148638
  ],
  "interrupts.CPU4.LOC:Local_timer_interrupts": [
    75237,
    100353
  ],
  "interrupts.CPU5.LOC:Local_timer_interrupts": [
    65571,
    90711
  ],
  "interrupts.CPU6.LOC:Local_timer_interrupts": [
    45353,
    70443
  ],
  "interrupts.CPU7.LOC:Local_timer_interrupts": [
    50373,
    75505
  ],
  "interrupts.LOC:Local_timer_interrupts": [
    710013,
    911366
  ],
  "interrupts.CPU0.PMI:Performance_monitoring_interrupts": [
    1,
    3
  ],
  "interrupts.CPU1.PMI:Performance_monitoring_interrupts": [
    1,
    3
  ],
  "interrupts.CPU2.PMI:Performance_monitoring_interrupts": [
    0,
    3
  ],
  "interrupts.CPU3.PMI:Performance_monitoring_interrupts": [
    0,
    2
  ],
  "interrupts.CPU4.PMI:Performance_monitoring_interrupts": [
    0,
    2
  ],
  "interrupts.CPU5.PMI:Performance_monitoring_interrupts": [
    0,
    2
  ],
  "interrupts.CPU6.PMI:Performance_monitoring_interrupts": [
    0,
    2
  ],
  "interrupts.CPU7.PMI:Performance_monitoring_interrupts": [
    0,
    3
  ],
  "interrupts.PMI:Performance_monitoring_interrupts": [
    2,
    20
  ],
  "interrupts.CPU0.RTR:APIC_ICR_read_retries": [
    7,
    7
  ],
  "interrupts.RTR:APIC_ICR_read_retries": [
    7,
    7
  ],
  "interrupts.CPU0.RES:Rescheduling_interrupts": [
    1056,
    1131
  ],
  "interrupts.CPU1.RES:Rescheduling_interrupts": [
    1313,
    1356
  ],
  "interrupts.CPU2.RES:Rescheduling_interrupts": [
    1137,
    1209
  ],
  "interrupts.CPU3.RES:Rescheduling_interrupts": [
    928,
    973
  ],
  "interrupts.CPU4.RES:Rescheduling_interrupts": [
    850,
    894
  ],
  "interrupts.CPU5.RES:Rescheduling_interrupts": [
    248,
    321
  ],
  "interrupts.CPU6.RES:Rescheduling_interrupts": [
    246,
    290
  ],
  "interrupts.CPU7.RES:Rescheduling_interrupts": [
    392,
    433
  ],
  "interrupts.RES:Rescheduling_interrupts": [
    6170,
    6607
  ],
  "interrupts.CPU0.CAL:Function_call_interrupts": [
    172,
    4294952205
  ],
  "interrupts.CPU1.CAL:Function_call_interrupts": [
    132,
    4294951455
  ],
  "interrupts.CPU2.CAL:Function_call_interrupts": [
    124,
    4294951446
  ],
  "interrupts.CPU3.CAL:Function_call_interrupts": [
    175,
    4294952457
  ],
  "interrupts.CPU4.CAL:Function_call_interrupts": [
    172,
    4294952105
  ],
  "interrupts.CPU5.CAL:Function_call_interrupts": [
    180,
    4294951377
  ],
  "interrupts.CPU6.CAL:Function_call_interrupts": [
    177,
    4294951514
  ],
  "interrupts.CPU7.CAL:Function_call_interrupts": [
    179,
    4294952414
  ],
  "interrupts.CAL:Function_call_interrupts": [
    1311,
    34359614973
  ],
  "interrupts.CPU0.TLB:TLB_shootdowns": [
    2241,
    1455289
  ],
  "interrupts.CPU1.TLB:TLB_shootdowns": [
    1141,
    1456607
  ],