{
  "proc-vmstat.time": [
    1478265701.4259233,
    1478265702.4384491,
    1478265703.466484,
    1478265704.4944463,
    1478265705.517557,
    1478265706.5504715,
    1478265707.573571,
    1478265708.5954874,
    1478265709.6164234,
    1478265710.6554134,
    1478265711.679445,
    1478265712.7134366,
    1478265713.7364342,
    1478265714.7674494,
    1478265715.7924137,
    1478265716.8264103,
    1478265717.8575997,
    1478265718.8786712,
    1478265719.907432,
    1478265720.938466,
    1478265721.9724045,
    1478265723.0105593,
    1478265724.0428262,
    1478265725.0676258,
    1478265726.103575,
    1478265727.137583
  ],
  "proc-vmstat.nr_free_pages": [
    3784468,
    3780198,
    3780129,
    3780145,
    3780254,
    3780192,
    3780108,
    3780280,
    3780277,
    3780277,
    3780184,
    3780085,
    3780262,
    3780268,
    3780169,
    3780233,
    3780196,
    3780226,
    3780140,
    3780357,
    3780295,
    3780295,
    3780294,
    3780295,
    3780202,
    3780038
  ],
  "proc-vmstat.nr_alloc_batch": [
    404,
    1737,
    900,
    397,
    351,
    329,
    479,
    864,
    793,
    44,
    1029,
    150,
    160,
    0,
    919,
    688,
    1045,
    488,
    114,
    463,
    815,
    334,
    528,
    942,
    385,
    268
  ],
  "proc-vmstat.nr_inactive_anon": [
    23496,
    23496,
    23496,
    23496,
    23496,
    23496,
    23496,
    23496,
    23496,
    23496,
    23496,
    23496,
    23496,
    23496,
    23496,
    23496,
    23496,
    23496,
    23496,
    23496,
    23496,
    23496,
    23496,
    23496,
    23496,
    23496
  ],
  "proc-vmstat.nr_active_anon": [
    42508,
    46135,
    46039,
    46206,
    46245,
    46182,
    46168,
    46023,
    46293,
    46307,
    46540,
    46297,
    46312,
    46155,
    46072,
    46348,
    46233,
    46171,
    46204,
    46431,
    46188,
    46032,
    46354,
    46386,
    46271,
    46206
  ],
  "proc-vmstat.nr_inactive_file": [
    97773,
    97692,
    97715,
    97714,
    97714,
    97714,
    97714,
    97711,
    97711,
    97711,
    97711,
    97711,
    97711,
    97711,
    97711,
    97711,
    97711,
    97711,
    97711,
    97711,
    97711,
    97711,
    97711,
    97711,
    97711,
    97711
  ],
  "proc-vmstat.nr_active_file": [
    98158,
    98545,
    98552,
    98554,
    98554,
    98556,
    98556,
    98561,
    98561,
    98561,
    98563,
    98563,
    98565,
    98565,
    98565,
    98567,
    98567,
    98569,
    98569,
    98569,
    98571,
    98573,
    98573,
    98573,
    98573,
    98575
  ],
  "proc-vmstat.nr_anon_pages": [
    41801,
    45411,
    45422,
    45578,
    45481,
    45563,
    45469,
    45360,
    45535,
    45458,
    45804,
    45584,
    45682,
    45467,
    45305,
    45594,
    45552,
    45482,
    45354,
    45646,
    45499,
    45418,
    45587,
    45727,
    45505,
    45642
  ],
  "proc-vmstat.nr_mapped": [
    63012,
    63006,
    62918,
    62918,
    62918,
    62918,
    62918,
    62918,
    62918,
    62918,
    62918,
    62918,
    62918,
    62918,
    62918,
    62918,
    62918,
    62918,
    62918,
    62918,
    62918,
    62918,
    62918,
    62918,
    62918,
    62918
  ],
  "proc-vmstat.nr_file_pages": [
    220199,
    220406,
    220436,
    220437,
    220437,
    220439,
    220439,
    220441,
    220441,
    220441,
    220443,
    220443,
    220445,
    220445,
    220445,
    220447,
    220447,
    220449,
    220449,
    220449,
    220451,
    220453,
    220453,
    220453,
    220453,
    220455
  ],
  "proc-vmstat.nr_dirty": [
    41,
    88,
    92,
    4,
    5,
    75,
    75,
    76,
    1,
    2,
    11,
    11,
    13,
    2,
    3,
    7,
    7,
    7,
    1,
    1,
    6,
    8,
    0,
    1,
    1,
    5
  ],
  "proc-vmstat.nr_slab_reclaimable": [
    11622,
    11706,
    11713,
    11713,
    11709,
    11710,
    11710,
    11711,
    11708,
    11708,
    11708,
    11708,
    11705,
    11705,
    11705,
    11705,
    11698,
    11698,
    11698,
    11694,
    11694,
    11694,
    11694,
    11692,
    11694,
    11694
  ],
  "proc-vmstat.nr_slab_unreclaimable": [
    9800,
    9897,
    9909,
    9911,
    9877,
    9877,
    9877,
    9889,
    9855,
    9855,
    9855,
    9854,
    9836,
    9836,
    9836,
    9835,
    9805,
    9805,
    9807,
    9778,
    9779,
    9779,
    9779,
    9755,
    9755,
    9755
  ],
  "proc-vmstat.nr_page_table_pages": [
    2360,
    2634,
    2698,
    2697,
    2698,
    2698,
    2697,
    2698,
    2696,
    2697,
    2697,
    2698,
    2698,
    2698,
    2697,
    2702,
    2605,
    2697,
    2698,
    2699,
    2698,
    2698,
    2697,
    2699,
    2698,
    2698
  ],
  "proc-vmstat.nr_kernel_stack": [
    616,
    654,
    673,
    673,
    673,
    673,
    673,
    673,
    673,
    673,
    673,
    673,
    673,
    673,
    674,
    675,
    674,
    675,
    673,
    673,
    673,
    673,
    673,
    673,
    673,
    673
  ],
  "proc-vmstat.nr_shmem": [
    24172,
    24172,
    24172,
    24172,
    24172,
    24172,
    24172,
    24172,
    24172,
    24172,
    24172,
    24172,
    24172,
    24172,
    24172,
    24172,
    24172,
    24172,
    24172,
    24172,
    24172,
    24172,
    24172,
    24172,
    24172,
    24172
  ],
  "proc-vmstat.nr_dirtied": [
    496349,
    496399,
    496404,
    496405,
    496407,
    496478,
    496479,
    496481,
    496482,
    496484,
    496494,
    496495,
    496498,
    496499,
    496501,
    496506,
    496507,
    496508,
    496511,
    496512,
    496518,
    496521,
    496522,
    496524,
    496525,
    496530
  ],
  "proc-vmstat.nr_written": [
    489013,
    489014,
    489015,
    489104,
    489105,
    489106,
    489107,
    489108,
    489184,
    489185,
    489186,
    489187,
    489188,
    489200,
    489201,
    489202,
    489203,
    489204,
    489213,
    489214,
    489215,
    489216,
    489225,
    489226,
    489227,
    489228
  ],
  "proc-vmstat.nr_dirty_threshold": [
    790110,
    789317,
    789309,
    789313,
    789334,
    789322,
    789306,
    789340,
    789340,
    789340,
    789322,
    789302,
    789338,
    789339,
    789319,
    789332,
    789325,
    789331,
    789314,
    789357,
    789345,
    789346,
    789346,
    789346,
    789327,
    789295
  ],
  "proc-vmstat.nr_dirty_background_threshold": [
    197527,
    197329,
    197327,
    197328,
    197333,
    197330,
    197326,
    197335,
    197335,
    197335,
    197330,
    197325,
    197334,
    197334,
    197329,
    197333,
    197331,
    197332,
    197328,
    197339,
    197336,
    197336,
    197336,
    197336,
    197331,
    197323
  ],
  "proc-vmstat.pgpgin": [
    648667,
    648763,
    648763,
    648763,
    648763,
    648763,
    648763,
    648763,
    648763,
    648763,
    648763,
    648763,
    648763,
    648763,
    648763,
    648763,
    648763,
    648763,
    648763,
    648763,
    648763,
    648763,
    648763,
    648763,
    648763,
    648763
  ],
  "proc-vmstat.pgpgout": [
    1995428,
    1995460,
    1995464,
    1995776,
    1996068,
    1996072,
    1996104,
    1996108,
    1996372,
    1996424,
    1996428,
    1996460,
    1996464,
    1996492,
    1996524,
    1996528,
    1996560,
    1996576,
    1996580,
    1996612,
    1996616,
    1996648,
    1996664,
    1996672,
    1996704,
    1996736
  ],
  "proc-vmstat.pgalloc_dma": [
    1,
    1,
    1,
    1,
    1,
    1,
    1,
    1,
    1,
    1,
    1,
    1,
    1,
    1,
    1,
    1,
    1,
    1,
    1,
    1,
    1,
    1,
    1,
    1,
    1,
    1
  ],