{
  "proc-vmstat.time": [
    1478532587.621925,
    1478532588.627814,
    1478532589.658671,
    1478532590.6918344,
    1478532591.7201412,
    1478532592.758687,
    1478532593.783676,
    1478532594.805673,
    1478532595.833677,
    1478532596.8667212,
    1478532597.9016812,
    1478532598.917846,
    1478532599.9436567,
    1478532600.970695,
    1478532602.0107532,
    1478532603.0417256,
    1478532604.069848,
    1478532605.0856571,
    1478532606.114715,
    1478532607.143733,
    1478532608.1688914,
    1478532609.1937404,
    1478532610.2306755,
    1478532611.254713,
    1478532612.2866597,
    1478532613.314699
  ],
  "proc-vmstat.nr_free_pages": [
    3780284,
    3775529,
    3775334,
    3775282,
    3775308,
    3775316,
    3775486,
    3775388,
    3775396,
    3775485,
    3775644,
    3775610,
    3775486,
    3775455,
    3775455,
    3775424,
    3775454,
    3775542,
    3775604,
    3775602,
    3775534,
    3775566,
    3775532,
    3775466,
    3775563,
    3775563
  ],
  "proc-vmstat.nr_alloc_batch": [
    580,
    264,
    749,
    96,
    583,
    0,
    53,
    744,
    71,
    886,
    837,
    808,
    310,
    204,
    511,
    957,
    861,
    223,
    1793,
    356,
    314,
    911,
    15,
    0,
    789,
    441
  ],
  "proc-vmstat.nr_inactive_anon": [
    23626,
    23626,
    23626,
    23626,
    23626,
    23626,
    23626,
    23626,
    23626,
    23626,
    23626,
    23626,
    23626,
    23626,
    23626,
    23626,
    23626,
    23626,
    23626,
    23626,
    23626,
    23626,
    23626,
    23626,
    23626,
    23626
  ],
  "proc-vmstat.nr_active_anon": [
    45083,
    48709,
    48661,
    48788,
    48736,
    48747,
    48867,
    49034,
    48795,
    48967,
    48707,
    48772,
    48859,
    48921,
    48887,
    48610,
    48710,
    48869,
    48921,
    48739,
    49054,
    48878,
    48933,
    49173,
    48730,
    48751
  ],
  "proc-vmstat.nr_inactive_file": [
    104181,
    104028,
    104050,
    104050,
    104050,
    104050,
    104050,
    104045,
    104045,
    104045,
    104045,
    104045,
    104045,
    104045,
    104045,
    104045,
    104045,
    104045,
    104045,
    104045,
    104045,
    104045,
    104044,
    104044,
    104044,
    104044
  ],
  "proc-vmstat.nr_active_file": [
    95337,
    95642,
    95648,
    95648,
    95648,
    95653,
    95653,
    95659,
    95659,
    95659,
    95663,
    95663,
    95663,
    95663,
    95665,
    95667,
    95667,
    95667,
    95667,
    95669,
    95671,
    95671,
    95672,
    95672,
    95674,
    95676
  ],
  "proc-vmstat.nr_anon_pages": [
    44295,
    48050,
    47896,
    48041,
    48132,
    48017,
    48009,
    48282,
    48056,
    48235,
    47900,
    48172,
    48021,
    48197,
    48288,
    48023,
    47943,
    48173,
    47951,
    47883,
    48178,
    48219,
    48249,
    48304,
    48056,
    48057
  ],
  "proc-vmstat.nr_mapped": [
    64877,
    64885,
    64892,
    64892,
    64892,
    64892,
    64892,
    64892,
    64892,
    64892,
    64892,
    64892,
    64892,
    64892,
    64892,
    64892,
    64892,
    64892,
    64892,
    64892,
    64892,
    64892,
    64892,
    64892,
    64892,
    64892
  ],
  "proc-vmstat.nr_file_pages": [
    223771,
    223969,
    223997,
    223997,
    223997,
    224002,
    224002,
    224003,
    224003,
    224003,
    224007,
    224007,
    224007,
    224007,
    224009,
    224011,
    224011,
    224011,
    224011,
    224013,
    224015,
    224015,
    224015,
    224015,
    224017,
    224019
  ],
  "proc-vmstat.nr_dirty": [
    1210,
    1257,
    51,
    51,
    148,
    170,
    170,
    0,
    1,
    1,
    20,
    20,
    21,
    21,
    22,
    22,
    0,
    1,
    1,
    2,
    6,
    8,
    7,
    7,
    8,
    8
  ],
  "proc-vmstat.nr_writeback": [
    0,
    0,
    6,
    0,
    0,
    0,
    0,
    0,
    0,
    0,
    0,
    0,
    0,
    0,
    0,
    0,
    0,
    0,
    0,
    0,
    0,
    0,
    0,
    0,
    0,
    0
  ],
  "proc-vmstat.nr_slab_reclaimable": [
    11858,
    11970,
    11975,
    11976,
    11976,
    11976,
    11976,
    11974,
    11974,
    11966,
    11960,
    11960,
    11949,
    11950,
    11949,
    11949,
    11945,
    11945,
    11957,
    11958,
    11953,
    11953,
    11950,
    11950,
    11950,
    11951
  ],
  "proc-vmstat.nr_slab_unreclaimable": [
    7737,
    7895,
    7905,
    7883,
    7883,
    7879,
    7875,
    7823,
    7825,
    7819,
    7800,
    7800,
    7798,
    7798,
    7777,
    7777,
    7777,
    7779,
    7751,
    7752,
    7753,
    7759,
    7731,
    7731,
    7725,
    7725
  ],
  "proc-vmstat.nr_page_table_pages": [
    2806,
    3088,
    3152,
    3152,
    3150,
    3152,
    3152,
    3152,
    3151,
    3152,
    3151,
    3152,
    3151,
    3151,
    3151,
    3151,
    3150,
    3151,
    3151,
    3151,
    3149,
    3150,
    3150,
    3150,
    3149,
    3149
  ],
  "proc-vmstat.nr_kernel_stack": [
    708,
    746,
    765,
    765,
    765,
    765,
    765,
    765,
    764,
    766,
    764,
    764,
    764,
    764,
    764,
    764,
    764,
    764,
    764,
    764,
    764,
    764,
    764,
    764,
    764,
    764
  ],
  "proc-vmstat.nr_shmem": [
    24302,
    24302,
    24302,
    24302,
    24302,
    24302,
    24302,
    24302,
    24302,
    24302,
    24302,
    24302,
    24302,
    24302,
    24302,
    24302,
    24302,
    24302,
    24302,
    24302,
    24302,
    24302,
    24302,
    24302,
    24302,
    24302
  ],
  "proc-vmstat.nr_dirtied": [
    79764,
    79814,
    79819,
    79820,
    79918,
    79941,
    79942,
    79943,
    79945,
    79946,
    79967,
    79970,
    79972,
    79973,
    79975,
    79976,
    79977,
    79979,
    79980,
    79982,
    79987,
    79990,
    79992,
    79993,
    79995,
    79996
  ],
  "proc-vmstat.nr_written": [
    77467,
    77468,
    78673,
    78680,
    78681,
    78682,
    78683,
    78854,
    78855,
    78856,
    78858,
    78861,
    78862,
    78863,
    78864,
    78865,
    78888,
    78889,
    78890,
    78891,
    78892,
    78893,
    78896,
    78897,
    78898,
    78899
  ],
  "proc-vmstat.nr_dirty_threshold": [
    789990,
    789070,
    789036,
    789026,
    789031,
    789034,
    789068,
    789048,
    789050,
    789068,
    789100,
    789094,
    789069,
    789063,
    789063,
    789057,
    789063,
    789081,
    789093,
    789093,
    789080,
    789086,
    789080,
    789066,
    789086,
    789087
  ],
  "proc-vmstat.nr_dirty_background_threshold": [
    197497,
    197267,
    197259,
    197256,
    197257,
    197258,
    197267,
    197262,
    197262,
    197267,
    197275,
    197273,
    197267,
    197265,
    197265,
    197264,
    197265,
    197270,
    197273,
    197273,
    197270,
    197271,
    197270,
    197266,
    197271,
    197271
  ],
  "proc-vmstat.pgpgin": [
    682067,
    682163,
    682163,
    682163,
    682163,
    682163,
    682163,
    682163,
    682163,
    682163,
    682163,
    682163,
    682163,
    682163,
    682163,
    682163,
    682163,
    682163,
    682163,
    682163,
    682163,
    682163,
    682163,
    682163,
    682163,
    682163
  ],
  "proc-vmstat.pgpgout": [
    323464,
    323468,
    328088,
    328092,
    328608,
    328612,
    328616,
    329244,
    329248,
    329364,
    329368,
    329380,
    329384,
    329388,
    329448,
    329452,
    329524,
    329528,
    329532,
    329596,
    329600,
    329612,
    329616,
    329620,
    329684,
    329688
  ],
  "proc-vmstat.pgalloc_dma": [
    1,
    1,
    1,
    1,
    1,
    1,
    1,
    1,
    1,
    1,
    1,
    1,
    1,
    1,
    1,
    1,
    1,
    1,
    1,
    1,
    1,
    1,
    1,
    1,
    1,
    1
  ],