{
  "ebizzy.throughput": [
    65201,
    66484,
    66579,
    66587,
    66379
  ],
  "ebizzy.throughput.per_thread.min": [
    3922,
    4080,
    3963,
    3995,
    3956
  ],
  "ebizzy.throughput.per_thread.max": [
    4319,
    4371,
    4585,
    4423,
    4426
  ],
  "ebizzy.throughput.per_thread.stddev_percent": [
    0.17224379102280918,
    0.10961328261043927,
    0.22047286910407596,
    0.20453407930677545,
    0.18866842572379328
  ],
  "ebizzy.time.real": [
    5.0,
    5.0,
    5.0,
    5.0,
    5.0
  ],
  "ebizzy.time.user": [
    9.28,
    9.42,
    9.33,
    9.4,
    9.54
  ],
  "ebizzy.time.sys": [
    30.62,
    30.49,
    30.6,
    30.5,
    30.36
  ]
}