{
  "meminfo.time": [
    1478266029.146625,
    1478266030.1525755,
    1478266031.1665747,
    1478266032.1984203,
    1478266033.229381,
    1478266034.2516356,
    1478266035.2695594,
    1478266036.299399,
    1478266037.332424,
    1478266038.3624125,
    1478266039.3954163,
    1478266040.4194412,
    1478266041.4365823,
    1478266042.4495747,
    1478266043.4773943,
    1478266044.5025797,
    1478266045.5225961,
    1478266046.5434425,
    1478266047.5684729,
    1478266048.5984187,
    1478266049.6414268,
    1478266050.6635566,
    1478266051.6854775,
    1478266052.7204502,
    1478266053.746471,
    1478266054.7754536
  ],
  "meminfo.MemTotal": [
    16317260,
    16317260,
    16317260,
    16317260,
    16317260,
    16317260,
    16317260,
    16317260,
    16317260,
    16317260,
    16317260,
    16317260,
    16317260,
    16317260,
    16317260,
    16317260,
    16317260,
    16317260,
    16317260,
    16317260,
    16317260,
    16317260,
    16317260,
    16317260,
    16317260,
    16317260
  ],
  "meminfo.MemFree": [
    15123008,
    15107956,
    15106384,
    15104540,
    15105280,
    15106164,
    15105608,
    15105996,
    15105640,
    15105764,
    15105448,
    15105744,
    15105624,
    15105376,
    15105732,
    15105732,
    15105128,
    15105560,
    15105712,
    15106072,
    15105552,
    15105648,
    15106092,
    15105972,
    15105420,
    15106080
  ],
  "meminfo.MemAvailable": [
    15845356,
    15830164,
    15828624,
    15826780,
    15827680,
    15828564,
    15828024,
    15828416,
    15828060,
    15828184,
    15827868,
    15828160,
    15828048,
    15827800,
    15828148,
    15828144,
    15827544,
    15827984,
    15828140,
    15828488,
    15827968,
    15828072,
    15828516,
    15828396,
    15827844,
    15828504
  ],
  "meminfo.Buffers": [
    38576,
    38576,
    38584,
    38692,
    38692,
    38704,
    38704,
    38712,
    38712,
    38712,
    38720,
    38720,
    38728,
    38728,
    38728,
    38736,
    38736,
    38744,
    38744,
    38744,
    38752,
    38752,
    38760,
    38760,
    38760,
    38768
  ],
  "meminfo.Cached": [
    845216,
    845180,
    845196,
    845088,
    845204,
    845192,
    845204,
    845204,
    845204,
    845204,
    845196,
    845204,
    845204,
    845204,
    845204,
    845196,
    845204,
    845204,
    845204,
    845204,
    845196,
    845204,
    845196,
    845204,
    845204,
    845196
  ],
  "meminfo.Active": [
    597756,
    611272,
    611916,
    611444,
    612004,
    611844,
    612308,
    611660,
    612180,
    612476,
    612584,
    612048,
    612308,
    613020,
    611456,
    612372,
    612616,
    612164,
    612624,
    612256,
    612204,
    612476,
    613036,
    612852,
    613176,
    612352
  ],
  "meminfo.Inactive": [
    454732,
    454308,
    454264,
    454264,
    454264,
    454264,
    454264,
    454252,
    454252,
    454252,
    454252,
    454252,
    454252,
    454252,
    454252,
    454252,
    454252,
    454252,
    454252,
    454252,
    454248,
    454252,
    454252,
    454252,
    454252,
    454252
  ],
  "meminfo.Active(anon)": [
    171240,
    184516,
    185092,
    184620,
    185064,
    184904,
    185356,
    184688,
    185208,
    185504,
    185612,
    185068,
    185320,
    186032,
    184468,
    185384,
    185620,
    185160,
    185620,
    185252,
    185196,
    185464,
    186024,
    185832,
    186156,
    185332
  ],
  "meminfo.Inactive(anon)": [
    93984,
    93984,
    93984,
    93984,
    93984,
    93984,
    93984,
    93984,
    93984,
    93984,
    93984,
    93984,
    93984,
    93984,
    93984,
    93984,
    93984,
    93984,
    93984,
    93984,
    93984,
    93984,
    93984,
    93984,
    93984,
    93984
  ],
  "meminfo.Active(file)": [
    426516,
    426756,
    426824,
    426824,
    426940,
    426940,
    426952,
    426972,
    426972,
    426972,
    426972,
    426980,
    426988,
    426988,
    426988,
    426988,
    426996,
    427004,
    427004,
    427004,
    427008,
    427012,
    427012,
    427020,
    427020,
    427020
  ],
  "meminfo.Inactive(file)": [
    360748,
    360324,
    360280,
    360280,
    360280,
    360280,
    360280,
    360268,
    360268,
    360268,
    360268,
    360268,
    360268,
    360268,
    360268,
    360268,
    360268,
    360268,
    360268,
    360268,
    360264,
    360268,
    360268,
    360268,
    360268,
    360268
  ],
  "meminfo.Dirty": [
    22748,
    22900,
    22916,
    304,
    0,
    780,
    904,
    916,
    140,
    4,
    8,
    24,
    32,
    32,
    0,
    4,
    20,
    28,
    28,
    0,
    4,
    20,
    28,
    28,
    0,
    4
  ],
  "meminfo.Writeback": [
    0,
    0,
    0,
    12520,
    0,
    0,
    0,
    0,
    0,
    0,
    0,
    0,
    0,
    0,
    0,
    0,
    0,
    0,
    0,
    0,
    0,
    0,
    0,
    0,
    0,
    0
  ],
  "meminfo.AnonPages": [
    168148,
    181860,
    182516,
    181464,
    182272,
    182504,
    182180,
    181888,
    182088,
    182360,
    182092,
    181624,
    182928,
    182716,
    181792,
    182732,
    183164,
    181980,
    183120,
    182556,
    182424,
    182584,
    181916,
    183064,
    182740,
    182796
  ],
  "meminfo.Mapped": [
    252332,
    251756,
    251792,
    251792,
    251792,
    251792,
    251792,
    251792,
    251792,
    251792,
    251792,
    251792,
    251796,
    251796,
    251796,
    251796,
    251796,
    251792,
    251792,
    251792,
    251792,
    251792,
    251792,
    251792,
    251792,
    251792
  ],
  "meminfo.Shmem": [
    96688,
    96688,
    96688,
    96688,
    96688,
    96688,
    96688,
    96688,
    96688,
    96688,
    96688,
    96688,
    96688,
    96688,
    96688,
    96688,
    96688,
    96688,
    96688,
    96688,
    96688,
    96688,
    96688,
    96688,
    96688,
    96688
  ],
  "meminfo.Slab": [
    96568,
    96984,
    96996,
    98752,
    97572,
    97568,
    97572,
    97548,
    97548,
    97548,
    97548,
    97312,
    97344,
    97344,
    97328,
    97216,
    97212,
    97260,
    97264,
    97140,
    97140,
    97140,
    97140,
    97008,
    97008,
    97008
  ],
  "meminfo.SReclaimable": [
    47432,
    47520,
    47532,
    47532,
    47624,
    47620,
    47632,
    47624,
    47624,
    47624,
    47624,
    47600,
    47600,
    47600,
    47584,
    47572,
    47568,
    47568,
    47572,
    47552,
    47552,
    47552,
    47552,
    47532,
    47532,
    47532
  ],
  "meminfo.SUnreclaim": [
    49136,
    49464,
    49464,
    51220,
    49948,
    49948,
    49940,
    49924,
    49924,
    49924,
    49924,
    49712,
    49744,
    49744,
    49744,
    49644,
    49644,
    49692,
    49692,
    49588,
    49588,
    49588,
    49588,
    49476,
    49476,
    49476
  ],
  "meminfo.KernelStack": [
    9872,
    10480,
    10784,
    10784,
    10784,
    10784,
    10784,
    10784,
    10784,
    10784,
    10784,
    10784,
    10784,
    10784,
    10784,
    10784,
    10784,
    10784,
    10784,
    10784,
    10784,
    10800,
    10784,
    10784,
    10784,
    10784
  ],
  "meminfo.PageTables": [
    9844,
    10564,
    10816,
    10812,
    10812,
    10816,
    10816,
    10804,
    10812,
    10808,
    10808,
    10812,
    10816,
    10816,
    10816,
    10816,
    10812,
    10808,
    10812,
    10812,
    10812,
    10808,
    10808,
    10816,
    10816,
    10816
  ],
  "meminfo.CommitLimit": [
    8158628,
    8158628,
    8158628,
    8158628,
    8158628,
    8158628,
    8158628,
    8158628,
    8158628,
    8158628,
    8158628,
    8158628,
    8158628,
    8158628,
    8158628,
    8158628,
    8158628,
    8158628,
    8158628,
    8158628,
    8158628,
    8158628,
    8158628,
    8158628,
    8158628,
    8158628
  ],