{
  "proc-vmstat.time": [
    1478266029.138752,
    1478266030.1402946,
    1478266031.1634626,
    1478266032.1894572,
    1478266033.2224278,
    1478266034.2397268,
    1478266035.261559,
    1478266036.2884398,
    1478266037.309591,
    1478266038.3394494,
    1478266039.367453,
    1478266040.388603,
    1478266041.4074266,
    1478266042.4254653,
    1478266043.4604588,
    1478266044.4874096,
    1478266045.527594,
    1478266046.5513911,
    1478266047.5884957,
    1478266048.6145716,
    1478266049.6454415,
    1478266050.6814275,
    1478266051.7054205,
    1478266052.7295716,
    1478266053.7602777,
    1478266054.8034182
  ],
  "proc-vmstat.nr_free_pages": [
    3780921,
    3777214,
    3776596,
    3776135,
    3776386,
    3776476,
    3776402,
    3776499,
    3776410,
    3776441,
    3776454,
    3776567,
    3776406,
    3776344,
    3776499,
    3776433,
    3776217,
    3776455,
    3776428,
    3776518,
    3776454,
    3776412,
    3776523,
    3776493,
    3776420,
    3776520
  ],
  "proc-vmstat.nr_alloc_batch": [
    685,
    554,
    1004,
    455,
    997,
    90,
    759,
    874,
    328,
    850,
    932,
    272,
    639,
    650,
    466,
    178,
    957,
    599,
    650,
    0,
    707,
    0,
    61,
    42,
    195,
    591
  ],
  "proc-vmstat.nr_inactive_anon": [
    23496,
    23496,
    23496,
    23496,
    23496,
    23496,
    23496,
    23496,
    23496,
    23496,
    23496,
    23496,
    23496,
    23496,
    23496,
    23496,
    23496,
    23496,
    23496,
    23496,
    23496,
    23496,
    23496,
    23496,
    23496,
    23496
  ],
  "proc-vmstat.nr_active_anon": [
    42566,
    46097,
    46224,
    46090,
    46477,
    46421,
    46193,
    46481,
    46302,
    46376,
    46371,
    46397,
    46346,
    46199,
    46199,
    46443,
    46486,
    46258,
    46210,
    46248,
    46332,
    46285,
    46343,
    46458,
    46441,
    46479
  ],
  "proc-vmstat.nr_inactive_file": [
    90187,
    90081,
    90070,
    90070,
    90070,
    90070,
    90070,
    90067,
    90067,
    90067,
    90067,
    90067,
    90067,
    90067,
    90067,
    90067,
    90067,
    90067,
    90067,
    90067,
    90066,
    90067,
    90067,
    90067,
    90067,
    90067
  ],
  "proc-vmstat.nr_active_file": [
    106629,
    106689,
    106706,
    106706,
    106735,
    106735,
    106738,
    106743,
    106743,
    106743,
    106743,
    106745,
    106747,
    106747,
    106747,
    106747,
    106749,
    106751,
    106751,
    106751,
    106752,
    106753,
    106753,
    106755,
    106755,
    106755
  ],
  "proc-vmstat.nr_anon_pages": [
    41777,
    45433,
    45580,
    45366,
    45779,
    45561,
    45399,
    45716,
    45408,
    45362,
    45637,
    45780,
    45520,
    45565,
    45595,
    45650,
    45677,
    45544,
    45585,
    45574,
    45541,
    45646,
    45658,
    45766,
    45831,
    45666
  ],
  "proc-vmstat.nr_mapped": [
    63083,
    63036,
    62948,
    62948,
    62948,
    62948,
    62948,
    62948,
    62948,
    62948,
    62948,
    62948,
    62949,
    62949,
    62949,
    62949,
    62949,
    62948,
    62948,
    62948,
    62948,
    62948,
    62948,
    62948,
    62948,
    62948
  ],
  "proc-vmstat.nr_file_pages": [
    220948,
    220939,
    220945,
    220945,
    220974,
    220974,
    220977,
    220979,
    220979,
    220979,
    220979,
    220981,
    220983,
    220983,
    220983,
    220983,
    220985,
    220987,
    220987,
    220987,
    220987,
    220989,
    220989,
    220991,
    220991,
    220991
  ],
  "proc-vmstat.nr_dirty": [
    5687,
    5725,
    5729,
    76,
    0,
    195,
    226,
    229,
    35,
    1,
    2,
    6,
    8,
    8,
    0,
    1,
    5,
    7,
    7,
    0,
    1,
    5,
    7,
    7,
    0,
    1
  ],
  "proc-vmstat.nr_writeback": [
    0,
    0,
    0,
    3130,
    0,
    0,
    0,
    0,
    0,
    0,
    0,
    0,
    0,
    0,
    0,
    0,
    0,
    0,
    0,
    0,
    0,
    0,
    0,
    0,
    0,
    0
  ],
  "proc-vmstat.nr_slab_reclaimable": [
    11858,
    11880,
    11883,
    11883,
    11906,
    11905,
    11908,
    11906,
    11906,
    11906,
    11906,
    11900,
    11900,
    11900,
    11896,
    11893,
    11892,
    11892,
    11893,
    11888,
    11888,
    11888,
    11888,
    11883,
    11883,
    11883
  ],
  "proc-vmstat.nr_slab_unreclaimable": [
    12284,
    12366,
    12366,
    12805,
    12487,
    12487,
    12485,
    12481,
    12481,
    12481,
    12481,
    12428,
    12436,
    12436,
    12436,
    12411,
    12411,
    12423,
    12423,
    12397,
    12397,
    12397,
    12397,
    12369,
    12369,
    12369
  ],
  "proc-vmstat.nr_page_table_pages": [
    2388,
    2641,
    2704,
    2703,
    2703,
    2704,
    2704,
    2701,
    2703,
    2702,
    2702,
    2703,
    2704,
    2704,
    2704,
    2704,
    2703,
    2702,
    2703,
    2703,
    2703,
    2702,
    2702,
    2704,
    2704,
    2704
  ],
  "proc-vmstat.nr_kernel_stack": [
    617,
    655,
    674,
    674,
    674,
    674,
    674,
    674,
    674,
    674,
    674,
    674,
    674,
    674,
    674,
    674,
    674,
    674,
    674,
    674,
    674,
    675,
    674,
    674,
    674,
    674
  ],
  "proc-vmstat.nr_shmem": [
    24172,
    24172,
    24172,
    24172,
    24172,
    24172,
    24172,
    24172,
    24172,
    24172,
    24172,
    24172,
    24172,
    24172,
    24172,
    24172,
    24172,
    24172,
    24172,
    24172,
    24172,
    24172,
    24172,
    24172,
    24172,
    24172
  ],
  "proc-vmstat.nr_dirtied": [
    571341,
    571384,
    571389,
    571390,
    571391,
    571587,
    571619,
    571623,
    571624,
    571625,
    571627,
    571632,
    571635,
    571636,
    571637,
    571639,
    571644,
    571647,
    571648,
    571649,
    571650,
    571655,
    571658,
    571659,
    571660,
    571662
  ],
  "proc-vmstat.nr_written": [
    557104,
    557105,
    557106,
    559727,
    562837,
    562838,
    562839,
    562840,
    563035,
    563070,
    563071,
    563072,
    563073,
    563074,
    563083,
    563084,
    563085,
    563086,
    563087,
    563095,
    563096,
    563097,
    563098,
    563099,
    563106,
    563107
  ],
  "proc-vmstat.nr_dirty_threshold": [
    789577,
    788827,
    788704,
    788612,
    788668,
    788686,
    788672,
    788692,
    788674,
    788680,
    788683,
    788706,
    788674,
    788662,
    788693,
    788679,
    788637,
    788685,
    788679,
    788697,
    788684,
    788676,
    788699,
    788693,
    788678,
    788698
  ],
  "proc-vmstat.nr_dirty_background_threshold": [
    197394,
    197206,
    197176,
    197153,
    197167,
    197171,
    197168,
    197173,
    197168,
    197170,
    197170,
    197176,
    197168,
    197165,
    197173,
    197169,
    197159,
    197171,
    197169,
    197174,
    197171,
    197169,
    197174,
    197173,
    197169,
    197174
  ],
  "proc-vmstat.pgpgin": [
    649139,
    649139,
    649139,
    649143,
    649143,
    649143,
    649143,
    649143,
    649143,
    649143,
    649143,
    649143,
    649143,
    649143,
    649143,
    649143,
    649143,
    649143,
    649143,
    649143,
    649143,
    649143,
    649143,
    649143,
    649143,
    649143
  ],
  "proc-vmstat.pgpgout": [
    2273820,
    2273824,
    2273856,
    2296060,
    2296064,
    2296980,
    2296984,
    2297016,
    2297912,
    2297916,
    2297948,
    2297952,
    2297984,
    2298000,
    2298004,
    2298036,
    2298040,
    2298072,
    2298088,
    2298092,
    2298124,
    2298128,
    2298164,
    2298180,
    2298184,
    2298216
  ],
  "proc-vmstat.pgalloc_dma": [
    1,
    1,
    1,
    1,
    1,
    1,
    1,
    1,
    1,
    1,
    1,
    1,
    1,
    1,
    1,
    1,
    1,
    1,
    1,
    1,
    1,
    1,
    1,
    1,
    1,
    1
  ],