{
  "diskstats.time": [
    1480655987.539822,
    1480655988.551494,
    1480655989.5582228,
    1480655990.563685,
    1480655991.5665343,
    1480655992.5754337,
    1480655993.5835407,
    1480655994.58817,
    1480655995.595257,
    1480655996.6024215,
    1480655997.609659
  ],
  "diskstats.sda.read_ios": [
    30296,
    30309,
    30312,
    30312,
    30312,
    30313,
    30313,
    30313,
    30313,
    30313,
    30313
  ],
  "diskstats.sda.read_merges": [
    975,
    975,
    975,
    975,
    975,
    975,
    975,
    975,
    975,
    975,
    975
  ],
  "diskstats.sda.read_sectors": [
    1817924,
    1818492,
    1818804,
    1818804,
    1818804,
    1818812,
    1818812,
    1818812,
    1818812,
    1818812,
    1818812
  ],
  "diskstats.sda.read_ticks": [
    309483,
    309741,
    309762,
    309762,
    309762,
    309776,
    309776,
    309776,
    309776,
    309776,
    309776
  ],
  "diskstats.sda.write_ios": [
    21769,
    21803,
    21889,
    21892,
    21893,
    21999,
    22002,
    22004,
    22009,
    22013,
    22038
  ],
  "diskstats.sda.write_merges": [
    22600,
    22613,
    22801,
    22801,
    22801,
    22915,
    22915,
    22930,
    22946,
    22956,
    22960
  ],
  "diskstats.sda.write_sectors": [
    2518825,
    2519161,
    2521265,
    2521281,
    2521289,
    2523401,
    2523425,
    2523561,
    2523729,
    2523841,
    2524073
  ],
  "diskstats.sda.write_ticks": [
    792298,
    792692,
    793740,
    793850,
    793850,
    795120,
    795121,
    795121,
    795236,
    795269,
    795295
  ],
  "diskstats.sda.in_flight": [
    3,
    1,
    2,
    0,
    0,
    0,
    0,
    1,
    0,
    0,
    0
  ],
  "diskstats.sda.io_ticks": [
    213719,
    214096,
    214751,
    214806,
    214806,
    215025,
    215026,
    215041,
    215141,
    215173,
    215175
  ],
  "diskstats.sda.time_in_queue": [
    1101756,
    1102401,
    1103463,
    1103573,
    1103573,
    1104857,
    1104858,
    1104873,
    1104973,
    1105005,
    1105031
  ],
  "diskstats.sda1.read_ios": [
    21,
    21,
    21,
    21,
    21,
    21,
    21,
    21,
    21,
    21,
    21
  ],
  "diskstats.sda1.read_sectors": [
    1128,
    1128,
    1128,
    1128,
    1128,
    1128,
    1128,
    1128,
    1128,
    1128,
    1128
  ],
  "diskstats.sda1.read_ticks": [
    91,
    91,
    91,
    91,
    91,
    91,
    91,
    91,
    91,
    91,
    91
  ],
  "diskstats.sda1.io_ticks": [
    91,
    91,
    91,
    91,
    91,
    91,
    91,
    91,
    91,
    91,
    91
  ],
  "diskstats.sda1.time_in_queue": [
    91,
    91,
    91,
    91,
    91,
    91,
    91,
    91,
    91,
    91,
    91
  ],
  "diskstats.sda2.read_ios": [
    9335,
    9348,
    9348,
    9348,
    9348,
    9349,
    9349,
    9349,
    9349,
    9349,
    9349
  ],
  "diskstats.sda2.read_merges": [
    285,
    285,
    285,
    285,
    285,
    285,
    285,
    285,
    285,
    285,
    285
  ],
  "diskstats.sda2.read_sectors": [
    503042,
    503610,
    503610,
    503610,
    503610,
    503618,
    503618,
    503618,
    503618,
    503618,
    503618
  ],
  "diskstats.sda2.read_ticks": [
    41217,
    41475,
    41475,
    41475,
    41475,
    41489,
    41489,
    41489,
    41489,
    41489,
    41489
  ],
  "diskstats.sda2.write_ios": [
    1884,
    1884,
    1885,
    1886,
    1886,
    1962,
    1962,
    1963,
    1964,
    1964,
    1974
  ],
  "diskstats.sda2.write_merges": [
    7251,
    7251,
    7381,
    7381,
    7381,
    7444,
    7444,
    7459,
    7459,
    7459,
    7461
  ],
  "diskstats.sda2.write_sectors": [
    1077368,
    1077368,
    1078416,
    1078424,
    1078424,
    1079888,
    1079888,
    1080016,
    1080024,
    1080024,
    1080120
  ],
  "diskstats.sda2.write_ticks": [
    323861,
    323861,
    323869,
    323924,
    323924,
    325008,
    325008,
    325008,
    325049,
    325049,
    325064
  ],
  "diskstats.sda2.in_flight": [
    2,
    0,
    1,
    0,
    0,
    0,
    0,
    1,
    0,
    0,
    0
  ],
  "diskstats.sda2.io_ticks": [
    32244,
    32387,
    32395,
    32450,
    32450,
    32519,
    32519,
    32534,
    32560,
    32560,
    32562
  ],
  "diskstats.sda2.time_in_queue": [
    365106,
    365355,
    365363,
    365418,
    365418,
    366516,
    366516,
    366531,
    366557,
    366557,
    366572
  ],
  "diskstats.sda3.read_ios": [
    32,
    32,
    32,
    32,
    32,
    32,
    32,
    32,
    32,
    32,
    32
  ],
  "diskstats.sda3.read_sectors": [
    3840,
    3840,
    3840,
    3840,
    3840,
    3840,
    3840,
    3840,
    3840,
    3840,
    3840
  ],
  "diskstats.sda3.read_ticks": [
    95,
    95,
    95,
    95,
    95,
    95,
    95,
    95,
    95,
    95,
    95
  ],
  "diskstats.sda3.io_ticks": [
    92,
    92,
    92,
    92,
    92,
    92,
    92,
    92,
    92,
    92,
    92
  ],
  "diskstats.sda3.time_in_queue": [
    95,
    95,
    95,
    95,
    95,
    95,
    95,
    95,
    95,
    95,
    95
  ],
  "diskstats.sda4.read_ios": [
    48,
    48,
    48,
    48,
    48,
    48,
    48,
    48,
    48,
    48,
    48
  ],
  "diskstats.sda4.read_sectors": [
    2596,
    2596,
    2596,
    2596,
    2596,
    2596,
    2596,
    2596,
    2596,
    2596,
    2596
  ],
  "diskstats.sda4.read_ticks": [
    296,
    296,
    296,
    296,
    296,
    296,
    296,
    296,
    296,
    296,
    296
  ],
  "diskstats.sda4.write_ios": [
    1,
    1,
    1,
    1,
    1,
    1,
    1,
    1,
    1,
    1,
    1
  ],
  "diskstats.sda4.write_sectors": [
    1,
    1,
    1,
    1,
    1,
    1,
    1,
    1,
    1,
    1,
    1
  ],
  "diskstats.sda4.write_ticks": [
    2493,
    2493,
    2493,
    2493,
    2493,
    2493,
    2493,
    2493,
    2493,
    2493,
    2493
  ],
  "diskstats.sda4.io_ticks": [
    2605,
    2605,
    2605,
    2605,
    2605,
    2605,
    2605,
    2605,
    2605,
    2605,
    2605
  ],
  "diskstats.sda4.time_in_queue": [
    2789,
    2789,
    2789,
    2789,
    2789,
    2789,
    2789,
    2789,
    2789,
    2789,
    2789
  ],
  "diskstats.sda5.read_ios": [
    6055,
    6055,
    6058,
    6058,
    6058,
    6058,
    6058,
    6058,
    6058,
    6058,
    6058
  ],
  "diskstats.sda5.read_merges": [
    96,
    96,
    96,
    96,
    96,
    96,
    96,
    96,
    96,
    96,
    96
  ],
  "diskstats.sda5.read_sectors": [
    562802,
    562802,
    563114,
    563114,
    563114,
    563114,
    563114,
    563114,
    563114,
    563114,
    563114
  ],
  "diskstats.sda5.read_ticks": [
    98181,
    98181,
    98202,
    98202,
    98202,
    98202,
    98202,
    98202,
    98202,
    98202,
    98202
  ],
  "diskstats.sda5.write_ios": [
    143,
    143,
    143,
    143,
    143,
    145,
    145,
    145,
    145,
    145,
    152
  ],
  "diskstats.sda5.write_merges": [
    324,
    324,
    324,
    324,
    324,
    333,
    333,
    333,
    333,
    333,
    335
  ],
  "diskstats.sda5.write_sectors": [
    9520,
    9520,
    9520,
    9520,
    9520,
    9608,
    9608,
    9608,
    9608,
    9608,
    9680
  ],
  "diskstats.sda5.write_ticks": [
    9334,
    9334,
    9334,
    9334,
    9334,
    9352,
    9352,
    9352,
    9352,
    9352,
    9359
  ],
  "diskstats.sda5.io_ticks": [
    39364,
    39364,
    39385,
    39385,
    39385,
    39403,
    39403,
    39403,
    39403,
    39403,
    39404
  ],
  "diskstats.sda5.time_in_queue": [
    107516,
    107516,
    107537,
    107537,
    107537,
    107555,
    107555,
    107555,
    107555,
    107555,
    107562
  ],
  "diskstats.sda6.read_ios": [
    14775,
    14775,
    14775,
    14775,
    14775,
    14775,
    14775,
    14775,
    14775,
    14775,
    14775
  ],
  "diskstats.sda6.read_merges": [
    594,
    594,
    594,
    594,
    594,
    594,
    594,
    594,
    594,
    594,
    594
  ],