{
  "interrupts.time": [
    1480655987.5449622,
    1480655998.1775804
  ],
  "interrupts.CPU0.0:IO-APIC.2-edge.timer": [
    45,
    45
  ],
  "interrupts.0:IO-APIC.2-edge.timer": [
    45,
    45
  ],
  "interrupts.CPU0.1:IO-APIC.1-edge.i8042": [
    150,
    150
  ],
  "interrupts.CPU1.1:IO-APIC.1-edge.i8042": [
    2,
    2
  ],
  "interrupts.CPU2.1:IO-APIC.1-edge.i8042": [
    10,
    10
  ],
  "interrupts.CPU3.1:IO-APIC.1-edge.i8042": [
    2,
    2
  ],
  "interrupts.1:IO-APIC.1-edge.i8042": [
    164,
    164
  ],
  "interrupts.CPU0.7:IO-APIC.7-edge": [
    33,
    33
  ],
  "interrupts.7:IO-APIC.7-edge": [
    33,
    33
  ],
  "interrupts.CPU0.8:IO-APIC.8-edge.rtc0": [
    2,
    2
  ],
  "interrupts.CPU2.8:IO-APIC.8-edge.rtc0": [
    1,
    1
  ],
  "interrupts.CPU3.8:IO-APIC.8-edge.rtc0": [
    1,
    1
  ],
  "interrupts.8:IO-APIC.8-edge.rtc0": [
    4,
    4
  ],
  "interrupts.CPU0.9:IO-APIC.9-fasteoi.acpi": [
    2570,
    2570
  ],
  "interrupts.CPU1.9:IO-APIC.9-fasteoi.acpi": [
    51,
    51
  ],
  "interrupts.CPU2.9:IO-APIC.9-fasteoi.acpi": [
    659,
    659
  ],
  "interrupts.CPU3.9:IO-APIC.9-fasteoi.acpi": [
    54,
    54
  ],
  "interrupts.9:IO-APIC.9-fasteoi.acpi": [
    3334,
    3334
  ],
  "interrupts.CPU0.12:IO-APIC.12-edge.i8042": [
    5016,
    5016
  ],
  "interrupts.CPU1.12:IO-APIC.12-edge.i8042": [
    21,
    21
  ],
  "interrupts.CPU2.12:IO-APIC.12-edge.i8042": [
    159,
    159
  ],
  "interrupts.CPU3.12:IO-APIC.12-edge.i8042": [
    9,
    9
  ],
  "interrupts.12:IO-APIC.12-edge.i8042": [
    5205,
    5205
  ],
  "interrupts.CPU0.120:PCI-MSI.376832-edge.0000:00:17.0": [
    34885,
    35212
  ],
  "interrupts.CPU1.120:PCI-MSI.376832-edge.0000:00:17.0": [
    2556,
    2556
  ],
  "interrupts.CPU2.120:PCI-MSI.376832-edge.0000:00:17.0": [
    14761,
    14761
  ],
  "interrupts.CPU3.120:PCI-MSI.376832-edge.0000:00:17.0": [
    2260,
    2260
  ],
  "interrupts.120:PCI-MSI.376832-edge.0000:00:17.0": [
    54462,
    54789
  ],
  "interrupts.CPU0.121:PCI-MSI.327680-edge.xhci_hcd": [
    2089,
    2089
  ],
  "interrupts.CPU1.121:PCI-MSI.327680-edge.xhci_hcd": [
    13,
    13
  ],
  "interrupts.CPU2.121:PCI-MSI.327680-edge.xhci_hcd": [
    40,
    40
  ],
  "interrupts.CPU3.121:PCI-MSI.327680-edge.xhci_hcd": [
    13,
    13
  ],
  "interrupts.121:PCI-MSI.327680-edge.xhci_hcd": [
    2155,
    2155
  ],
  "interrupts.CPU0.122:PCI-MSI.32768-edge.i915": [
    305941,
    307430
  ],
  "interrupts.CPU1.122:PCI-MSI.32768-edge.i915": [
    9111,
    9111
  ],
  "interrupts.CPU2.122:PCI-MSI.32768-edge.i915": [
    76619,
    76619
  ],
  "interrupts.CPU3.122:PCI-MSI.32768-edge.i915": [
    13452,
    13452
  ],
  "interrupts.122:PCI-MSI.32768-edge.i915": [
    405123,
    406612
  ],
  "interrupts.CPU0.123:PCI-MSI.514048-edge.snd_hda_intel": [
    203,
    203
  ],
  "interrupts.CPU1.123:PCI-MSI.514048-edge.snd_hda_intel": [
    57,
    57
  ],
  "interrupts.CPU2.123:PCI-MSI.514048-edge.snd_hda_intel": [
    243,
    243
  ],
  "interrupts.CPU3.123:PCI-MSI.514048-edge.snd_hda_intel": [
    649,
    649
  ],
  "interrupts.123:PCI-MSI.514048-edge.snd_hda_intel": [
    1152,
    1152
  ],
  "interrupts.CPU0.124:PCI-MSI.524288-edge": [
    4,
    4
  ],
  "interrupts.CPU1.124:PCI-MSI.524288-edge": [
    6,
    6
  ],
  "interrupts.CPU2.124:PCI-MSI.524288-edge": [
    9,
    9
  ],
  "interrupts.CPU3.124:PCI-MSI.524288-edge": [
    7,
    7
  ],
  "interrupts.124:PCI-MSI.524288-edge": [
    26,
    26
  ],
  "interrupts.CPU0.125:PCI-MSI.1048576-edge.iwlwifi": [
    6,
    6
  ],
  "interrupts.CPU1.125:PCI-MSI.1048576-edge.iwlwifi": [
    1,
    1
  ],
  "interrupts.CPU2.125:PCI-MSI.1048576-edge.iwlwifi": [
    19,
    19
  ],
  "interrupts.CPU3.125:PCI-MSI.1048576-edge.iwlwifi": [
    1,
    1
  ],
  "interrupts.125:PCI-MSI.1048576-edge.iwlwifi": [
    27,
    27
  ],
  "interrupts.CPU0.126:PCI-MSI.1572864-edge.rtsx_pci": [
    47,
    47
  ],
  "interrupts.CPU1.126:PCI-MSI.1572864-edge.rtsx_pci": [
    3,
    3
  ],
  "interrupts.CPU2.126:PCI-MSI.1572864-edge.rtsx_pci": [
    3,
    3
  ],
  "interrupts.126:PCI-MSI.1572864-edge.rtsx_pci": [
    53,
    53
  ],
  "interrupts.CPU0.127:PCI-MSI.1574912-edge.eth0": [
    507882,
    508097
  ],
  "interrupts.CPU1.127:PCI-MSI.1574912-edge.eth0": [
    44,
    44
  ],
  "interrupts.CPU2.127:PCI-MSI.1574912-edge.eth0": [
    429,
    429
  ],
  "interrupts.CPU3.127:PCI-MSI.1574912-edge.eth0": [
    51,
    51
  ],
  "interrupts.127:PCI-MSI.1574912-edge.eth0": [
    508406,
    508621
  ],
  "interrupts.CPU0.NMI:Non-maskable_interrupts": [
    2,
    2
  ],
  "interrupts.CPU1.NMI:Non-maskable_interrupts": [
    6,
    6
  ],
  "interrupts.CPU2.NMI:Non-maskable_interrupts": [
    4,
    4
  ],
  "interrupts.CPU3.NMI:Non-maskable_interrupts": [
    3,
    3
  ],
  "interrupts.NMI:Non-maskable_interrupts": [
    15,
    15
  ],
  "interrupts.CPU0.LOC:Local_timer_interrupts": [
    1282413,
    1286695
  ],
  "interrupts.CPU1.LOC:Local_timer_interrupts": [
    1187060,
    1192030
  ],
  "interrupts.CPU2.LOC:Local_timer_interrupts": [
    799679,
    802970
  ],
  "interrupts.CPU3.LOC:Local_timer_interrupts": [
    780768,
    784049
  ],
  "interrupts.LOC:Local_timer_interrupts": [
    4049920,
    4065744
  ],
  "interrupts.CPU0.PMI:Performance_monitoring_interrupts": [
    2,
    2
  ],
  "interrupts.CPU1.PMI:Performance_monitoring_interrupts": [
    6,
    6
  ],
  "interrupts.CPU2.PMI:Performance_monitoring_interrupts": [
    4,
    4
  ],
  "interrupts.CPU3.PMI:Performance_monitoring_interrupts": [
    3,
    3
  ],
  "interrupts.PMI:Performance_monitoring_interrupts": [
    15,
    15
  ],
  "interrupts.CPU0.RTR:APIC_ICR_read_retries": [
    12,
    12
  ],
  "interrupts.RTR:APIC_ICR_read_retries": [
    12,
    12
  ],
  "interrupts.CPU0.RES:Rescheduling_interrupts": [
    35105,
    35242
  ],
  "interrupts.CPU1.RES:Rescheduling_interrupts": [
    36353,
    36514
  ],
  "interrupts.CPU2.RES:Rescheduling_interrupts": [
    28213,
    28307
  ],
  "interrupts.CPU3.RES:Rescheduling_interrupts": [
    21449,
    21546
  ],
  "interrupts.RES:Rescheduling_interrupts": [
    121120,
    121609
  ],
  "interrupts.CPU0.CAL:Function_call_interrupts": [
    104009,
    104168
  ],
  "interrupts.CPU1.CAL:Function_call_interrupts": [
    101710,
    101822
  ],
  "interrupts.CPU2.CAL:Function_call_interrupts": [
    107924,
    108114
  ],
  "interrupts.CPU3.CAL:Function_call_interrupts": [
    94739,
    94951
  ],
  "interrupts.CAL:Function_call_interrupts": [
    408382,
    409055
  ],
  "interrupts.CPU0.TLB:TLB_shootdowns": [
    10811,
    10942
  ],
  "interrupts.CPU1.TLB:TLB_shootdowns": [
    10076,
    10278
  ],
  "interrupts.CPU2.TLB:TLB_shootdowns": [
    10830,
    11007
  ],
  "interrupts.CPU3.TLB:TLB_shootdowns": [
    10455,
    10635
  ],
  "interrupts.TLB:TLB_shootdowns": [
    42172,
    42862
  ],
  "interrupts.CPU0.MCP:Machine_check_polls": [
    31,
    31
  ],
  "interrupts.CPU1.MCP:Machine_check_polls": [
    30,
    30
  ],
  "interrupts.CPU2.MCP:Machine_check_polls": [
    30,
    30
  ],
  "interrupts.CPU3.MCP:Machine_check_polls": [
    30,
    30
  ],
  "interrupts.MCP:Machine_check_polls": [
    121,
    121
  ],
  "interrupts.ERR": [
    33,
    33
  ]
}