{
  "meminfo.time": [
    1480655987.544421,
    1480655988.5557551,
    1480655989.5607347,
    1480655990.5640948,
    1480655991.5694742,
    1480655992.5770001,
    1480655993.5845227,
    1480655994.5889707,
    1480655995.5991294,
    1480655996.606191,
    1480655997.6131752
  ],
  "meminfo.MemTotal": [
    8091280,
    8091280,
    8091280,
    8091280,
    8091280,
    8091280,
    8091280,
    8091280,
    8091280,
    8091280,
    8091280
  ],
  "meminfo.MemFree": [
    4909272,
    4906072,
    4883728,
    4883948,
    4883004,
    4925392,
    4924140,
    4924344,
    4924552,
    4923964,
    4924048
  ],
  "meminfo.MemAvailable": [
    7287492,
    7285084,
    7263132,
    7263500,
    7262556,
    7305112,
    7303736,
    7303940,
    7304156,
    7303576,
    7303648
  ],
  "meminfo.Buffers": [
    45264,
    45292,
    45392,
    45392,
    45392,
    45428,
    45428,
    45436,
    45444,
    45452,
    45452
  ],
  "meminfo.Cached": [
    2552324,
    2553220,
    2560512,
    2560268,
    2560268,
    2540072,
    2542524,
    2542696,
    2542696,
    2542696,
    2542704
  ],
  "meminfo.Active": [
    1451156,
    1454964,
    1476172,
    1476488,
    1478164,
    1456888,
    1457144,
    1456888,
    1457012,
    1456956,
    1457200
  ],
  "meminfo.Inactive": [
    1554740,
    1554792,
    1551692,
    1551732,
    1551732,
    1531528,
    1532768,
    1533060,
    1533060,
    1533060,
    1533060
  ],
  "meminfo.Active(anon)": [
    415840,
    419100,
    430408,
    430408,
    432084,
    409812,
    409928,
    409664,
    409780,
    409716,
    409952
  ],
  "meminfo.Inactive(anon)": [
    178516,
    178516,
    184976,
    185236,
    185236,
    165868,
    167360,
    167660,
    167660,
    167660,
    167660
  ],
  "meminfo.Active(file)": [
    1035316,
    1035864,
    1045764,
    1046080,
    1046080,
    1047076,
    1047216,
    1047224,
    1047232,
    1047240,
    1047248
  ],
  "meminfo.Inactive(file)": [
    1376224,
    1376276,
    1366716,
    1366496,
    1366496,
    1365660,
    1365408,
    1365400,
    1365400,
    1365400,
    1365400
  ],
  "meminfo.Dirty": [
    40,
    276,
    308,
    856,
    856,
    144,
    84,
    84,
    136,
    160,
    160
  ],
  "meminfo.AnonPages": [
    408320,
    411236,
    422572,
    422716,
    424220,
    401952,
    402064,
    401804,
    401916,
    401852,
    401768
  ],
  "meminfo.Mapped": [
    379240,
    381748,
    390572,
    390380,
    390376,
    382048,
    385956,
    386132,
    386160,
    386132,
    386132
  ],
  "meminfo.Shmem": [
    186380,
    186380,
    193440,
    193100,
    193100,
    172928,
    175344,
    175524,
    175524,
    175524,
    175524
  ],
  "meminfo.Slab": [
    116516,
    117300,
    117776,
    117872,
    117884,
    117916,
    117788,
    117792,
    117796,
    117796,
    117712
  ],
  "meminfo.SReclaimable": [
    81328,
    81520,
    81572,
    81624,
    81624,
    81632,
    81620,
    81620,
    81620,
    81620,
    81600
  ],
  "meminfo.SUnreclaim": [
    35188,
    35780,
    36204,
    36248,
    36260,
    36284,
    36168,
    36172,
    36176,
    36176,
    36112
  ],
  "meminfo.KernelStack": [
    13776,
    14352,
    14976,
    14880,
    14880,
    14864,
    14592,
    14592,
    14576,
    14576,
    14576
  ],
  "meminfo.PageTables": [
    17716,
    17428,
    18340,
    18260,
    18260,
    17528,
    17580,
    17596,
    17588,
    17592,
    17592
  ],
  "meminfo.CommitLimit": [
    4045640,
    4045640,
    4045640,
    4045640,
    4045640,
    4045640,
    4045640,
    4045640,
    4045640,
    4045640,
    4045640
  ],
  "meminfo.Committed_AS": [
    41058012,
    41068716,
    42348972,
    42348936,
    42339740,
    41001696,
    40998744,
    41004424,
    41010488,
    40996844,
    41011392
  ],
  "meminfo.VmallocTotal": [
    34359738367,
    34359738367,
    34359738367,
    34359738367,
    34359738367,
    34359738367,
    34359738367,
    34359738367,
    34359738367,
    34359738367,
    34359738367
  ],
  "meminfo.DirectMap4k": [
    32940,
    32940,
    34988,
    34988,
    34988,
    34988,
    34988,
    34988,
    34988,
    34988,
    34988
  ],
  "meminfo.DirectMap2M": [
    1974272,
    1974272,
    1972224,
    1972224,
    1972224,
    1972224,
    1972224,
    1972224,
    1972224,
    1972224,
    1972224
  ],
  "meminfo.DirectMap1G": [
    7340032,
    7340032,
    7340032,
    7340032,
    7340032,
    7340032,
    7340032,
    7340032,
    7340032,
    7340032,
    7340032
  ]
}