{
  "proc-vmstat.time": [
    1480655987.5389094,
    1480655988.5451713,
    1480655989.55294,
    1480655990.5563908,
    1480655991.5584247,
    1480655992.5629745,
    1480655993.5696523,
    1480655994.574426,
    1480655995.5819683,
    1480655996.5893857,
    1480655997.5971816
  ],
  "proc-vmstat.nr_free_pages": [
    1227289,
    1226627,
    1220915,
    1220796,
    1220825,
    1229752,
    1231082,
    1231049,
    1231177,
    1230991,
    1231057
  ],
  "proc-vmstat.nr_alloc_batch": [
    489,
    513,
    366,
    261,
    538,
    0,
    624,
    18,
    132,
    365,
    237
  ],
  "proc-vmstat.nr_inactive_anon": [
    44629,
    44629,
    46244,
    46309,
    46309,
    42974,
    41840,
    41915,
    41915,
    41915,
    41915
  ],
  "proc-vmstat.nr_active_anon": [
    104003,
    104732,
    107639,
    107762,
    107707,
    102453,
    102445,
    102367,
    102402,
    102515,
    102408
  ],
  "proc-vmstat.nr_inactive_file": [
    344056,
    344069,
    341679,
    341624,
    341624,
    341415,
    341352,
    341350,
    341350,
    341350,
    341350
  ],
  "proc-vmstat.nr_active_file": [
    258829,
    258966,
    261441,
    261520,
    261520,
    261769,
    261804,
    261806,
    261808,
    261810,
    261812
  ],
  "proc-vmstat.nr_anon_pages": [
    102006,
    102766,
    105729,
    105753,
    105741,
    100488,
    100516,
    100365,
    100436,
    100506,
    100442
  ],
  "proc-vmstat.nr_mapped": [
    94874,
    95437,
    97588,
    97595,
    97594,
    95512,
    96489,
    96533,
    96540,
    96533,
    96533
  ],
  "proc-vmstat.nr_file_pages": [
    649397,
    649628,
    651476,
    651415,
    651415,
    647894,
    646988,
    647033,
    647035,
    647037,
    647039
  ],
  "proc-vmstat.nr_dirty": [
    10,
    69,
    77,
    214,
    214,
    36,
    21,
    21,
    34,
    40,
    40
  ],
  "proc-vmstat.nr_slab_reclaimable": [
    20332,
    20380,
    20393,
    20406,
    20406,
    20408,
    20405,
    20405,
    20405,
    20405,
    20400
  ],
  "proc-vmstat.nr_slab_unreclaimable": [
    8797,
    8945,
    9051,
    9062,
    9065,
    9071,
    9042,
    9043,
    9044,
    9044,
    9028
  ],
  "proc-vmstat.nr_page_table_pages": [
    4484,
    4357,
    4585,
    4565,
    4565,
    4382,
    4395,
    4399,
    4397,
    4398,
    4398
  ],
  "proc-vmstat.nr_kernel_stack": [
    861,
    897,
    936,
    930,
    930,
    929,
    912,
    912,
    911,
    911,
    911
  ],
  "proc-vmstat.nr_shmem": [
    46595,
    46595,
    48360,
    48275,
    48275,
    44751,
    43836,
    43881,
    43881,
    43881,
    43881
  ],
  "proc-vmstat.nr_dirtied": [
    299465,
    299550,
    299580,
    299766,
    299767,
    299774,
    299801,
    299802,
    299816,
    299824,
    299826
  ],
  "proc-vmstat.nr_written": [
    297409,
    297435,
    297457,
    297506,
    297507,
    297692,
    297734,
    297735,
    297736,
    297738,
    297740
  ],
  "proc-vmstat.nr_dirty_threshold": [
    362128,
    362026,
    360900,
    360881,
    360887,
    362680,
    362941,
    362934,
    362960,
    362923,
    362937
  ],
  "proc-vmstat.nr_dirty_background_threshold": [
    90532,
    90506,
    90225,
    90220,
    90221,
    90670,
    90735,
    90733,
    90740,
    90730,
    90734
  ],
  "proc-vmstat.pgpgin": [
    911306,
    911558,
    911714,
    911714,
    911714,
    911718,
    911718,
    911718,
    911718,
    911718,
    911718
  ],
  "proc-vmstat.pgpgout": [
    1259412,
    1259580,
    1260628,
    1260640,
    1260644,
    1261700,
    1261712,
    1261784,
    1261864,
    1261920,
    1262036
  ],
  "proc-vmstat.pgalloc_dma32": [
    1166935,
    1169208,
    1178275,
    1187844,
    1197370,
    1205699,
    1206714,
    1207193,
    1207533,
    1207999,
    1208546
  ],
  "proc-vmstat.pgalloc_normal": [
    2393541,
    2398068,
    2415894,
    2434952,
    2453589,
    2469872,
    2472082,
    2473011,
    2474085,
    2475031,
    2476186
  ],
  "proc-vmstat.pgfree": [
    4788695,
    4794556,
    4816461,
    4845029,
    4873205,
    4906773,
    4910874,
    4912350,
    4913748,
    4915160,
    4916811
  ],
  "proc-vmstat.pgactivate": [
    234764,
    234804,
    237291,
    237292,
    237293,
    237567,
    237570,
    237571,
    237572,
    237573,
    237575
  ],
  "proc-vmstat.pgfault": [
    3772675,
    3781237,
    3824945,
    3853818,
    3882202,
    3908144,
    3911646,
    3913337,
    3915032,
    3916739,
    3918736
  ],
  "proc-vmstat.pgmajfault": [
    5054,
    5060,
    5062,
    5062,
    5062,
    5062,
    5062,
    5062,
    5062,
    5062,
    5062
  ],
  "proc-vmstat.pageoutrun": [
    1,
    1,
    1,
    1,
    1,
    1,
    1,
    1,
    1,
    1,
    1
  ],
  "proc-vmstat.pgrotated": [
    5,
    5,
    5,
    5,
    5,
    5,
    5,
    5,
    5,
    5,
    5
  ]
}