{
  "diskstats.time": [
    1479401782.4136477,
    1479401783.4167655,
    1479401784.4212406,
    1479401785.4257715,
    1479401786.4301865,
    1479401787.4349074,
    1479401788.4395614,
    1479401789.4443026,
    1479401790.4488997,
    1479401791.4536414,
    1479401792.4582665,
    1479401793.4619882
  ],
  "diskstats.sda.read_ios": [
    20743,
    20809,
    20848,
    20848,
    20848,
    20848,
    20848,
    20848,
    20848,
    20848,
    20848,
    20848
  ],
  "diskstats.sda.read_merges": [
    343,
    343,
    343,
    343,
    343,
    343,
    343,
    343,
    343,
    343,
    343,
    343
  ],
  "diskstats.sda.read_sectors": [
    1301526,
    1305542,
    1312758,
    1312758,
    1312758,
    1312758,
    1312758,
    1312758,
    1312758,
    1312758,
    1312758,
    1312758
  ],
  "diskstats.sda.read_ticks": [
    149503,
    149911,
    150110,
    150110,
    150110,
    150110,
    150110,
    150110,
    150110,
    150110,
    150110,
    150110
  ],
  "diskstats.sda.write_ios": [
    2939,
    2940,
    2989,
    2992,
    2995,
    2996,
    2997,
    3088,
    3091,
    3094,
    3095,
    3096
  ],
  "diskstats.sda.write_merges": [
    10751,
    10751,
    10768,
    10777,
    10907,
    10907,
    10907,
    10957,
    10962,
    10978,
    10978,
    10978
  ],
  "diskstats.sda.write_sectors": [
    878984,
    878992,
    885784,
    885880,
    886944,
    886952,
    886960,
    888296,
    888360,
    888512,
    888520,
    888528
  ],
  "diskstats.sda.write_ticks": [
    323895,
    323895,
    324156,
    324209,
    324231,
    324231,
    324231,
    325803,
    325833,
    325854,
    325855,
    325855
  ],
  "diskstats.sda.in_flight": [
    0,
    1,
    0,
    0,
    0,
    0,
    0,
    0,
    0,
    0,
    0,
    0
  ],
  "diskstats.sda.io_ticks": [
    47135,
    47263,
    47453,
    47489,
    47511,
    47511,
    47511,
    47541,
    47556,
    47577,
    47578,
    47578
  ],
  "diskstats.sda.time_in_queue": [
    473617,
    474034,
    474485,
    474538,
    474560,
    474560,
    474560,
    476132,
    476162,
    476183,
    476184,
    476184
  ],
  "diskstats.sda1.read_ios": [
    15,
    15,
    15,
    15,
    15,
    15,
    15,
    15,
    15,
    15,
    15,
    15
  ],
  "diskstats.sda1.read_sectors": [
    19,
    19,
    19,
    19,
    19,
    19,
    19,
    19,
    19,
    19,
    19,
    19
  ],
  "diskstats.sda1.read_ticks": [
    64,
    64,
    64,
    64,
    64,
    64,
    64,
    64,
    64,
    64,
    64,
    64
  ],
  "diskstats.sda1.io_ticks": [
    37,
    37,
    37,
    37,
    37,
    37,
    37,
    37,
    37,
    37,
    37,
    37
  ],
  "diskstats.sda1.time_in_queue": [
    64,
    64,
    64,
    64,
    64,
    64,
    64,
    64,
    64,
    64,
    64,
    64
  ],
  "diskstats.sda2.read_ios": [
    12241,
    12307,
    12311,
    12311,
    12311,
    12311,
    12311,
    12311,
    12311,
    12311,
    12311,
    12311
  ],
  "diskstats.sda2.read_merges": [
    174,
    174,
    174,
    174,
    174,
    174,
    174,
    174,
    174,
    174,
    174,
    174
  ],
  "diskstats.sda2.read_sectors": [
    522612,
    526628,
    526804,
    526804,
    526804,
    526804,
    526804,
    526804,
    526804,
    526804,
    526804,
    526804
  ],
  "diskstats.sda2.read_ticks": [
    59687,
    60095,
    60119,
    60119,
    60119,
    60119,
    60119,
    60119,
    60119,
    60119,
    60119,
    60119
  ],
  "diskstats.sda2.write_ios": [
    1666,
    1666,
    1711,
    1711,
    1713,
    1713,
    1713,
    1799,
    1799,
    1801,
    1801,
    1801
  ],
  "diskstats.sda2.write_merges": [
    9634,
    9634,
    9651,
    9651,
    9781,
    9781,
    9781,
    9831,
    9831,
    9847,
    9847,
    9847
  ],
  "diskstats.sda2.write_sectors": [
    840112,
    840112,
    846880,
    846880,
    847936,
    847936,
    847936,
    849232,
    849232,
    849376,
    849376,
    849376
  ],
  "diskstats.sda2.write_ticks": [
    265793,
    265793,
    266039,
    266039,
    266060,
    266060,
    266060,
    267599,
    267599,
    267620,
    267620,
    267620
  ],
  "diskstats.sda2.in_flight": [
    0,
    1,
    0,
    0,
    0,
    0,
    0,
    0,
    0,
    0,
    0,
    0
  ],
  "diskstats.sda2.io_ticks": [
    22323,
    22451,
    22508,
    22508,
    22529,
    22529,
    22529,
    22559,
    22559,
    22580,
    22580,
    22580
  ],
  "diskstats.sda2.time_in_queue": [
    325589,
    326006,
    326267,
    326267,
    326288,
    326288,
    326288,
    327827,
    327827,
    327848,
    327848,
    327848
  ],
  "diskstats.sda3.read_ios": [
    98,
    98,
    98,
    98,
    98,
    98,
    98,
    98,
    98,
    98,
    98,
    98
  ],
  "diskstats.sda3.read_sectors": [
    222,
    222,
    222,
    222,
    222,
    222,
    222,
    222,
    222,
    222,
    222,
    222
  ],
  "diskstats.sda3.read_ticks": [
    26,
    26,
    26,
    26,
    26,
    26,
    26,
    26,
    26,
    26,
    26,
    26
  ],
  "diskstats.sda3.io_ticks": [
    26,
    26,
    26,
    26,
    26,
    26,
    26,
    26,
    26,
    26,
    26,
    26
  ],
  "diskstats.sda3.time_in_queue": [
    26,
    26,
    26,
    26,
    26,
    26,
    26,
    26,
    26,
    26,
    26,
    26
  ],
  "diskstats.sda40.read_ios": [
    8282,
    8282,
    8317,
    8317,
    8317,
    8317,
    8317,
    8317,
    8317,
    8317,
    8317,
    8317
  ],
  "diskstats.sda40.read_merges": [
    169,
    169,
    169,
    169,
    169,
    169,
    169,
    169,
    169,
    169,
    169,
    169
  ],
  "diskstats.sda40.read_sectors": [
    778372,
    778372,
    785412,
    785412,
    785412,
    785412,
    785412,
    785412,
    785412,
    785412,
    785412,
    785412
  ],
  "diskstats.sda40.read_ticks": [
    89666,
    89666,
    89841,
    89841,
    89841,
    89841,
    89841,
    89841,
    89841,
    89841,
    89841,
    89841
  ],
  "diskstats.sda40.write_ios": [
    1212,
    1213,
    1216,
    1219,
    1220,
    1221,
    1222,
    1227,
    1230,
    1231,
    1232,
    1233
  ],
  "diskstats.sda40.write_merges": [
    1117,
    1117,
    1117,
    1126,
    1126,
    1126,
    1126,
    1126,
    1131,
    1131,
    1131,
    1131
  ],
  "diskstats.sda40.write_sectors": [
    38872,
    38880,
    38904,
    39000,
    39008,
    39016,
    39024,
    39064,
    39128,
    39136,
    39144,
    39152
  ],
  "diskstats.sda40.write_ticks": [
    57940,
    57940,
    57954,
    58007,
    58008,
    58008,
    58008,
    58041,
    58071,
    58071,
    58072,
    58072
  ],
  "diskstats.sda40.io_ticks": [
    28872,
    28872,
    29042,
    29078,
    29079,
    29079,
    29079,
    29103,
    29118,
    29118,
    29119,
    29119
  ],
  "diskstats.sda40.time_in_queue": [
    147604,
    147604,
    147793,
    147846,
    147847,
    147847,
    147847,
    147880,
    147910,
    147910,
    147911,
    147911
  ]
}