{
  "interrupts.time": [
    1479482040.0388103,
    1479482051.4093223
  ],
  "interrupts.CPU0.0:IO-APIC.2-edge.timer": [
    37,
    37
  ],
  "interrupts.0:IO-APIC.2-edge.timer": [
    37,
    37
  ],
  "interrupts.CPU0.1:IO-APIC.1-edge.i8042": [
    1,
    1
  ],
  "interrupts.CPU6.1:IO-APIC.1-edge.i8042": [
    1,
    1
  ],
  "interrupts.1:IO-APIC.1-edge.i8042": [
    2,
    2
  ],
  "interrupts.CPU0.8:IO-APIC.8-edge.rtc0": [
    1,
    1
  ],
  "interrupts.8:IO-APIC.8-edge.rtc0": [
    1,
    1
  ],
  "interrupts.CPU0.9:IO-APIC.9-fasteoi.acpi": [
    2,
    2
  ],
  "interrupts.CPU4.9:IO-APIC.9-fasteoi.acpi": [
    1,
    1
  ],
  "interrupts.9:IO-APIC.9-fasteoi.acpi": [
    3,
    3
  ],
  "interrupts.CPU3.12:IO-APIC.12-edge.i8042": [
    1,
    1
  ],
  "interrupts.CPU5.12:IO-APIC.12-edge.i8042": [
    1,
    1
  ],
  "interrupts.CPU6.12:IO-APIC.12-edge.i8042": [
    2,
    2
  ],
  "interrupts.12:IO-APIC.12-edge.i8042": [
    4,
    4
  ],
  "interrupts.CPU0.120:PCI-MSI.376832-edge.0000:00:17.0": [
    26439,
    26528
  ],
  "interrupts.CPU1.120:PCI-MSI.376832-edge.0000:00:17.0": [
    3254,
    3259
  ],
  "interrupts.CPU2.120:PCI-MSI.376832-edge.0000:00:17.0": [
    2085,
    2090
  ],
  "interrupts.CPU3.120:PCI-MSI.376832-edge.0000:00:17.0": [
    1332,
    1337
  ],
  "interrupts.CPU4.120:PCI-MSI.376832-edge.0000:00:17.0": [
    11315,
    11361
  ],
  "interrupts.CPU5.120:PCI-MSI.376832-edge.0000:00:17.0": [
    5038,
    5042
  ],
  "interrupts.CPU6.120:PCI-MSI.376832-edge.0000:00:17.0": [
    5252,
    5257
  ],
  "interrupts.CPU7.120:PCI-MSI.376832-edge.0000:00:17.0": [
    1931,
    1946
  ],
  "interrupts.120:PCI-MSI.376832-edge.0000:00:17.0": [
    56646,
    56820
  ],
  "interrupts.CPU0.121:PCI-MSI.327680-edge.xhci_hcd": [
    205,
    205
  ],
  "interrupts.CPU1.121:PCI-MSI.327680-edge.xhci_hcd": [
    18,
    18
  ],
  "interrupts.CPU2.121:PCI-MSI.327680-edge.xhci_hcd": [
    3,
    3
  ],
  "interrupts.CPU3.121:PCI-MSI.327680-edge.xhci_hcd": [
    7,
    7
  ],
  "interrupts.CPU4.121:PCI-MSI.327680-edge.xhci_hcd": [
    29,
    29
  ],
  "interrupts.CPU5.121:PCI-MSI.327680-edge.xhci_hcd": [
    11,
    11
  ],
  "interrupts.CPU6.121:PCI-MSI.327680-edge.xhci_hcd": [
    23,
    23
  ],
  "interrupts.CPU7.121:PCI-MSI.327680-edge.xhci_hcd": [
    13,
    13
  ],
  "interrupts.121:PCI-MSI.327680-edge.xhci_hcd": [
    309,
    309
  ],
  "interrupts.CPU0.122:PCI-MSI.32768-edge.i915": [
    5972,
    6444
  ],
  "interrupts.CPU1.122:PCI-MSI.32768-edge.i915": [
    1614,
    1816
  ],
  "interrupts.CPU2.122:PCI-MSI.32768-edge.i915": [
    1240,
    1375
  ],
  "interrupts.CPU3.122:PCI-MSI.32768-edge.i915": [
    721,
    733
  ],
  "interrupts.CPU4.122:PCI-MSI.32768-edge.i915": [
    2207,
    2277
  ],
  "interrupts.CPU5.122:PCI-MSI.32768-edge.i915": [
    1495,
    1527
  ],
  "interrupts.CPU6.122:PCI-MSI.32768-edge.i915": [
    929,
    951
  ],
  "interrupts.CPU7.122:PCI-MSI.32768-edge.i915": [
    579,
    619
  ],
  "interrupts.122:PCI-MSI.32768-edge.i915": [
    14757,
    15742
  ],
  "interrupts.CPU0.123:PCI-MSI.514048-edge.snd_hda_intel": [
    9,
    9
  ],
  "interrupts.CPU1.123:PCI-MSI.514048-edge.snd_hda_intel": [
    7,
    7
  ],
  "interrupts.CPU2.123:PCI-MSI.514048-edge.snd_hda_intel": [
    1,
    1
  ],
  "interrupts.CPU3.123:PCI-MSI.514048-edge.snd_hda_intel": [
    5,
    5
  ],
  "interrupts.CPU4.123:PCI-MSI.514048-edge.snd_hda_intel": [
    510,
    510
  ],
  "interrupts.CPU5.123:PCI-MSI.514048-edge.snd_hda_intel": [
    444,
    444
  ],
  "interrupts.CPU6.123:PCI-MSI.514048-edge.snd_hda_intel": [
    1,
    1
  ],
  "interrupts.CPU7.123:PCI-MSI.514048-edge.snd_hda_intel": [
    60,
    60
  ],
  "interrupts.123:PCI-MSI.514048-edge.snd_hda_intel": [
    1037,
    1037
  ],
  "interrupts.CPU0.124:PCI-MSI.2097152-edge.eth0": [
    45861,
    45920
  ],
  "interrupts.CPU1.124:PCI-MSI.2097152-edge.eth0": [
    6883,
    6912
  ],
  "interrupts.CPU2.124:PCI-MSI.2097152-edge.eth0": [
    5784,
    5798
  ],
  "interrupts.CPU3.124:PCI-MSI.2097152-edge.eth0": [
    4343,
    4352
  ],
  "interrupts.CPU4.124:PCI-MSI.2097152-edge.eth0": [
    25306,
    25322
  ],
  "interrupts.CPU5.124:PCI-MSI.2097152-edge.eth0": [
    5054,
    5059
  ],
  "interrupts.CPU6.124:PCI-MSI.2097152-edge.eth0": [
    4927,
    4934
  ],
  "interrupts.CPU7.124:PCI-MSI.2097152-edge.eth0": [
    3952,
    3956
  ],
  "interrupts.124:PCI-MSI.2097152-edge.eth0": [
    102110,
    102253
  ],
  "interrupts.CPU0.NMI:Non-maskable_interrupts": [
    6,
    6
  ],
  "interrupts.CPU1.NMI:Non-maskable_interrupts": [
    8,
    8
  ],
  "interrupts.CPU2.NMI:Non-maskable_interrupts": [
    8,
    8
  ],
  "interrupts.CPU3.NMI:Non-maskable_interrupts": [
    7,
    8
  ],
  "interrupts.CPU4.NMI:Non-maskable_interrupts": [
    7,
    7
  ],
  "interrupts.CPU5.NMI:Non-maskable_interrupts": [
    7,
    7
  ],
  "interrupts.CPU6.NMI:Non-maskable_interrupts": [
    5,
    5
  ],
  "interrupts.CPU7.NMI:Non-maskable_interrupts": [
    7,
    7
  ],
  "interrupts.NMI:Non-maskable_interrupts": [
    55,
    56
  ],
  "interrupts.CPU0.LOC:Local_timer_interrupts": [
    362602,
    364674
  ],
  "interrupts.CPU1.LOC:Local_timer_interrupts": [
    388137,
    390434
  ],
  "interrupts.CPU2.LOC:Local_timer_interrupts": [
    385151,
    387653
  ],
  "interrupts.CPU3.LOC:Local_timer_interrupts": [
    472021,
    475377
  ],
  "interrupts.CPU4.LOC:Local_timer_interrupts": [
    216508,
    218077
  ],
  "interrupts.CPU5.LOC:Local_timer_interrupts": [
    259995,
    261990
  ],
  "interrupts.CPU6.LOC:Local_timer_interrupts": [
    189611,
    191457
  ],
  "interrupts.CPU7.LOC:Local_timer_interrupts": [
    189711,
    190907
  ],
  "interrupts.LOC:Local_timer_interrupts": [
    2463736,
    2480569
  ],
  "interrupts.CPU0.PMI:Performance_monitoring_interrupts": [
    6,
    6
  ],
  "interrupts.CPU1.PMI:Performance_monitoring_interrupts": [
    8,
    8
  ],
  "interrupts.CPU2.PMI:Performance_monitoring_interrupts": [
    8,
    8
  ],
  "interrupts.CPU3.PMI:Performance_monitoring_interrupts": [
    7,
    8
  ],
  "interrupts.CPU4.PMI:Performance_monitoring_interrupts": [
    7,
    7
  ],
  "interrupts.CPU5.PMI:Performance_monitoring_interrupts": [
    7,
    7
  ],
  "interrupts.CPU6.PMI:Performance_monitoring_interrupts": [
    5,
    5
  ],
  "interrupts.CPU7.PMI:Performance_monitoring_interrupts": [
    7,
    7
  ],
  "interrupts.PMI:Performance_monitoring_interrupts": [
    55,
    56
  ],
  "interrupts.CPU0.RTR:APIC_ICR_read_retries": [
    7,
    7
  ],
  "interrupts.RTR:APIC_ICR_read_retries": [
    7,
    7
  ],
  "interrupts.CPU0.RES:Rescheduling_interrupts": [
    52450,
    52702
  ],
  "interrupts.CPU1.RES:Rescheduling_interrupts": [
    51158,
    51651
  ],
  "interrupts.CPU2.RES:Rescheduling_interrupts": [
    59826,
    60439
  ],
  "interrupts.CPU3.RES:Rescheduling_interrupts": [
    52127,
    52708
  ],
  "interrupts.CPU4.RES:Rescheduling_interrupts": [
    32033,
    32305
  ],
  "interrupts.CPU5.RES:Rescheduling_interrupts": [
    35027,
    35596
  ],
  "interrupts.CPU6.RES:Rescheduling_interrupts": [
    35457,
    36276
  ],
  "interrupts.CPU7.RES:Rescheduling_interrupts": [
    31462,
    31980
  ],
  "interrupts.RES:Rescheduling_interrupts": [
    349540,
    353657
  ],
  "interrupts.CPU0.CAL:Function_call_interrupts": [
    34,
    29
  ],
  "interrupts.CPU1.CAL:Function_call_interrupts": [
    12,
    5
  ],
  "interrupts.CPU2.CAL:Function_call_interrupts": [
    57,
    50
  ],
  "interrupts.CPU3.CAL:Function_call_interrupts": [
    15,
    10
  ],
  "interrupts.CPU4.CAL:Function_call_interrupts": [
    18,
    19
  ],
  "interrupts.CPU5.CAL:Function_call_interrupts": [
    84,
    82
  ],
  "interrupts.CPU6.CAL:Function_call_interrupts": [
    55,
    48
  ],
  "interrupts.CPU7.CAL:Function_call_interrupts": [
    48,
    40
  ],
  "interrupts.CAL:Function_call_interrupts": [
    323,
    283
  ],