{
  "meminfo.time": [
    1479482040.030159,
    1479482041.0320148,
    1479482042.0340893,
    1479482043.0382006,
    1479482044.0416114,
    1479482045.0446205,
    1479482046.0496843,
    1479482047.0547566,
    1479482048.0584269,
    1479482049.0613034,
    1479482050.066333,
    1479482051.071266
  ],
  "meminfo.MemTotal": [
    16317260,
    16317260,
    16317260,
    16317260,
    16317260,
    16317260,
    16317260,
    16317260,
    16317260,
    16317260,
    16317260,
    16317260
  ],
  "meminfo.MemFree": [
    15083944,
    15076800,
    15044156,
    15040492,
    15039284,
    15054700,
    15046856,
    15047224,
    15046616,
    15047052,
    15046352,
    15047324
  ],
  "meminfo.MemAvailable": [
    15866144,
    15859104,
    15826544,
    15822876,
    15821712,
    15837164,
    15829332,
    15829700,
    15829092,
    15829540,
    15828844,
    15829816
  ],
  "meminfo.Buffers": [
    53228,
    53236,
    53252,
    53252,
    53252,
    53296,
    53296,
    53300,
    53308,
    53316,
    53324,
    53324
  ],
  "meminfo.Cached": [
    880660,
    880688,
    893056,
    893056,
    893056,
    884800,
    892748,
    893060,
    893060,
    893060,
    893052,
    893060
  ],
  "meminfo.Active": [
    663252,
    668688,
    688740,
    692124,
    692264,
    684584,
    684792,
    683404,
    683972,
    683756,
    683764,
    683804
  ],
  "meminfo.Inactive": [
    446792,
    446376,
    457712,
    457716,
    457712,
    449648,
    457372,
    457712,
    457712,
    457712,
    457716,
    457720
  ],
  "meminfo.Active(anon)": [
    178848,
    183840,
    202836,
    206224,
    206360,
    198644,
    198840,
    197448,
    198016,
    197788,
    197796,
    197828
  ],
  "meminfo.Inactive(anon)": [
    85936,
    85872,
    98192,
    98192,
    98192,
    90128,
    97852,
    98192,
    98192,
    98192,
    98192,
    98192
  ],
  "meminfo.Active(file)": [
    484404,
    484848,
    485904,
    485900,
    485904,
    485940,
    485952,
    485956,
    485956,
    485968,
    485968,
    485976
  ],
  "meminfo.Inactive(file)": [
    360856,
    360504,
    359520,
    359524,
    359520,
    359520,
    359520,
    359520,
    359520,
    359520,
    359524,
    359528
  ],
  "meminfo.Dirty": [
    3408,
    3540,
    184,
    184,
    184,
    200,
    496,
    300,
    356,
    356,
    356,
    360
  ],
  "meminfo.AnonPages": [
    176192,
    180960,
    199868,
    203852,
    203700,
    196072,
    196204,
    195092,
    195388,
    195148,
    195148,
    195184
  ],
  "meminfo.Mapped": [
    251808,
    253456,
    265864,
    265876,
    265876,
    258348,
    266112,
    266224,
    266220,
    266208,
    266212,
    266208
  ],
  "meminfo.Shmem": [
    88640,
    88576,
    100896,
    100896,
    100896,
    92648,
    100584,
    100896,
    100896,
    100896,
    100896,
    100896
  ],
  "meminfo.Slab": [
    80980,
    81380,
    81620,
    81640,
    81760,
    81772,
    81784,
    81616,
    81656,
    81680,
    81696,
    81556
  ],
  "meminfo.SReclaimable": [
    51140,
    51168,
    51192,
    51180,
    51268,
    51268,
    51268,
    51260,
    51260,
    51260,
    51260,
    51236
  ],
  "meminfo.SUnreclaim": [
    29840,
    30212,
    30428,
    30460,
    30492,
    30504,
    30516,
    30356,
    30396,
    30420,
    30436,
    30320
  ],
  "meminfo.KernelStack": [
    10096,
    10688,
    10960,
    11024,
    11024,
    11040,
    11024,
    11024,
    11024,
    11024,
    11024,
    11008
  ],
  "meminfo.PageTables": [
    10076,
    11184,
    11256,
    11260,
    11268,
    11276,
    11264,
    11268,
    11268,
    11272,
    11276,
    11272
  ],
  "meminfo.CommitLimit": [
    8158628,
    8158628,
    8158628,
    8158628,
    8158628,
    8158628,
    8158628,
    8158628,
    8158628,
    8158628,
    8158628,
    8158628
  ],
  "meminfo.Committed_AS": [
    25572660,
    25587444,
    25633600,
    25640916,
    25648380,
    25655144,
    25649444,
    25647080,
    25653120,
    25649344,
    25649880,
    25650452
  ],
  "meminfo.VmallocTotal": [
    34359738367,
    34359738367,
    34359738367,
    34359738367,
    34359738367,
    34359738367,
    34359738367,
    34359738367,
    34359738367,
    34359738367,
    34359738367,
    34359738367
  ],
  "meminfo.DirectMap4k": [
    20060,
    20060,
    20060,
    20060,
    20060,
    20060,
    20060,
    20060,
    20060,
    20060,
    20060,
    20060
  ],
  "meminfo.DirectMap2M": [
    1951744,
    1951744,
    1951744,
    1951744,
    1951744,
    1951744,
    1951744,
    1951744,
    1951744,
    1951744,
    1951744,
    1951744
  ],
  "meminfo.DirectMap1G": [
    14680064,
    14680064,
    14680064,
    14680064,
    14680064,
    14680064,
    14680064,
    14680064,
    14680064,
    14680064,
    14680064,
    14680064
  ]
}