{
  "proc-vmstat.time": [
    1479482040.0233018,
    1479482041.025384,
    1479482042.027483,
    1479482043.0306845,
    1479482044.033324,
    1479482045.03658,
    1479482046.0419872,
    1479482047.0474024,
    1479482048.0527382,
    1479482049.0581996,
    1479482050.0634787,
    1479482051.0695486
  ],
  "proc-vmstat.nr_free_pages": [
    3770933,
    3769293,
    3761110,
    3760754,
    3760312,
    3763680,
    3761714,
    3761742,
    3761724,
    3761763,
    3761658,
    3761831
  ],
  "proc-vmstat.nr_alloc_batch": [
    880,
    743,
    360,
    165,
    360,
    546,
    51,
    944,
    394,
    968,
    617,
    135
  ],
  "proc-vmstat.nr_inactive_anon": [
    21484,
    21468,
    24548,
    24548,
    24548,
    22532,
    24463,
    24548,
    24548,
    24548,
    24548,
    24548
  ],
  "proc-vmstat.nr_active_anon": [
    44517,
    45895,
    50709,
    50694,
    50728,
    49661,
    49710,
    49427,
    49439,
    49447,
    49449,
    49457
  ],
  "proc-vmstat.nr_inactive_file": [
    90214,
    90126,
    89880,
    89881,
    89880,
    89880,
    89880,
    89880,
    89880,
    89880,
    89881,
    89882
  ],
  "proc-vmstat.nr_active_file": [
    121101,
    121212,
    121476,
    121475,
    121476,
    121485,
    121488,
    121489,
    121489,
    121492,
    121492,
    121494
  ],
  "proc-vmstat.nr_anon_pages": [
    43788,
    45175,
    50032,
    50036,
    50063,
    49018,
    49051,
    48773,
    48782,
    48787,
    48787,
    48796
  ],
  "proc-vmstat.nr_mapped": [
    62952,
    63267,
    66466,
    66469,
    66469,
    64587,
    66528,
    66556,
    66555,
    66552,
    66553,
    66552
  ],
  "proc-vmstat.nr_file_pages": [
    233472,
    233481,
    236577,
    236577,
    236577,
    234524,
    236511,
    236590,
    236592,
    236594,
    236594,
    236596
  ],
  "proc-vmstat.nr_dirty": [
    852,
    885,
    46,
    46,
    46,
    50,
    124,
    75,
    89,
    89,
    89,
    90
  ],
  "proc-vmstat.nr_slab_reclaimable": [
    12785,
    12792,
    12798,
    12795,
    12817,
    12817,
    12817,
    12815,
    12815,
    12815,
    12815,
    12809
  ],
  "proc-vmstat.nr_slab_unreclaimable": [
    7460,
    7553,
    7607,
    7615,
    7623,
    7626,
    7629,
    7589,
    7599,
    7605,
    7609,
    7580
  ],
  "proc-vmstat.nr_page_table_pages": [
    2616,
    2796,
    2814,
    2815,
    2817,
    2819,
    2816,
    2817,
    2817,
    2818,
    2819,
    2818
  ],
  "proc-vmstat.nr_kernel_stack": [
    631,
    668,
    685,
    689,
    689,
    690,
    689,
    689,
    689,
    689,
    689,
    688
  ],
  "proc-vmstat.nr_shmem": [
    22160,
    22144,
    25224,
    25224,
    25224,
    23162,
    25146,
    25224,
    25224,
    25224,
    25224,
    25224
  ],
  "proc-vmstat.nr_dirtied": [
    207482,
    207518,
    207534,
    207535,
    207536,
    207545,
    207620,
    207622,
    207638,
    207640,
    207641,
    207643
  ],
  "proc-vmstat.nr_written": [
    201590,
    201592,
    202447,
    202448,
    202449,
    202454,
    202455,
    202506,
    202508,
    202510,
    202511,
    202512
  ],
  "proc-vmstat.nr_dirty_threshold": [
    790480,
    790156,
    788523,
    788452,
    788364,
    789039,
    788646,
    788652,
    788649,
    788657,
    788636,
    788671
  ],
  "proc-vmstat.nr_dirty_background_threshold": [
    197620,
    197539,
    197130,
    197113,
    197091,
    197259,
    197161,
    197163,
    197162,
    197164,
    197159,
    197167
  ],
  "proc-vmstat.pgpgin": [
    668379,
    668379,
    668415,
    668415,
    668415,
    668415,
    668415,
    668415,
    668415,
    668415,
    668415,
    668415
  ],
  "proc-vmstat.pgpgout": [
    894612,
    894648,
    898096,
    898100,
    898104,
    898620,
    898624,
    898792,
    898860,
    898912,
    898980,
    898984
  ],
  "proc-vmstat.pgalloc_dma": [
    1,
    1,
    1,
    1,
    1,
    1,
    1,
    1,
    1,
    1,
    1,
    1
  ],
  "proc-vmstat.pgalloc_dma32": [
    4171607,
    4173856,
    4191482,
    4199000,
    4206656,
    4212603,
    4213055,
    4213343,
    4213595,
    4213875,
    4213959,
    4214208
  ],
  "proc-vmstat.pgalloc_normal": [
    25393233,
    25406902,
    25513021,
    25560515,
    25607783,
    25643965,
    25647109,
    25648328,
    25649750,
    25651013,
    25652758,
    25654070
  ],
  "proc-vmstat.pgfree": [
    33337824,
    33351764,
    33467411,
    33522426,
    33577308,
    33622480,
    33624048,
    33625822,
    33627479,
    33629021,
    33630875,
    33632408
  ],
  "proc-vmstat.pgactivate": [
    172251,
    172281,
    172526,
    172526,
    172528,
    172529,
    172530,
    172531,
    172532,
    172533,
    172533,
    172533
  ],
  "proc-vmstat.pgfault": [
    43184640,
    43207536,
    43373713,
    43429375,
    43484735,
    43528404,
    43532482,
    43534595,
    43537041,
    43539204,
    43541784,
    43544007
  ],
  "proc-vmstat.pgmajfault": [
    3764,
    3764,
    3764,
    3764,
    3764,
    3764,
    3764,
    3764,
    3764,
    3764,
    3764,
    3764
  ],
  "proc-vmstat.pageoutrun": [
    1,
    1,
    1,
    1,
    1,
    1,
    1,
    1,
    1,
    1,
    1,
    1
  ]
}