{
  "ebizzy.throughput": [
    21448,
    21486,
    21678,
    21692,
    21585
  ],
  "ebizzy.throughput.per_thread.min": [
    2627,
    2614,
    2627,
    2657,
    2648
  ],
  "ebizzy.throughput.per_thread.max": [
    2837,
    2778,
    2784,
    2800,
    2725
  ],
  "ebizzy.throughput.per_thread.stddev_percent": [
    0.29028131957286746,
    0.25436774498631126,
    0.2224742792108051,
    0.2410727118937936,
    0.1104559988648459
  ],
  "ebizzy.time.real": [
    5.0,
    5.0,
    5.0,
    5.0,
    5.0
  ],
  "ebizzy.time.user": [
    5.5,
    5.4,
    5.52,
    5.57,
    5.52
  ],
  "ebizzy.time.sys": [
    14.31,
    14.36,
    14.27,
    14.23,
    14.29
  ]
}