{
  "meminfo.time": [
    1479890993.1592402,
    1479890994.1628628,
    1479890995.1884594,
    1479890996.215446,
    1479890997.2433705,
    1479890998.2614498,
    1479890999.2874756,
    1479891000.3184533,
    1479891001.3544583,
    1479891002.3844607,
    1479891003.4144256,
    1479891004.4518774,
    1479891005.485459,
    1479891006.5144734,
    1479891007.5434403,
    1479891008.5805445,
    1479891009.6185114,
    1479891010.6465094,
    1479891011.6815224,
    1479891012.719544,
    1479891013.7484946,
    1479891014.779464,
    1479891015.8014627,
    1479891016.831458,
    1479891017.8551917,
    1479891018.8814993
  ],
  "meminfo.MemTotal": [
    16360572,
    16360572,
    16360572,
    16360572,
    16360572,
    16360572,
    16360572,
    16360572,
    16360572,
    16360572,
    16360572,
    16360572,
    16360572,
    16360572,
    16360572,
    16360572,
    16360572,
    16360572,
    16360572,
    16360572,
    16360572,
    16360572,
    16360572,
    16360572,
    16360572,
    16360572
  ],
  "meminfo.MemFree": [
    14275096,
    14256188,
    14266764,
    14266516,
    14266488,
    14266064,
    14266312,
    14288552,
    14288860,
    14288780,
    14288736,
    14288612,
    14288812,
    14288892,
    14288624,
    14288740,
    14288868,
    14288572,
    14289176,
    14288844,
    14289128,
    14288648,
    14288988,
    14288792,
    14289088,
    14288628
  ],
  "meminfo.MemAvailable": [
    15841588,
    15823112,
    15833588,
    15833340,
    15833316,
    15832876,
    15833140,
    15854244,
    15853688,
    15853560,
    15853504,
    15853376,
    15853576,
    15853568,
    15853300,
    15853416,
    15853548,
    15853236,
    15853828,
    15853488,
    15853720,
    15853252,
    15853588,
    15853392,
    15853648,
    15853184
  ],
  "meminfo.Buffers": [
    201980,
    201984,
    201984,
    201984,
    201984,
    202000,
    202000,
    202000,
    202012,
    202012,
    202020,
    202020,
    202020,
    202020,
    202020,
    202028,
    202028,
    202028,
    202028,
    202028,
    202036,
    202036,
    202036,
    202036,
    202036,
    202044
  ],
  "meminfo.Cached": [
    1218044,
    1218208,
    1218224,
    1218224,
    1218224,
    1218208,
    1218224,
    1218224,
    1218236,
    1218236,
    1218228,
    1218236,
    1218236,
    1218236,
    1218236,
    1218228,
    1218236,
    1218236,
    1218236,
    1218236,
    1218228,
    1218236,
    1218236,
    1218236,
    1218236,
    1218228
  ],
  "meminfo.Active": [
    917668,
    922436,
    922484,
    922524,
    922352,
    923016,
    922900,
    941892,
    942484,
    942532,
    942332,
    942276,
    942404,
    942644,
    942064,
    942796,
    942152,
    942804,
    942316,
    942572,
    942580,
    942932,
    942944,
    942692,
    943440,
    942628
  ],
  "meminfo.Inactive": [
    720376,
    720096,
    720096,
    720096,
    720096,
    720096,
    720096,
    685396,
    685148,
    685148,
    685148,
    685148,
    685148,
    685148,
    685148,
    685148,
    685148,
    685148,
    685148,
    685148,
    685148,
    685148,
    685148,
    685148,
    685148,
    685148
  ],
  "meminfo.Active(anon)": [
    220812,
    225108,
    225140,
    225180,
    225008,
    225672,
    225540,
    209832,
    210152,
    210200,
    210000,
    209936,
    210064,
    210304,
    209724,
    210456,
    209804,
    210456,
    209968,
    210224,
    210232,
    210576,
    210588,
    210336,
    211084,
    210272
  ],
  "meminfo.Inactive(anon)": [
    70856,
    70856,
    70856,
    70856,
    70856,
    70856,
    70856,
    70856,
    70856,
    70856,
    70856,
    70856,
    70856,
    70856,
    70856,
    70856,
    70856,
    70856,
    70856,
    70856,
    70856,
    70856,
    70856,
    70856,
    70856,
    70856
  ],
  "meminfo.Active(file)": [
    696856,
    697328,
    697344,
    697344,
    697344,
    697344,
    697360,
    732060,
    732332,
    732332,
    732332,
    732340,
    732340,
    732340,
    732340,
    732340,
    732348,
    732348,
    732348,
    732348,
    732348,
    732356,
    732356,
    732356,
    732356,
    732356
  ],
  "meminfo.Inactive(file)": [
    649520,
    649240,
    649240,
    649240,
    649240,
    649240,
    649240,
    614540,
    614292,
    614292,
    614292,
    614292,
    614292,
    614292,
    614292,
    614292,
    614292,
    614292,
    614292,
    614292,
    614292,
    614292,
    614292,
    614292,
    614292,
    614292
  ],
  "meminfo.Dirty": [
    70992,
    228,
    164,
    164,
    164,
    1552,
    1824,
    1672,
    1696,
    1696,
    1696,
    312,
    12,
    12,
    12,
    12,
    24,
    24,
    24,
    24,
    24,
    8,
    12,
    12,
    12,
    12
  ],
  "meminfo.Writeback": [
    0,
    36168,
    0,
    0,
    0,
    0,
    0,
    0,
    0,
    0,
    0,
    0,
    0,
    0,
    0,
    0,
    0,
    0,
    0,
    0,
    0,
    0,
    0,
    0,
    0,
    0
  ],
  "meminfo.AnonPages": [
    217696,
    221728,
    222600,
    222564,
    222144,
    222904,
    222924,
    206736,
    207312,
    206992,
    206964,
    207224,
    206800,
    207656,
    207048,
    207072,
    207276,
    207496,
    207088,
    207540,
    207568,
    207112,
    207908,
    207120,
    207852,
    207404
  ],
  "meminfo.Mapped": [
    264000,
    263540,
    263572,
    263572,
    263572,
    263572,
    263572,
    253344,
    253072,
    253072,
    253072,
    253072,
    253072,
    253072,
    253072,
    253072,
    253072,
    253072,
    253072,
    253072,
    253072,
    253072,
    253072,
    253072,
    253072,
    253072
  ],
  "meminfo.Shmem": [
    73636,
    73636,
    73636,
    73636,
    73636,
    73636,
    73636,
    73636,
    73636,
    73636,
    73636,
    73636,
    73636,
    73636,
    73636,
    73636,
    73636,
    73636,
    73636,
    73636,
    73636,
    73636,
    73636,
    73636,
    73636,
    73636
  ],
  "meminfo.Slab": [
    405224,
    416840,
    406468,
    406420,
    406424,
    406388,
    406380,
    405044,
    403816,
    403548,
    403520,
    403500,
    403500,
    403236,
    403236,
    403236,
    403232,
    403052,
    403040,
    403032,
    402808,
    402812,
    402804,
    402804,
    402712,
    402708
  ],
  "meminfo.SReclaimable": [
    353148,
    353388,
    353272,
    353272,
    353276,
    353260,
    353260,
    352124,
    351236,
    351188,
    351176,
    351164,
    351164,
    351076,
    351076,
    351076,
    351072,
    351056,
    351044,
    351036,
    350984,
    350988,
    350984,
    350984,
    350944,
    350940
  ],
  "meminfo.SUnreclaim": [
    52076,
    63452,
    53196,
    53148,
    53148,
    53128,
    53120,
    52920,
    52580,
    52360,
    52344,
    52336,
    52336,
    52160,
    52160,
    52160,
    52160,
    51996,
    51996,
    51996,
    51824,
    51824,
    51820,
    51820,
    51768,
    51768
  ],
  "meminfo.KernelStack": [
    9648,
    10256,
    10432,
    10432,
    10432,
    10432,
    10432,
    9648,
    9008,
    9008,
    9008,
    9008,
    9008,
    9008,
    9008,
    9008,
    9008,
    9024,
    8992,
    8992,
    8992,
    8992,
    8992,
    8992,
    8992,
    8992
  ],
  "meminfo.PageTables": [
    12028,
    13020,
    13196,
    13184,
    13192,
    13192,
    13192,
    11216,
    10788,
    10788,
    10788,
    10788,
    10792,
    10796,
    10800,
    10796,
    10796,
    10784,
    10792,
    10780,
    10788,
    10796,
    10792,
    10796,
    10792,
    10796
  ],
  "meminfo.CommitLimit": [
    8180284,
    8180284,
    8180284,
    8180284,
    8180284,
    8180284,
    8180284,
    8180284,
    8180284,
    8180284,
    8180284,
    8180284,
    8180284,
    8180284,
    8180284,
    8180284,
    8180284,
    8180284,
    8180284,
    8180284,
    8180284,
    8180284,
    8180284,
    8180284,
    8180284,
    8180284
  ],