{
  "proc-vmstat.time": [
    1479890993.1536238,
    1479890994.1565533,
    1479890995.1869695,
    1479890996.2115235,
    1479890997.2355387,
    1479890998.2592916,
    1479890999.2845464,
    1479891000.3077748,
    1479891001.3274517,
    1479891002.3518715,
    1479891003.388486,
    1479891004.42447,
    1479891005.4504597,
    1479891006.4744716,
    1479891007.4974585,
    1479891008.5324836,
    1479891009.562496,
    1479891010.5935233,
    1479891011.6227674,
    1479891012.6554615,
    1479891013.6874607,
    1479891014.7164648,
    1479891015.7454522,
    1479891016.7704527,
    1479891017.793489,
    1479891018.8164735
  ],
  "proc-vmstat.nr_free_pages": [
    3568990,
    3563900,
    3566691,
    3566629,
    3566622,
    3566516,
    3566529,
    3572052,
    3572178,
    3572146,
    3572188,
    3572157,
    3572117,
    3572223,
    3572107,
    3572136,
    3572168,
    3572110,
    3572167,
    3572201,
    3572326,
    3572271,
    3572251,
    3572227,
    3572289,
    3572210
  ],
  "proc-vmstat.nr_alloc_batch": [
    104,
    87,
    1175,
    352,
    1510,
    881,
    491,
    413,
    160,
    542,
    206,
    930,
    734,
    67,
    914,
    924,
    269,
    216,
    148,
    717,
    600,
    1238,
    27,
    537,
    934,
    926
  ],
  "proc-vmstat.nr_inactive_anon": [
    17714,
    17714,
    17714,
    17714,
    17714,
    17714,
    17714,
    17714,
    17714,
    17714,
    17714,
    17714,
    17714,
    17714,
    17714,
    17714,
    17714,
    17714,
    17714,
    17714,
    17714,
    17714,
    17714,
    17714,
    17714,
    17714
  ],
  "proc-vmstat.nr_active_anon": [
    54994,
    56228,
    56248,
    56344,
    56338,
    56344,
    56213,
    52433,
    52366,
    52402,
    52451,
    52423,
    52503,
    52441,
    52443,
    52615,
    52476,
    52602,
    52509,
    52552,
    52582,
    52497,
    52624,
    52645,
    52489,
    52716
  ],
  "proc-vmstat.nr_inactive_file": [
    162380,
    162310,
    162310,
    162310,
    162310,
    162310,
    162310,
    153635,
    153573,
    153573,
    153573,
    153573,
    153573,
    153573,
    153573,
    153573,
    153573,
    153573,
    153573,
    153573,
    153573,
    153573,
    153573,
    153573,
    153573,
    153573
  ],
  "proc-vmstat.nr_active_file": [
    174214,
    174332,
    174336,
    174336,
    174336,
    174336,
    174340,
    183015,
    183083,
    183083,
    183083,
    183085,
    183085,
    183085,
    183085,
    183085,
    183087,
    183087,
    183087,
    183087,
    183087,
    183089,
    183089,
    183089,
    183089,
    183089
  ],
  "proc-vmstat.nr_anon_pages": [
    54289,
    55457,
    55564,
    55641,
    55671,
    55652,
    55559,
    51757,
    51705,
    51723,
    51741,
    51745,
    51822,
    51779,
    51774,
    51953,
    51807,
    51850,
    51797,
    51891,
    51916,
    51864,
    51991,
    51927,
    51877,
    52036
  ],
  "proc-vmstat.nr_mapped": [
    65927,
    65885,
    65893,
    65893,
    65893,
    65893,
    65893,
    63336,
    63268,
    63268,
    63268,
    63268,
    63268,
    63268,
    63268,
    63268,
    63268,
    63268,
    63268,
    63268,
    63268,
    63268,
    63268,
    63268,
    63268,
    63268
  ],
  "proc-vmstat.nr_file_pages": [
    355006,
    355048,
    355052,
    355052,
    355052,
    355052,
    355056,
    355056,
    355062,
    355062,
    355062,
    355064,
    355064,
    355064,
    355064,
    355064,
    355066,
    355066,
    355066,
    355066,
    355066,
    355068,
    355068,
    355068,
    355068,
    355068
  ],
  "proc-vmstat.nr_dirty": [
    17748,
    57,
    41,
    41,
    41,
    388,
    456,
    418,
    424,
    424,
    424,
    78,
    3,
    3,
    3,
    3,
    6,
    6,
    6,
    6,
    6,
    2,
    3,
    3,
    3,
    3
  ],
  "proc-vmstat.nr_writeback": [
    0,
    9298,
    0,
    0,
    0,
    0,
    0,
    0,
    0,
    0,
    0,
    0,
    0,
    0,
    0,
    0,
    0,
    0,
    0,
    0,
    0,
    0,
    0,
    0,
    0,
    0
  ],
  "proc-vmstat.nr_slab_reclaimable": [
    88287,
    88347,
    88318,
    88318,
    88319,
    88315,
    88315,
    88031,
    87809,
    87797,
    87794,
    87791,
    87791,
    87769,
    87769,
    87769,
    87768,
    87764,
    87761,
    87761,
    87746,
    87747,
    87746,
    87746,
    87736,
    87735
  ],
  "proc-vmstat.nr_slab_unreclaimable": [
    13019,
    15961,
    13299,
    13287,
    13287,
    13282,
    13280,
    13230,
    13145,
    13090,
    13086,
    13084,
    13084,
    13040,
    13040,
    13040,
    13040,
    12999,
    12999,
    12999,
    12956,
    12956,
    12955,
    12955,
    12942,
    12942
  ],
  "proc-vmstat.nr_page_table_pages": [
    3007,
    3255,
    3299,
    3296,
    3298,
    3298,
    3298,
    2804,
    2697,
    2697,
    2697,
    2697,
    2698,
    2699,
    2700,
    2699,
    2699,
    2696,
    2696,
    2705,
    2697,
    2699,
    2698,
    2699,
    2698,
    2699
  ],
  "proc-vmstat.nr_kernel_stack": [
    603,
    641,
    652,
    652,
    652,
    652,
    652,
    603,
    563,
    563,
    563,
    563,
    563,
    563,
    563,
    563,
    563,
    564,
    564,
    562,
    562,
    562,
    562,
    562,
    562,
    562
  ],
  "proc-vmstat.nr_shmem": [
    18409,
    18409,
    18409,
    18409,
    18409,
    18409,
    18409,
    18409,
    18409,
    18409,
    18409,
    18409,
    18409,
    18409,
    18409,
    18409,
    18409,
    18409,
    18409,
    18409,
    18409,
    18409,
    18409,
    18409,
    18409,
    18409
  ],
  "proc-vmstat.nr_dirtied": [
    858747,
    858830,
    858834,
    858834,
    858834,
    859181,
    859249,
    859252,
    859261,
    859261,
    859261,
    859262,
    859265,
    859265,
    859265,
    859265,
    859268,
    859271,
    859271,
    859271,
    859271,
    859273,
    859274,
    859274,
    859274,
    859274
  ],
  "proc-vmstat.nr_written": [
    835595,
    844109,
    853372,
    853372,
    853372,
    853372,
    853372,
    853413,
    853416,
    853416,
    853416,
    853763,
    853841,
    853841,
    853841,
    853841,
    853841,
    853844,
    853844,
    853844,
    853844,
    853850,
    853850,
    853850,
    853850,
    853850
  ],
  "proc-vmstat.nr_dirty_threshold": [
    775395,
    774387,
    774946,
    774933,
    774932,
    774911,
    774914,
    776019,
    776045,
    776039,
    776047,
    776041,
    776033,
    776054,
    776031,
    776037,
    776044,
    776032,
    776044,
    776050,
    776075,
    776065,
    776061,
    776056,
    776068,
    776053
  ],
  "proc-vmstat.nr_dirty_background_threshold": [
    193848,
    193596,
    193736,
    193733,
    193733,
    193727,
    193728,
    194004,
    194011,
    194009,
    194011,
    194010,
    194008,
    194013,
    194007,
    194009,
    194011,
    194008,
    194011,
    194012,
    194018,
    194016,
    194015,
    194014,
    194017,
    194013
  ],
  "proc-vmstat.pgpgin": [
    937156,
    937156,
    937156,
    937156,
    937156,
    937156,
    937156,
    937156,
    937160,
    937160,
    937160,
    937160,
    937160,
    937160,
    937160,
    937160,
    937160,
    937160,
    937160,
    937160,
    937160,
    937160,
    937160,
    937160,
    937160,
    937160
  ],
  "proc-vmstat.pgpgout": [
    3464989,
    3535741,
    3535741,
    3535741,
    3535741,
    3537417,
    3537581,
    3537581,
    3537625,
    3537625,
    3537677,
    3539369,
    3539369,
    3539369,
    3539369,
    3539393,
    3539405,
    3539405,
    3539405,
    3539405,
    3539429,
    3539445,
    3539445,
    3539445,
    3539445,
    3539469
  ],