{
  "proc-vmstat.time": [
    1478267017.6069152,
    1478267018.6153865,
    1478267019.6305583,
    1478267020.6594038,
    1478267021.6863897,
    1478267022.7075503,
    1478267023.7433832,
    1478267024.7694778,
    1478267025.7964585,
    1478267026.8253617,
    1478267027.8653977,
    1478267028.889499,
    1478267029.9103749,
    1478267030.9305644,
    1478267031.9614437,
    1478267032.9974709,
    1478267034.038414,
    1478267035.054384,
    1478267036.0824223,
    1478267037.1134243,
    1478267038.1564293,
    1478267039.1824248,
    1478267040.2064872,
    1478267041.2396324,
    1478267042.2684433,
    1478267043.3034244
  ],
  "proc-vmstat.nr_free_pages": [
    3738884,
    3734832,
    3734163,
    3734160,
    3733944,
    3734094,
    3734225,
    3734057,
    3734149,
    3734030,
    3734208,
    3734239,
    3734212,
    3734086,
    3734117,
    3734041,
    3734268,
    3734169,
    3734169,
    3734041,
    3734076,
    3734326,
    3734137,
    3734199,
    3734076,
    3734173
  ],
  "proc-vmstat.nr_alloc_batch": [
    821,
    259,
    886,
    507,
    919,
    296,
    38,
    509,
    635,
    197,
    399,
    486,
    227,
    65,
    383,
    54,
    0,
    802,
    455,
    678,
    0,
    654,
    723,
    969,
    608,
    955
  ],
  "proc-vmstat.nr_inactive_anon": [
    23496,
    23496,
    23496,
    23496,
    23496,
    23496,
    23496,
    23496,
    23496,
    23496,
    23496,
    23496,
    23496,
    23496,
    23496,
    23496,
    23496,
    23496,
    23496,
    23496,
    23496,
    23496,
    23496,
    23496,
    23496,
    23496
  ],
  "proc-vmstat.nr_active_anon": [
    42692,
    46312,
    46489,
    46612,
    46611,
    46418,
    46655,
    46482,
    46609,
    46722,
    46463,
    46611,
    46449,
    46664,
    46519,
    46602,
    46696,
    46578,
    46315,
    46527,
    46597,
    46535,
    46812,
    46517,
    46519,
    46780
  ],
  "proc-vmstat.nr_inactive_file": [
    89907,
    89882,
    89883,
    89882,
    89882,
    89882,
    89882,
    89879,
    89879,
    89879,
    89879,
    89879,
    89879,
    89879,
    89879,
    89879,
    89879,
    89879,
    89879,
    89879,
    89879,
    89879,
    89879,
    89879,
    89879,
    89879
  ],
  "proc-vmstat.nr_active_file": [
    108167,
    108286,
    108291,
    108292,
    108324,
    108324,
    108327,
    108332,
    108332,
    108332,
    108332,
    108336,
    108336,
    108336,
    108336,
    108336,
    108340,
    108340,
    108340,
    108340,
    108340,
    108344,
    108344,
    108344,
    108344,
    108344
  ],
  "proc-vmstat.nr_anon_pages": [
    42069,
    45572,
    45798,
    45704,
    45893,
    45819,
    45962,
    45905,
    45888,
    45805,
    45816,
    45873,
    45679,
    45687,
    45761,
    45663,
    45846,
    45937,
    45678,
    45872,
    45895,
    45826,
    46035,
    45863,
    45856,
    46162
  ],
  "proc-vmstat.nr_mapped": [
    63053,
    62990,
    62900,
    62900,
    62900,
    62900,
    62900,
    62900,
    62900,
    62900,
    62900,
    62900,
    62900,
    62900,
    62900,
    62900,
    62900,
    62900,
    62900,
    62900,
    62900,
    62900,
    62900,
    62900,
    62900,
    62900
  ],
  "proc-vmstat.nr_file_pages": [
    222304,
    222337,
    222343,
    222343,
    222375,
    222375,
    222378,
    222380,
    222380,
    222380,
    222380,
    222384,
    222384,
    222384,
    222384,
    222384,
    222388,
    222388,
    222388,
    222388,
    222388,
    222392,
    222392,
    222392,
    222392,
    222392
  ],
  "proc-vmstat.nr_dirty": [
    5685,
    5726,
    5732,
    5732,
    0,
    195,
    225,
    227,
    227,
    33,
    1,
    8,
    8,
    8,
    1,
    1,
    8,
    8,
    8,
    1,
    1,
    8,
    8,
    8,
    1,
    1
  ],
  "proc-vmstat.nr_slab_reclaimable": [
    11972,
    12001,
    12002,
    12002,
    12020,
    12019,
    12019,
    12018,
    12014,
    12014,
    12014,
    12009,
    12007,
    12007,
    12006,
    11999,
    11999,
    11999,
    11997,
    11985,
    11985,
    11985,
    11985,
    11978,
    11978,
    11978
  ],
  "proc-vmstat.nr_slab_unreclaimable": [
    47202,
    47266,
    47278,
    47278,
    47390,
    47353,
    47353,
    47365,
    47349,
    47349,
    47349,
    47305,
    47305,
    47307,
    47307,
    47272,
    47272,
    47272,
    47272,
    47244,
    47244,
    47244,
    47244,
    47220,
    47220,
    47220
  ],
  "proc-vmstat.nr_page_table_pages": [
    2388,
    2639,
    2700,
    2697,
    2699,
    2700,
    2701,
    2699,
    2699,
    2698,
    2697,
    2699,
    2699,
    2699,
    2698,
    2698,
    2701,
    2700,
    2701,
    2701,
    2700,
    2700,
    2700,
    2699,
    2699,
    2700
  ],
  "proc-vmstat.nr_kernel_stack": [
    617,
    655,
    674,
    674,
    674,
    674,
    674,
    674,
    674,
    674,
    676,
    675,
    674,
    674,
    674,
    676,
    676,
    676,
    676,
    676,
    676,
    676,
    676,
    676,
    676,
    675
  ],
  "proc-vmstat.nr_shmem": [
    24172,
    24172,
    24172,
    24172,
    24172,
    24172,
    24172,
    24172,
    24172,
    24172,
    24172,
    24172,
    24172,
    24172,
    24172,
    24172,
    24172,
    24172,
    24172,
    24172,
    24172,
    24172,
    24172,
    24172,
    24172,
    24172
  ],
  "proc-vmstat.nr_dirtied": [
    797320,
    797364,
    797371,
    797372,
    797373,
    797569,
    797600,
    797603,
    797604,
    797605,
    797607,
    797616,
    797617,
    797618,
    797620,
    797621,
    797629,
    797630,
    797631,
    797633,
    797634,
    797642,
    797643,
    797644,
    797646,
    797647
  ],
  "proc-vmstat.nr_written": [
    779139,
    779127,
    779128,
    779129,
    784867,
    784863,
    784864,
    784865,
    784866,
    785061,
    785095,
    785097,
    785098,
    785099,
    785108,
    785109,
    785110,
    785111,
    785112,
    785121,
    785122,
    785123,
    785124,
    785125,
    785134,
    785135
  ],
  "proc-vmstat.nr_dirty_threshold": [
    781422,
    780630,
    780497,
    780497,
    780460,
    780490,
    780517,
    780484,
    780502,
    780478,
    780514,
    780521,
    780515,
    780490,
    780496,
    780481,
    780527,
    780508,
    780508,
    780482,
    780489,
    780540,
    780502,
    780514,
    780490,
    780509
  ],
  "proc-vmstat.nr_dirty_background_threshold": [
    195355,
    195157,
    195124,
    195124,
    195115,
    195122,
    195129,
    195121,
    195125,
    195119,
    195128,
    195130,
    195128,
    195122,
    195124,
    195120,
    195131,
    195127,
    195127,
    195120,
    195122,
    195135,
    195125,
    195128,
    195122,
    195127
  ],
  "proc-vmstat.pgpgin": [
    649199,
    649199,
    649199,
    649199,
    649203,
    649203,
    649203,
    649203,
    649203,
    649203,
    649203,
    649203,
    649203,
    649203,
    649203,
    649203,
    649203,
    649203,
    649203,
    649203,
    649203,
    649203,
    649203,
    649203,
    649203,
    649203
  ],
  "proc-vmstat.pgpgout": [
    3181100,
    3181132,
    3181136,
    3181140,
    3203348,
    3204260,
    3204292,
    3204296,
    3204300,
    3205192,
    3205224,
    3205256,
    3205260,
    3205264,
    3205280,
    3205312,
    3205344,
    3205348,
    3205352,
    3205368,
    3205400,
    3205432,
    3205436,
    3205440,
    3205460,
    3205492
  ],
  "proc-vmstat.pgalloc_dma": [
    1,
    1,
    1,
    1,
    1,
    1,
    1,
    1,
    1,
    1,
    1,
    1,
    1,
    1,
    1,
    1,
    1,
    1,
    1,
    1,
    1,
    1,
    1,
    1,
    1,
    1
  ],