{
  "meminfo.time": [
    1478274313.040806,
    1478274314.0458364,
    1478274315.0716546,
    1478274316.1056824,
    1478274317.129863,
    1478274318.162713,
    1478274319.186656,
    1478274320.204692,
    1478274321.236671,
    1478274322.2667012,
    1478274323.2987223,
    1478274324.3156598,
    1478274325.3337088,
    1478274326.365687,
    1478274327.3897195,
    1478274328.4286823,
    1478274329.450823,
    1478274330.4676487,
    1478274331.4916894,
    1478274332.5196676,
    1478274333.5416934,
    1478274334.5856934,
    1478274335.6267452,
    1478274336.6478472,
    1478274337.6817057,
    1478274338.7066827
  ],
  "meminfo.MemTotal": [
    16317260,
    16317260,
    16317260,
    16317260,
    16317260,
    16317260,
    16317260,
    16317260,
    16317260,
    16317260,
    16317260,
    16317260,
    16317260,
    16317260,
    16317260,
    16317260,
    16317260,
    16317260,
    16317260,
    16317260,
    16317260,
    16317260,
    16317260,
    16317260,
    16317260,
    16317260
  ],
  "meminfo.MemFree": [
    15165620,
    15147096,
    15146968,
    15147224,
    15147340,
    15146828,
    15147036,
    15147556,
    15147456,
    15147288,
    15147300,
    15147124,
    15147508,
    15147500,
    15147608,
    15147112,
    15147176,
    15146968,
    15147080,
    15147452,
    15147196,
    15147364,
    15146948,
    15147812,
    15147464,
    15147196
  ],
  "meminfo.MemAvailable": [
    15866772,
    15848960,
    15848964,
    15849212,
    15849332,
    15848828,
    15849036,
    15849556,
    15849456,
    15849288,
    15849308,
    15849128,
    15849520,
    15849512,
    15849616,
    15849124,
    15849188,
    15848984,
    15849096,
    15849468,
    15849216,
    15849380,
    15848976,
    15849836,
    15849488,
    15849228
  ],
  "meminfo.Buffers": [
    24220,
    24220,
    24228,
    24228,
    24236,
    24240,
    24240,
    24248,
    24248,
    24256,
    24256,
    24256,
    24264,
    24264,
    24272,
    24272,
    24280,
    24280,
    24280,
    24288,
    24288,
    24296,
    24296,
    24296,
    24304,
    24304
  ],
  "meminfo.Cached": [
    831208,
    831788,
    831900,
    831900,
    831896,
    831900,
    831900,
    831900,
    831900,
    831892,
    831900,
    831900,
    831900,
    831900,
    831892,
    831900,
    831892,
    831900,
    831900,
    831892,
    831900,
    831892,
    831900,
    831900,
    831892,
    831900
  ],
  "meminfo.Active": [
    532660,
    548144,
    548688,
    547892,
    548276,
    548524,
    548744,
    547560,
    548332,
    547516,
    549064,
    548428,
    548808,
    548480,
    549276,
    548748,
    548316,
    548280,
    547816,
    548536,
    549012,
    548776,
    549176,
    548524,
    547900,
    548600
  ],
  "meminfo.Inactive": [
    497016,
    496964,
    497048,
    497048,
    497048,
    497048,
    497048,
    497036,
    497036,
    497036,
    497036,
    497036,
    497036,
    497036,
    497036,
    497036,
    497036,
    497036,
    497036,
    497036,
    497036,
    497036,
    497036,
    497036,
    497036,
    497036
  ],
  "meminfo.Active(anon)": [
    176972,
    191796,
    192300,
    191504,
    191884,
    192124,
    192344,
    191140,
    191912,
    191096,
    192636,
    192000,
    192372,
    192044,
    192840,
    192304,
    191872,
    191828,
    191364,
    192084,
    192552,
    192316,
    192708,
    192056,
    191432,
    192124
  ],
  "meminfo.Inactive(anon)": [
    85792,
    85792,
    85792,
    85792,
    85792,
    85792,
    85792,
    85792,
    85792,
    85792,
    85792,
    85792,
    85792,
    85792,
    85792,
    85792,
    85792,
    85792,
    85792,
    85792,
    85792,
    85792,
    85792,
    85792,
    85792,
    85792
  ],
  "meminfo.Active(file)": [
    355688,
    356348,
    356388,
    356388,
    356392,
    356400,
    356400,
    356420,
    356420,
    356420,
    356428,
    356428,
    356436,
    356436,
    356436,
    356444,
    356444,
    356452,
    356452,
    356452,
    356460,
    356460,
    356468,
    356468,
    356468,
    356476
  ],
  "meminfo.Inactive(file)": [
    411224,
    411172,
    411256,
    411256,
    411256,
    411256,
    411256,
    411244,
    411244,
    411244,
    411244,
    411244,
    411244,
    411244,
    411244,
    411244,
    411244,
    411244,
    411244,
    411244,
    411244,
    411244,
    411244,
    411244,
    411244,
    411244
  ],
  "meminfo.Dirty": [
    36,
    188,
    208,
    208,
    208,
    264,
    268,
    280,
    280,
    0,
    0,
    4,
    12,
    12,
    12,
    20,
    24,
    40,
    40,
    40,
    16,
    20,
    32,
    32,
    32,
    16
  ],
  "meminfo.AnonPages": [
    174320,
    189204,
    189784,
    188160,
    189156,
    189184,
    189840,
    188448,
    189360,
    188984,
    189524,
    188572,
    189944,
    189132,
    189144,
    189736,
    189576,
    189000,
    188636,
    189624,
    189752,
    189048,
    189368,
    188920,
    188840,
    189464
  ],
  "meminfo.Mapped": [
    262044,
    262504,
    262156,
    262156,
    262156,
    262156,
    262156,
    262156,
    262156,
    262156,
    262156,
    262156,
    262156,
    262156,
    262156,
    262156,
    262156,
    262156,
    262156,
    262156,
    262156,
    262156,
    262156,
    262156,
    262156,
    262156
  ],
  "meminfo.Shmem": [
    88496,
    88496,
    88496,
    88496,
    88496,
    88496,
    88496,
    88496,
    88496,
    88496,
    88496,
    88496,
    88496,
    88496,
    88496,
    88496,
    88496,
    88496,
    88496,
    88496,
    88496,
    88496,
    88496,
    88496,
    88496,
    88496
  ],
  "meminfo.Slab": [
    76428,
    77216,
    77272,
    77124,
    77132,
    77128,
    77136,
    76996,
    76996,
    76996,
    76996,
    76864,
    76916,
    76924,
    76920,
    76800,
    76800,
    76844,
    76844,
    76720,
    76712,
    76708,
    76720,
    76608,
    76608,
    76608
  ],
  "meminfo.SReclaimable": [
    45740,
    45948,
    45968,
    45952,
    45952,
    45952,
    45952,
    45932,
    45932,
    45932,
    45932,
    45924,
    45924,
    45924,
    45920,
    45908,
    45908,
    45904,
    45904,
    45900,
    45892,
    45888,
    45892,
    45884,
    45884,
    45884
  ],
  "meminfo.SUnreclaim": [
    30688,
    31268,
    31304,
    31172,
    31180,
    31176,
    31184,
    31064,
    31064,
    31064,
    31064,
    30940,
    30992,
    31000,
    31000,
    30892,
    30892,
    30940,
    30940,
    30820,
    30820,
    30820,
    30828,
    30724,
    30724,
    30724
  ],
  "meminfo.KernelStack": [
    11440,
    11888,
    12192,
    12192,
    12192,
    12192,
    12192,
    12192,
    12192,
    12192,
    12192,
    12192,
    12192,
    12192,
    12192,
    12192,
    12192,
    12192,
    12192,
    12192,
    12192,
    12192,
    12192,
    12192,
    12192,
    12192
  ],
  "meminfo.PageTables": [
    11812,
    12204,
    12448,
    12448,
    12444,
    12448,
    12440,
    12452,
    12452,
    12456,
    12456,
    12456,
    12456,
    12460,
    12460,
    12460,
    12456,
    12456,
    12456,
    12452,
    12456,
    12456,
    12456,
    12460,
    12456,
    12460
  ],
  "meminfo.CommitLimit": [
    8158628,
    8158628,
    8158628,
    8158628,
    8158628,
    8158628,
    8158628,
    8158628,
    8158628,
    8158628,
    8158628,
    8158628,
    8158628,
    8158628,
    8158628,
    8158628,
    8158628,
    8158628,
    8158628,
    8158628,
    8158628,
    8158628,
    8158628,
    8158628,
    8158628,
    8158628
  ],