{
  "proc-vmstat.time": [
    1478274313.0173538,
    1478274314.0246751,
    1478274315.0547557,
    1478274316.077984,
    1478274317.0997677,
    1478274318.1236951,
    1478274319.1448667,
    1478274320.1649284,
    1478274321.186832,
    1478274322.2128623,
    1478274323.242687,
    1478274324.264677,
    1478274325.277707,
    1478274326.3057027,
    1478274327.3406935,
    1478274328.3696542,
    1478274329.3896778,
    1478274330.4017637,
    1478274331.4306815,
    1478274332.4577065,
    1478274333.4906876,
    1478274334.5246968,
    1478274335.5697083,
    1478274336.5947006,
    1478274337.620656,
    1478274338.6566749
  ],
  "proc-vmstat.nr_free_pages": [
    3791462,
    3786774,
    3786808,
    3786806,
    3786835,
    3786773,
    3786854,
    3786889,
    3786864,
    3786889,
    3786760,
    3786716,
    3786877,
    3786875,
    3786968,
    3786844,
    3786794,
    3786742,
    3786770,
    3786863,
    3786800,
    3786841,
    3786803,
    3786888,
    3786866,
    3786799
  ],
  "proc-vmstat.nr_alloc_batch": [
    425,
    214,
    21,
    327,
    109,
    837,
    912,
    176,
    806,
    454,
    243,
    185,
    206,
    761,
    45,
    942,
    458,
    866,
    519,
    1119,
    787,
    66,
    1771,
    879,
    847,
    377
  ],
  "proc-vmstat.nr_inactive_anon": [
    21448,
    21448,
    21448,
    21448,
    21448,
    21448,
    21448,
    21448,
    21448,
    21448,
    21448,
    21448,
    21448,
    21448,
    21448,
    21448,
    21448,
    21448,
    21448,
    21448,
    21448,
    21448,
    21448,
    21448,
    21448,
    21448
  ],
  "proc-vmstat.nr_active_anon": [
    44162,
    47965,
    47766,
    47908,
    47955,
    47999,
    48053,
    48029,
    48092,
    48018,
    48029,
    48114,
    48109,
    48108,
    47949,
    48043,
    48001,
    48087,
    48182,
    47972,
    48056,
    48030,
    47803,
    47900,
    48070,
    48096
  ],
  "proc-vmstat.nr_inactive_file": [
    102806,
    102793,
    102814,
    102814,
    102814,
    102814,
    102814,
    102811,
    102811,
    102811,
    102811,
    102811,
    102811,
    102811,
    102811,
    102811,
    102811,
    102811,
    102811,
    102811,
    102811,
    102811,
    102811,
    102811,
    102811,
    102811
  ],
  "proc-vmstat.nr_active_file": [
    88922,
    89087,
    89097,
    89097,
    89098,
    89100,
    89100,
    89105,
    89105,
    89105,
    89107,
    89107,
    89109,
    89109,
    89109,
    89111,
    89111,
    89113,
    89113,
    89113,
    89115,
    89115,
    89117,
    89117,
    89117,
    89119
  ],
  "proc-vmstat.nr_anon_pages": [
    43499,
    47252,
    47072,
    47170,
    47224,
    47053,
    47183,
    47226,
    47259,
    47295,
    47251,
    47501,
    47437,
    47266,
    46960,
    47287,
    47248,
    47445,
    47370,
    47292,
    47340,
    47278,
    47098,
    47246,
    47357,
    47366
  ],
  "proc-vmstat.nr_mapped": [
    65511,
    65626,
    65539,
    65539,
    65539,
    65539,
    65539,
    65539,
    65539,
    65539,
    65539,
    65539,
    65539,
    65539,
    65539,
    65539,
    65539,
    65539,
    65539,
    65539,
    65539,
    65539,
    65539,
    65539,
    65539,
    65539
  ],
  "proc-vmstat.nr_file_pages": [
    213857,
    214002,
    214032,
    214032,
    214033,
    214035,
    214035,
    214037,
    214037,
    214037,
    214039,
    214039,
    214041,
    214041,
    214041,
    214043,
    214043,
    214045,
    214045,
    214045,
    214047,
    214047,
    214049,
    214049,
    214049,
    214051
  ],
  "proc-vmstat.nr_dirty": [
    9,
    47,
    52,
    52,
    52,
    66,
    67,
    70,
    70,
    70,
    0,
    1,
    3,
    3,
    3,
    5,
    6,
    10,
    10,
    10,
    4,
    5,
    8,
    8,
    8,
    4
  ],
  "proc-vmstat.nr_slab_reclaimable": [
    11435,
    11487,
    11492,
    11488,
    11488,
    11488,
    11488,
    11483,
    11483,
    11483,
    11483,
    11481,
    11481,
    11481,
    11480,
    11477,
    11477,
    11476,
    11476,
    11475,
    11473,
    11472,
    11473,
    11471,
    11471,
    11471
  ],
  "proc-vmstat.nr_slab_unreclaimable": [
    7672,
    7817,
    7826,
    7793,
    7795,
    7794,
    7796,
    7766,
    7766,
    7766,
    7766,
    7735,
    7748,
    7750,
    7750,
    7723,
    7723,
    7735,
    7735,
    7705,
    7705,
    7705,
    7707,
    7681,
    7681,
    7681
  ],
  "proc-vmstat.nr_page_table_pages": [
    2953,
    3051,
    3112,
    3112,
    3111,
    3112,
    3110,
    3113,
    3113,
    3114,
    3114,
    3114,
    3114,
    3115,
    3115,
    3115,
    3114,
    3114,
    3114,
    3113,
    3114,
    3114,
    3114,
    3115,
    3114,
    3115
  ],
  "proc-vmstat.nr_kernel_stack": [
    715,
    743,
    762,
    762,
    762,
    762,
    762,
    762,
    762,
    762,
    762,
    762,
    762,
    762,
    762,
    762,
    762,
    762,
    762,
    762,
    762,
    762,
    762,
    762,
    762,
    762
  ],
  "proc-vmstat.nr_shmem": [
    22124,
    22124,
    22124,
    22124,
    22124,
    22124,
    22124,
    22124,
    22124,
    22124,
    22124,
    22124,
    22124,
    22124,
    22124,
    22124,
    22124,
    22124,
    22124,
    22124,
    22124,
    22124,
    22124,
    22124,
    22124,
    22124
  ],
  "proc-vmstat.nr_dirtied": [
    76722,
    76761,
    76767,
    76768,
    76769,
    76836,
    76838,
    76842,
    76843,
    76844,
    76849,
    76851,
    76854,
    76855,
    76856,
    76862,
    76864,
    76869,
    76870,
    76871,
    76876,
    76878,
    76882,
    76883,
    76884,
    76889
  ],
  "proc-vmstat.nr_written": [
    75624,
    75625,
    75626,
    75627,
    75628,
    75681,
    75682,
    75683,
    75684,
    75685,
    75760,
    75761,
    75762,
    75763,
    75764,
    75768,
    75769,
    75770,
    75771,
    75772,
    75783,
    75784,
    75785,
    75786,
    75787,
    75796
  ],
  "proc-vmstat.nr_dirty_threshold": [
    790668,
    789761,
    789774,
    789773,
    789779,
    789767,
    789784,
    789791,
    789786,
    789791,
    789766,
    789757,
    789789,
    789789,
    789808,
    789783,
    789773,
    789763,
    789769,
    789787,
    789775,
    789783,
    789776,
    789793,
    789789,
    789776
  ],
  "proc-vmstat.nr_dirty_background_threshold": [
    197667,
    197440,
    197443,
    197443,
    197444,
    197441,
    197446,
    197447,
    197446,
    197447,
    197441,
    197439,
    197447,
    197447,
    197452,
    197445,
    197443,
    197440,
    197442,
    197446,
    197443,
    197445,
    197444,
    197448,
    197447,
    197444
  ],
  "proc-vmstat.pgpgin": [
    636299,
    636395,
    636395,
    636395,
    636395,
    636395,
    636395,
    636395,
    636395,
    636395,
    636395,
    636395,
    636395,
    636395,
    636395,
    636395,
    636395,
    636395,
    636395,
    636395,
    636395,
    636395,
    636395,
    636395,
    636395,
    636395
  ],
  "proc-vmstat.pgpgout": [
    312120,
    312124,
    312156,
    312160,
    312436,
    312648,
    312652,
    312688,
    312692,
    312780,
    313076,
    313080,
    313112,
    313116,
    313160,
    313164,
    313204,
    313208,
    313212,
    313264,
    313268,
    313300,
    313304,
    313308,
    313356,
    313360
  ],
  "proc-vmstat.pgalloc_dma": [
    1,
    1,
    1,
    1,
    1,
    1,
    1,
    1,
    1,
    1,
    1,
    1,
    1,
    1,
    1,
    1,
    1,
    1,
    1,
    1,
    1,
    1,
    1,
    1,
    1,
    1
  ],