{
  "diskstats.time": [
    1480932044.8529239,
    1480932045.8556333,
    1480932046.859133,
    1480932047.8735175,
    1480932048.9138303,
    1480932049.9179192,
    1480932050.9259298,
    1480932051.9355755,
    1480932052.9420657,
    1480932053.9482908,
    1480932054.9556935
  ],
  "diskstats.sda.read_ios": [
    20567,
    20567,
    20567,
    20567,
    20567,
    20567,
    20567,
    20567,
    20567,
    20567,
    20567
  ],
  "diskstats.sda.read_merges": [
    509,
    509,
    509,
    509,
    509,
    509,
    509,
    509,
    509,
    509,
    509
  ],
  "diskstats.sda.read_sectors": [
    1625892,
    1625892,
    1625892,
    1625892,
    1625892,
    1625892,
    1625892,
    1625892,
    1625892,
    1625892,
    1625892
  ],
  "diskstats.sda.read_ticks": [
    335984,
    335984,
    335984,
    335984,
    335984,
    335984,
    335984,
    335984,
    335984,
    335984,
    335984
  ],
  "diskstats.sda.write_ios": [
    10461,
    10462,
    10527,
    10539,
    10599,
    10625,
    10628,
    10669,
    10670,
    10671,
    10676
  ],
  "diskstats.sda.write_merges": [
    15656,
    15656,
    15754,
    15755,
    15866,
    15967,
    15967,
    15988,
    15988,
    15988,
    16032
  ],
  "diskstats.sda.write_sectors": [
    3833617,
    3833625,
    3834897,
    3855489,
    3877545,
    3878529,
    3878553,
    3885193,
    3885201,
    3885209,
    3885601
  ],
  "diskstats.sda.write_ticks": [
    1432435,
    1432435,
    1432914,
    1433554,
    1434742,
    1435102,
    1435102,
    1437268,
    1437268,
    1437269,
    1437322
  ],
  "diskstats.sda.in_flight": [
    0,
    0,
    0,
    0,
    1,
    0,
    0,
    0,
    0,
    0,
    0
  ],
  "diskstats.sda.io_ticks": [
    142194,
    142194,
    142649,
    142750,
    143337,
    143572,
    143572,
    143647,
    143647,
    143648,
    143701
  ],
  "diskstats.sda.time_in_queue": [
    1768510,
    1768510,
    1768989,
    1769629,
    1770820,
    1771175,
    1771175,
    1773341,
    1773341,
    1773342,
    1773395
  ],
  "diskstats.sda1.read_ios": [
    21,
    21,
    21,
    21,
    21,
    21,
    21,
    21,
    21,
    21,
    21
  ],
  "diskstats.sda1.read_sectors": [
    1128,
    1128,
    1128,
    1128,
    1128,
    1128,
    1128,
    1128,
    1128,
    1128,
    1128
  ],
  "diskstats.sda1.read_ticks": [
    158,
    158,
    158,
    158,
    158,
    158,
    158,
    158,
    158,
    158,
    158
  ],
  "diskstats.sda1.io_ticks": [
    158,
    158,
    158,
    158,
    158,
    158,
    158,
    158,
    158,
    158,
    158
  ],
  "diskstats.sda1.time_in_queue": [
    158,
    158,
    158,
    158,
    158,
    158,
    158,
    158,
    158,
    158,
    158
  ],
  "diskstats.sda2.read_ios": [
    7451,
    7451,
    7451,
    7451,
    7451,
    7451,
    7451,
    7451,
    7451,
    7451,
    7451
  ],
  "diskstats.sda2.read_merges": [
    99,
    99,
    99,
    99,
    99,
    99,
    99,
    99,
    99,
    99,
    99
  ],
  "diskstats.sda2.read_sectors": [
    471394,
    471394,
    471394,
    471394,
    471394,
    471394,
    471394,
    471394,
    471394,
    471394,
    471394
  ],
  "diskstats.sda2.read_ticks": [
    36421,
    36421,
    36421,
    36421,
    36421,
    36421,
    36421,
    36421,
    36421,
    36421,
    36421
  ],
  "diskstats.sda2.write_ios": [
    3411,
    3411,
    3436,
    3436,
    3436,
    3438,
    3438,
    3448,
    3448,
    3448,
    3450
  ],
  "diskstats.sda2.write_merges": [
    9179,
    9179,
    9183,
    9183,
    9183,
    9246,
    9246,
    9257,
    9257,
    9257,
    9274
  ],
  "diskstats.sda2.write_sectors": [
    3362384,
    3362384,
    3362616,
    3362616,
    3362616,
    3363136,
    3363136,
    3363456,
    3363456,
    3363456,
    3363608
  ],
  "diskstats.sda2.write_ticks": [
    740233,
    740233,
    740248,
    740248,
    740248,
    740284,
    740284,
    740828,
    740828,
    740828,
    740860
  ],
  "diskstats.sda2.io_ticks": [
    40785,
    40785,
    40786,
    40786,
    40786,
    40822,
    40822,
    40877,
    40877,
    40877,
    40909
  ],
  "diskstats.sda2.time_in_queue": [
    776732,
    776732,
    776747,
    776747,
    776747,
    776783,
    776783,
    777327,
    777327,
    777327,
    777359
  ],
  "diskstats.sda3.read_ios": [
    32,
    32,
    32,
    32,
    32,
    32,
    32,
    32,
    32,
    32,
    32
  ],
  "diskstats.sda3.read_sectors": [
    3840,
    3840,
    3840,
    3840,
    3840,
    3840,
    3840,
    3840,
    3840,
    3840,
    3840
  ],
  "diskstats.sda3.read_ticks": [
    98,
    98,
    98,
    98,
    98,
    98,
    98,
    98,
    98,
    98,
    98
  ],
  "diskstats.sda3.io_ticks": [
    92,
    92,
    92,
    92,
    92,
    92,
    92,
    92,
    92,
    92,
    92
  ],
  "diskstats.sda3.time_in_queue": [
    96,
    96,
    96,
    96,
    96,
    96,
    96,
    96,
    96,
    96,
    96
  ],
  "diskstats.sda4.read_ios": [
    48,
    48,
    48,
    48,
    48,
    48,
    48,
    48,
    48,
    48,
    48
  ],
  "diskstats.sda4.read_sectors": [
    2596,
    2596,
    2596,
    2596,
    2596,
    2596,
    2596,
    2596,
    2596,
    2596,
    2596
  ],
  "diskstats.sda4.read_ticks": [
    318,
    318,
    318,
    318,
    318,
    318,
    318,
    318,
    318,
    318,
    318
  ],
  "diskstats.sda4.write_ios": [
    1,
    1,
    1,
    1,
    1,
    1,
    1,
    1,
    1,
    1,
    1
  ],
  "diskstats.sda4.write_sectors": [
    1,
    1,
    1,
    1,
    1,
    1,
    1,
    1,
    1,
    1,
    1
  ],
  "diskstats.sda4.write_ticks": [
    563,
    563,
    563,
    563,
    563,
    563,
    563,
    563,
    563,
    563,
    563
  ],
  "diskstats.sda4.io_ticks": [
    693,
    693,
    693,
    693,
    693,
    693,
    693,
    693,
    693,
    693,
    693
  ],
  "diskstats.sda4.time_in_queue": [
    881,
    881,
    881,
    881,
    881,
    881,
    881,
    881,
    881,
    881,
    881
  ],
  "diskstats.sda5.read_ios": [
    5564,
    5564,
    5564,
    5564,
    5564,
    5564,
    5564,
    5564,
    5564,
    5564,
    5564
  ],
  "diskstats.sda5.read_merges": [
    39,
    39,
    39,
    39,
    39,
    39,
    39,
    39,
    39,
    39,
    39
  ],
  "diskstats.sda5.read_sectors": [
    456442,
    456442,
    456442,
    456442,
    456442,
    456442,
    456442,
    456442,
    456442,
    456442,
    456442
  ],
  "diskstats.sda5.read_ticks": [
    106286,
    106286,
    106286,
    106286,
    106286,
    106286,
    106286,
    106286,
    106286,
    106286,
    106286
  ],
  "diskstats.sda5.write_ios": [
    183,
    183,
    183,
    183,
    183,
    183,
    183,
    183,
    183,
    183,
    183
  ],
  "diskstats.sda5.write_merges": [
    401,
    401,
    401,
    401,
    401,
    401,
    401,
    401,
    401,
    401,
    401
  ],
  "diskstats.sda5.write_sectors": [
    16224,
    16224,
    16224,
    16224,
    16224,
    16224,
    16224,
    16224,
    16224,
    16224,
    16224
  ],
  "diskstats.sda5.write_ticks": [
    55058,
    55058,
    55058,
    55058,
    55058,
    55058,
    55058,
    55058,
    55058,
    55058,
    55058
  ],
  "diskstats.sda5.io_ticks": [
    44691,
    44691,
    44691,
    44691,
    44691,
    44691,
    44691,
    44691,
    44691,
    44691,
    44691
  ],
  "diskstats.sda5.time_in_queue": [
    161387,
    161387,
    161387,
    161387,
    161387,
    161387,
    161387,
    161387,
    161387,
    161387,
    161387
  ],
  "diskstats.sda6.read_ios": [
    7421,
    7421,
    7421,
    7421,
    7421,
    7421,
    7421,
    7421,
    7421,
    7421,
    7421
  ],
  "diskstats.sda6.read_merges": [
    371,
    371,
    371,
    371,
    371,
    371,
    371,
    371,
    371,
    371,
    371
  ],