{
  "meminfo.time": [
    1480932044.8320565,
    1480932045.8362932,
    1480932046.8440955,
    1480932047.8555834,
    1480932048.894757,
    1480932049.9059734,
    1480932050.9111814,
    1480932051.9150023,
    1480932052.9228823,
    1480932053.9286997,
    1480932054.936227
  ],
  "meminfo.MemTotal": [
    8091280,
    8091280,
    8091280,
    8091280,
    8091280,
    8091280,
    8091280,
    8091280,
    8091280,
    8091280,
    8091280
  ],
  "meminfo.MemFree": [
    5976964,
    5971936,
    5936180,
    5875364,
    5894600,
    5882428,
    5880988,
    5881808,
    5882220,
    5882592,
    5881924
  ],
  "meminfo.MemAvailable": [
    7463900,
    7459052,
    7426028,
    7376104,
    7406040,
    7394228,
    7392788,
    7393612,
    7394028,
    7394400,
    7393732
  ],
  "meminfo.Buffers": [
    30792,
    30796,
    30860,
    30860,
    30940,
    30984,
    30984,
    30984,
    30984,
    30984,
    31000
  ],
  "meminfo.Cached": [
    1607772,
    1607724,
    1620288,
    1630552,
    1646504,
    1654848,
    1655072,
    1655072,
    1655072,
    1655072,
    1655060
  ],
  "meminfo.Active": [
    1312348,
    1316412,
    1337232,
    1390676,
    1361508,
    1365620,
    1365720,
    1364300,
    1363932,
    1363896,
    1364180
  ],
  "meminfo.Inactive": [
    639852,
    639772,
    651568,
    659520,
    667732,
    675884,
    675956,
    675956,
    675956,
    675956,
    675956
  ],
  "meminfo.Active(anon)": [
    321724,
    325532,
    345972,
    396652,
    359876,
    363400,
    363488,
    362068,
    361700,
    361664,
    361948
  ],
  "meminfo.Inactive(anon)": [
    105284,
    105284,
    114756,
    114904,
    120292,
    128724,
    128796,
    128796,
    128796,
    128796,
    128796
  ],
  "meminfo.Active(file)": [
    990624,
    990880,
    991260,
    994024,
    1001632,
    1002220,
    1002232,
    1002232,
    1002232,
    1002232,
    1002232
  ],
  "meminfo.Inactive(file)": [
    534568,
    534488,
    536812,
    544616,
    547440,
    547160,
    547160,
    547160,
    547160,
    547160,
    547160
  ],
  "meminfo.Dirty": [
    176,
    328,
    3156,
    3172,
    3180,
    3624,
    3648,
    260,
    264,
    264,
    264
  ],
  "meminfo.AnonPages": [
    313816,
    317696,
    338236,
    388700,
    352032,
    355552,
    355644,
    354224,
    353816,
    353836,
    353936
  ],
  "meminfo.Mapped": [
    342204,
    343684,
    363740,
    376912,
    372332,
    374204,
    374180,
    374200,
    374180,
    374180,
    374204
  ],
  "meminfo.Shmem": [
    113168,
    113168,
    122868,
    122788,
    128132,
    136468,
    136680,
    136680,
    136680,
    136680,
    136680
  ],
  "meminfo.Slab": [
    110064,
    110256,
    110836,
    111304,
    111608,
    111756,
    111660,
    111704,
    111724,
    111728,
    111732
  ],
  "meminfo.SReclaimable": [
    76352,
    76360,
    76412,
    76748,
    77016,
    77068,
    77056,
    77060,
    77064,
    77064,
    77064
  ],
  "meminfo.SUnreclaim": [
    33712,
    33896,
    34424,
    34556,
    34592,
    34688,
    34604,
    34644,
    34660,
    34664,
    34668
  ],
  "meminfo.KernelStack": [
    11632,
    12240,
    12784,
    12960,
    12912,
    13328,
    13328,
    13328,
    13328,
    13328,
    13328
  ],
  "meminfo.PageTables": [
    15152,
    15680,
    16548,
    16892,
    17040,
    17244,
    17232,
    17244,
    17236,
    17228,
    17232
  ],
  "meminfo.CommitLimit": [
    4045640,
    4045640,
    4045640,
    4045640,
    4045640,
    4045640,
    4045640,
    4045640,
    4045640,
    4045640,
    4045640
  ],
  "meminfo.Committed_AS": [
    38062828,
    38081564,
    39637884,
    42037876,
    40947400,
    40940744,
    40957944,
    40947432,
    40945908,
    40945716,
    40947252
  ],
  "meminfo.VmallocTotal": [
    34359738367,
    34359738367,
    34359738367,
    34359738367,
    34359738367,
    34359738367,
    34359738367,
    34359738367,
    34359738367,
    34359738367,
    34359738367
  ],
  "meminfo.DirectMap4k": [
    32940,
    32940,
    32940,
    32940,
    32940,
    32940,
    32940,
    32940,
    32940,
    32940,
    32940
  ],
  "meminfo.DirectMap2M": [
    1974272,
    1974272,
    1974272,
    1974272,
    1974272,
    1974272,
    1974272,
    1974272,
    1974272,
    1974272,
    1974272
  ],
  "meminfo.DirectMap1G": [
    7340032,
    7340032,
    7340032,
    7340032,
    7340032,
    7340032,
    7340032,
    7340032,
    7340032,
    7340032,
    7340032
  ]
}