{
  "proc-vmstat.time": [
    1480932044.825379,
    1480932045.8294086,
    1480932046.8363805,
    1480932047.8454838,
    1480932048.8975852,
    1480932049.90493,
    1480932050.910181,
    1480932051.9143298,
    1480932052.921879,
    1480932053.9293842,
    1480932054.9380753
  ],
  "proc-vmstat.nr_free_pages": [
    1494592,
    1493050,
    1484070,
    1468983,
    1473650,
    1470607,
    1470249,
    1470452,
    1470555,
    1470605,
    1470481
  ],
  "proc-vmstat.nr_alloc_batch": [
    533,
    499,
    157,
    107,
    319,
    237,
    409,
    495,
    667,
    482,
    237
  ],
  "proc-vmstat.nr_inactive_anon": [
    26321,
    26321,
    28689,
    28726,
    30073,
    32181,
    32199,
    32199,
    32199,
    32199,
    32199
  ],
  "proc-vmstat.nr_active_anon": [
    80345,
    81254,
    86456,
    99083,
    89926,
    90850,
    91001,
    90517,
    90425,
    90416,
    90487
  ],
  "proc-vmstat.nr_inactive_file": [
    133642,
    133622,
    134203,
    136154,
    136860,
    136790,
    136790,
    136790,
    136790,
    136790,
    136790
  ],
  "proc-vmstat.nr_active_file": [
    247656,
    247720,
    247815,
    248506,
    250408,
    250555,
    250558,
    250558,
    250558,
    250558,
    250558
  ],
  "proc-vmstat.nr_anon_pages": [
    78331,
    79252,
    84485,
    97095,
    88051,
    88888,
    89040,
    88556,
    88454,
    88459,
    88484
  ],
  "proc-vmstat.nr_mapped": [
    85496,
    85692,
    90871,
    94228,
    93083,
    93551,
    93847,
    93550,
    93545,
    93545,
    93551
  ],
  "proc-vmstat.nr_file_pages": [
    409641,
    409630,
    412787,
    415353,
    419361,
    421458,
    421514,
    421514,
    421514,
    421514,
    421515
  ],
  "proc-vmstat.nr_dirty": [
    44,
    82,
    789,
    793,
    795,
    906,
    912,
    65,
    66,
    66,
    66
  ],
  "proc-vmstat.nr_slab_reclaimable": [
    19088,
    19090,
    19103,
    19187,
    19254,
    19267,
    19264,
    19265,
    19266,
    19266,
    19266
  ],
  "proc-vmstat.nr_slab_unreclaimable": [
    8428,
    8474,
    8606,
    8639,
    8648,
    8672,
    8651,
    8661,
    8665,
    8666,
    8667
  ],
  "proc-vmstat.nr_page_table_pages": [
    3733,
    3920,
    4137,
    4223,
    4260,
    4311,
    4308,
    4311,
    4309,
    4307,
    4308
  ],
  "proc-vmstat.nr_kernel_stack": [
    727,
    765,
    799,
    810,
    807,
    833,
    833,
    833,
    833,
    833,
    833
  ],
  "proc-vmstat.nr_shmem": [
    28292,
    28292,
    30717,
    30697,
    32033,
    34117,
    34170,
    34170,
    34170,
    34170,
    34170
  ],
  "proc-vmstat.nr_dirtied": [
    478300,
    478342,
    479103,
    481693,
    484300,
    484448,
    484455,
    484461,
    484463,
    484464,
    484465
  ],
  "proc-vmstat.nr_written": [
    469513,
    469515,
    469569,
    472155,
    474760,
    474794,
    474795,
    475648,
    475649,
    475650,
    475651
  ],
  "proc-vmstat.nr_dirty_threshold": [
    371271,
    370972,
    369311,
    366822,
    368277,
    367684,
    367613,
    367653,
    367674,
    367684,
    367659
  ],
  "proc-vmstat.nr_dirty_background_threshold": [
    92817,
    92743,
    92327,
    91705,
    92069,
    91921,
    91903,
    91913,
    91918,
    91921,
    91914
  ],
  "proc-vmstat.pgpgin": [
    815258,
    815258,
    815258,
    815258,
    815258,
    815258,
    815258,
    815258,
    815258,
    815258,
    815258
  ],
  "proc-vmstat.pgpgout": [
    1916808,
    1916812,
    1917448,
    1927744,
    1938760,
    1939264,
    1939272,
    1942596,
    1942600,
    1942604,
    1942800
  ],
  "proc-vmstat.pgalloc_dma32": [
    925715,
    929837,
    935818,
    942903,
    948207,
    950194,
    950742,
    951270,
    951819,
    952306,
    952779
  ],
  "proc-vmstat.pgalloc_normal": [
    1849995,
    1858161,
    1870389,
    1885007,
    1895643,
    1899725,
    1900687,
    1901716,
    1902637,
    1903808,
    1905137
  ],
  "proc-vmstat.pgfree": [
    4270941,
    4281804,
    4291027,
    4297332,
    4318079,
    4321187,
    4322485,
    4324541,
    4326139,
    4327795,
    4329567
  ],
  "proc-vmstat.pgactivate": [
    303912,
    303961,
    304039,
    304052,
    306052,
    306057,
    306059,
    306060,
    306061,
    306062,
    306063
  ],
  "proc-vmstat.pgfault": [
    3221575,
    3236572,
    3273118,
    3293383,
    3316760,
    3342794,
    3344981,
    3347130,
    3349136,
    3351520,
    3358951
  ],
  "proc-vmstat.pgmajfault": [
    5141,
    5141,
    5141,
    5141,
    5141,
    5141,
    5141,
    5141,
    5141,
    5141,
    5141
  ],
  "proc-vmstat.pageoutrun": [
    1,
    1,
    1,
    1,
    1,
    1,
    1,
    1,
    1,
    1,
    1
  ],
  "proc-vmstat.pgrotated": [
    4,
    4,
    4,
    4,
    4,
    4,
    4,
    4,
    4,
    4,
    4
  ]
}